artifact,bytes,sha256
"PUBLIC_PACKAGE_README.md",833,ec0ebbbede41ecb4670ea93f233a4c8d6607f9702be2dc7be161310fd149fbe0
"README.md",637,d6b30f9260c5d5f0dc5af7ab514e86e02ce036bbf55c36c471eacb593edde0a7
"assets/app.js",4141,e13975d523b261298ebd771fc044e6b9295835bcccd61cdaea98aefc3096a8f2
"assets/cells/c_020_74.jsonz",1644,d367d3fa5bd12f461ba931b13fd80ad82487004b61c40e76597776385684c764
"assets/cells/c_020_75.jsonz",554,b6f64fc6afe27983636ff0ee2645f7e997dda883f3094b6d7a4619969fe0f5d7
"assets/cells/c_021_74.jsonz",6149,ed6de2f980da46e61e365c4d6cd1031e4d04cf9d8906b325f26c26ef624eb9d5
"assets/cells/c_021_75.jsonz",688,85fa99fa6d746074174c94fdb3bce8420a5b490b00f1433ecb18d7292b8eb10f
"assets/cells/c_022_74.jsonz",5241,07849c2008e9b2f753e62076f3c5501e7f204a397e6eb565f3a19ea1f79c5c49
"assets/cells/c_022_75.jsonz",663,ef08e0c5cc839c434c27d46e41a5fd296a44bdaeb1f5c69dd426b89109500017
"assets/cells/c_023_73.jsonz",2688,b900913109bf83334b2faaf6b0cec656be04b1618edf4aed9ff299a7761b04ce
"assets/cells/c_023_74.jsonz",12601,a590377152e362a256f620eaef21d35b47012bc1890f2e555d304e76faa21393
"assets/cells/c_023_75.jsonz",627,dd7b1d26d33266e8313288eefe8f34b3dc78cbe263e6ce68a5d1a4eb395e9af8
"assets/cells/c_024_73.jsonz",12112,cf7970ebe8b4c8de5664fffbbde413317b8abb3bce9e70ef43e2903bef93aba1
"assets/cells/c_024_74.jsonz",13682,6d40a9ca504ea3ef91f1bc0301decd23defca9b17b2c6fd01e1ad4312cc03991
"assets/cells/c_024_75.jsonz",689,f4740ff5c7587102c403f04b7d725fd31190a64102f14cff0b5f1a1a4abbe86c
"assets/cells/c_025_71.jsonz",1580,bcff97721283632482b2477506b0a5f1a2ea1221ca6486f00b7f8c1b2bc660cc
"assets/cells/c_025_72.jsonz",7200,d8c391a929f30657478e16ce788813e01d74484d1b3c809bd7a81d01ec9208e0
"assets/cells/c_025_73.jsonz",14404,5da8566ce8542872eb54f4de7ca89ca0ea570b6453233ff1e9e9f43e4546ab1c
"assets/cells/c_025_74.jsonz",13771,aa5969d01f81f0d0bce657d6554315324ae775797c94efe7d1b86a83ba66527c
"assets/cells/c_025_75.jsonz",625,c82c8dd9c6ed19b322b35514fbd718e5ddd8eb4f81e32ff6c45b7f76fe142174
"assets/cells/c_026_70.jsonz",1854,c98f2eb8892e5e99481f5a0ca9cfb3a9f43b5c38a61faebc1702282375743331
"assets/cells/c_026_71.jsonz",12028,2db07f782bc657cf10b328de7c6c316bd0c9753947f48a0e95442eaf7b0f887d
"assets/cells/c_026_72.jsonz",14857,ab757063f3325c54d0d306b107464aa16f8b25c5d0c644d1f5bc71a9c71d8091
"assets/cells/c_026_73.jsonz",13877,28034adec58140f5f563e80107e89aa35afc088809df1e88820c32b01ccab3f7
"assets/cells/c_026_74.jsonz",13348,07e9bbaa3cd89cceb4551807fb3b21b22dd4afaf3cd17daedd440c576dbd93bf
"assets/cells/c_026_75.jsonz",709,7e3e6db5198f225b4fed10a9364060eb9fe4ebf18444058080faf50e6e9957e7
"assets/cells/c_027_65.jsonz",1244,842e8228a03b3d416cd9c527409ff006faafb3ae2afcdc5a600162a27b6d266b
"assets/cells/c_027_66.jsonz",4571,eb09e632cd5b2d2d8b7f3dcd1cef331b0a9847d067b054c380dde598b625057c
"assets/cells/c_027_67.jsonz",974,77ba3ec09a8ebebc95f95b033c9780fe8dcf860f0a618bc4f840c789a4f8e23f
"assets/cells/c_027_68.jsonz",1119,78c404d1d471cd14ba9494535687701cb62b65ada6d5433cf9bc0e06ce3d8d4a
"assets/cells/c_027_70.jsonz",9855,4e6e9fcf71f7a700c8ca2abae907df4807209e9b9ef5a8cf901e5a0fed324635
"assets/cells/c_027_71.jsonz",16632,1f0a031efc946fb764dac8abf4e2f83d0f765d24e77556dc902d7f57740dab87
"assets/cells/c_027_72.jsonz",15608,7af371783642ece43bd6b7028e5803a7eeb62937b1bdd22fd9ba33706b53ff5b
"assets/cells/c_027_73.jsonz",14172,8100b78df66f2aafd94f49fce3ccf225d55d56809f7eabde8dc55089721fb157
"assets/cells/c_027_74.jsonz",13560,1afd009881fd61cf722ae65cbaacc361f3fb827a3071bf6ed0d1a566d85c52af
"assets/cells/c_027_75.jsonz",661,d98daeaaa4ef281c941f6ebcde119b1f24a5db437d51afdd9775c7b035345905
"assets/cells/c_028_65.jsonz",2876,aab7ba1904209745a763c2131468a61f29d9f71a3533ea5d81ea1070641e30d5
"assets/cells/c_028_66.jsonz",18332,ed08ad7b9d53007f4eed0b382746c44b12aa97a558188fbc0e07d7e7df0bc64c
"assets/cells/c_028_67.jsonz",18804,7904d326ca53e3277e7841ed4bd559aa8c848778148c657cdf653bd2eb038131
"assets/cells/c_028_68.jsonz",8154,f16ce36cad80e8ca52141e1b94eddc7144bc7875d3b58ebf39cdb51317d50c72
"assets/cells/c_028_69.jsonz",4379,2db09d239a311344028aeb92caa314b15668620a0b09378917dc4774294899b6
"assets/cells/c_028_70.jsonz",13145,21d9a9a1ed3edbb87fa29aa23f411ae35157707694dd8e3657c217ffea52d0ee
"assets/cells/c_028_71.jsonz",16586,50b378507f0df56170e1dd511e0258d8a65045fb9eb6a6c9d95b923b9d2ec7c4
"assets/cells/c_028_72.jsonz",15603,544e3374f9ec89c5f0757c9697cebd6bf30e67bc23c034748b90eeb8dad681f9
"assets/cells/c_028_73.jsonz",14093,a4e58232262cad3b252eb214cb12a3bdab46bf809e1e41f5df1ff36ca8681526
"assets/cells/c_028_74.jsonz",5285,e96518fefc805d152f31cf6f16ddbf24b56144d5af223cef6042068458234c2a
"assets/cells/c_028_75.jsonz",420,1b5fa46b4074269e767009d7eaf2c8abc2c3d28c4ec52308c9d16dc5259445b7
"assets/cells/c_029_66.jsonz",7075,62fcae1aa4fedfc865a7f7916f910762f1f713cc7f3d727e9db7d2dc41d12ca9
"assets/cells/c_029_67.jsonz",16820,52d52f29c4472c00cb7f4192e4b1a82930252935fec31e9624bed0e9e6d8942d
"assets/cells/c_029_68.jsonz",15994,b2e472155cacc71016b4fcd8dfa83c53db3b0ac7ea89107bf4e3097cea038ba8
"assets/cells/c_029_69.jsonz",17911,55430d68d1d2ca9b6f5578ea5496fc4191624877801307c4684351cbe311f0d2
"assets/cells/c_029_70.jsonz",12557,358ba12911a79b46b2d957161c904adb082cf98441b74d5fc00ac7022186787a
"assets/cells/c_029_71.jsonz",16673,d8ccbd1b98d4c99f5f393a3f73c3c7befd788de2510f6a434e67601324389070
"assets/cells/c_029_72.jsonz",15642,a6721fb35937312ef4c979de88bb95b8791e56d0310812c831f57b0cf6f68e41
"assets/cells/c_029_73.jsonz",14238,b0b450a61270bcd1eabf6219ba632c297376b0cfec7d005333a81f7cdc75c682
"assets/cells/c_029_74.jsonz",3361,0840e1dddcf1021c711c3e3454d8f5cec8db5b1cdfbe552f1815a65841588fd9
"assets/cells/c_030_66.jsonz",6275,fe8fb2dc701eb47761e64b66433bb3109908668917bcf8059e3823f6d1472ebb
"assets/cells/c_030_67.jsonz",19220,934e234d5cf818f767157d1acf633c8731d8fd48e6691ec1092cf29b628bfd70
"assets/cells/c_030_68.jsonz",18397,7ba0a8e108e2e65f61fcc68f8ead4d0f48f4c6b55320132604c8613735aba10d
"assets/cells/c_030_69.jsonz",18437,da3bab415cdf8697dba3063b03abb86a265d59cd0b92409f927d0354979bbfd9
"assets/cells/c_030_70.jsonz",16966,14f1188ae015486933192586dd09a9b82a7e0968d8d8d21d8a082ce025763b4b
"assets/cells/c_030_71.jsonz",16526,8f39e0779d53205b68c5999471a406d3a3e65f77708f20cf241d53c99064b287
"assets/cells/c_030_72.jsonz",15698,63824aba3fd42fa6f1530caaa5db39417a380545ad69ed0c594c779f87736e45
"assets/cells/c_030_73.jsonz",14373,a28977396e317a9a09520a7a812677b3bf28df21aabaff509b5470b6683aaaa4
"assets/cells/c_030_74.jsonz",6110,d97a0f3732f3c2b99a431a65120fc434ced5139a3e087bfd2b63040e8bf29697
"assets/cells/c_031_66.jsonz",15224,f9bf53e27bec75c16ef0c3b2afa8cb769bb14c5fe5f524aebbacfc819b1e1a0b
"assets/cells/c_031_67.jsonz",19392,f3ead0a8cb83b729c942eae75b51d516561574173f8f94a3477a4381cb676e91
"assets/cells/c_031_68.jsonz",18917,ddf201ffe2edd071a46845bd5efaa468f2f4b9862cb196b4dcbc3f7e7ad94968
"assets/cells/c_031_69.jsonz",18863,499458cb4f9fe57ad6ee56568c03a73f10a2c9a343360e92404c1c3b5e6ea393
"assets/cells/c_031_70.jsonz",17349,9c37e77f8142fa4a04cc948bca7061690b910ba85330ef5047b642557f3bfabe
"assets/cells/c_031_71.jsonz",16508,4ad35087ab724a7b279e58edcb01c4f5306dc13ee96ea45e9b22cdc8cf6f2276
"assets/cells/c_031_72.jsonz",15737,18a55004e5e05696791fb66d0b3f9e3203b08a2b47e090d223564d656c794cea
"assets/cells/c_031_73.jsonz",14794,24b94705412788d9025274fb7d1840345ea6a6ca8b0cd030e8f26daafba98dae
"assets/cells/c_031_74.jsonz",8708,05cfb46fc994d7d1976d5651636d58ff88b53404955069769c93845eacc9d5da
"assets/cells/c_032_66.jsonz",17173,1c4890180788e522a2a034902dd924f87efa8a3503e13c4d16cb46ff6b57236c
"assets/cells/c_032_67.jsonz",19110,fcd99ce91bf5a9063830e37b56094d4841643d738434db232f01cb5e887501ef
"assets/cells/c_032_68.jsonz",18465,472f33418f2795b78873022055016014d1d279911968524647fe268e631840c4
"assets/cells/c_032_69.jsonz",18963,4bdd960e43a003da275ab4c96fa373765384f5007fc68631ff784a05e7017141
"assets/cells/c_032_70.jsonz",17513,21f19b685ecd615a33319dcfbc558d7a10fe3c054b779bde695a8048afdc5121
"assets/cells/c_032_71.jsonz",16480,a8397cb41f5d651f84d5dfd746e10715e3e9dec4f20ff62e4364d31968084d78
"assets/cells/c_032_72.jsonz",15738,7c11f7518055e4c2c10f6acde20da37890078d8c66deedbb806047765c866608
"assets/cells/c_032_73.jsonz",14691,2f8f208f2b85f764526f168942ba7c86651942a8669a401eb818cc4d91172f3e
"assets/cells/c_032_74.jsonz",9075,0289610c02e63a86863aa83a0e41f0123274f028eb9862a7d6289dfb750ddf0e
"assets/cells/c_033_60.jsonz",2273,c88d52665adc0a9a3778a8ba474782738131168f939f9a1c93bc8a51e8d1da62
"assets/cells/c_033_61.jsonz",14175,a4c08ab953894f6c183a99aa8b91c79df1e8e4b0c4a8c54a92985bfb64bc0932
"assets/cells/c_033_62.jsonz",17652,8165e0bb77d0c4fbdd741734b21c50ee9fc29d0609d9b5acb42650dc8794842a
"assets/cells/c_033_63.jsonz",6271,b484eec662bb62c8116e4a30b2b4eb791b64baf9e31f7ae63b5e7e4ff0ab6b7c
"assets/cells/c_033_65.jsonz",3372,0bdb7a29101ebb523c84f84a61d2b0a8cd272a09ae4d08eef1263510c28a1b30
"assets/cells/c_033_66.jsonz",18551,0bf832d380d169d15f1de74055d543c3db14999d1913a0d94e959ea228a50111
"assets/cells/c_033_67.jsonz",19004,f73da141ef78d899935d4c80c3106ea4ddac948e6c67831e13acefdfd4b95f80
"assets/cells/c_033_68.jsonz",18850,b2eabc0c68a6d2a88014d296972d4a0844025d7d188801fc54f877829c84eee1
"assets/cells/c_033_69.jsonz",18870,4c4130a852325612bc657ee7a29664f6b3d800e7b9dbd1701f749ab0f5b6eef2
"assets/cells/c_033_70.jsonz",17346,b6fa9c30f28281c03ddc767d82ba15a55ab87089d33aeea72b4bdc777c45dae8
"assets/cells/c_033_71.jsonz",16554,0e76010d44d67d10de1dc2b9725bfbaff586728488c1fa62acc13449735932e5
"assets/cells/c_033_72.jsonz",15781,49a669cc6dcd6ab213d692f7ba447a8b8fcccc1138b23656fe5548ac6d90c6b8
"assets/cells/c_033_73.jsonz",14880,545e0d5d1a78c37bf0e997e1e98fccf1c52472d58a644de5cec64c9420cd07ff
"assets/cells/c_033_74.jsonz",8250,6a4f537bc82c1c6fe8be4930f6b828e68b0d4fcd95dc225659ccf39e003cae49
"assets/cells/c_034_60.jsonz",8686,340bc0489405756092a356d6c59f47a3a46cdac60492e038078164195477214b
"assets/cells/c_034_61.jsonz",23444,6c1b27f2d657012daa01667ecaedd775574fc06973d6f85205fb3071f5731ce4
"assets/cells/c_034_62.jsonz",22080,b3aa59476ca6897f59596d18a6fe6f5463a7abe76c981d9fd159e44727453a44
"assets/cells/c_034_63.jsonz",6191,08b66b3fe9471dac80fc38865e792cff4ef0073cd827d9319ed31ac34452f12c
"assets/cells/c_034_64.jsonz",1483,18d70ff49dafd8f7a3a1aa548e5f2489add5fe926275df5209dbaf5142d3736b
"assets/cells/c_034_65.jsonz",20093,9651966f33ddd0cd1f3afa1391471b36cc7ac9a09363531959ad508e33f78874
"assets/cells/c_034_66.jsonz",19742,fad814eb36c5f93e6973eb8a3a6fe8b88a129ec933b3d3949e3faff37d8e7553
"assets/cells/c_034_67.jsonz",19036,9966ed51b06238cc9748a9f7621fc69a4a0e8cf7c1993da77866473647c1d648
"assets/cells/c_034_68.jsonz",18225,8ee4f39a927d4536131e2320b8b8a7c5f0b2863896bb06242981209ff5e72a62
"assets/cells/c_034_69.jsonz",18510,e4a2338503cb79ad4fb58ba8cbc5e47c4ab01ebf4ec5d82f55ca44c1ffbbab98
"assets/cells/c_034_70.jsonz",17272,322c7e55154ee741c614758f5b97f538eecc96f22ef1f0153cd411373fcc1e00
"assets/cells/c_034_71.jsonz",16773,7eb0aff66ca2c8f736550d90f61a696e1521d531a3296886df4f3159dfa23ebe
"assets/cells/c_034_72.jsonz",15753,b369f5b8c2acac9060286ca60cec82321781d02f788bff22c08ad09108cec3a0
"assets/cells/c_034_73.jsonz",14972,4833d0d7ea77448c959bc4f7351ffae7542cc7d142104939d743e5fef45cf2f8
"assets/cells/c_034_74.jsonz",11001,ca53e3002931286a73c560e68aaec8356315f9e004cd8d22cc4143459c59cc91
"assets/cells/c_035_60.jsonz",8065,6ffd74388e0d52e56aae4a118adff7059f7552633e60a42ac0ea845aae277eab
"assets/cells/c_035_61.jsonz",22635,d4baad0d50913ab4380678b5aa1b708fbc4b32dbacb90f03ac081cb3b6f91c71
"assets/cells/c_035_62.jsonz",14807,06f45b3d6c582592690c7ad3841b023351ca390be5ce67cacd314c0b732b22ac
"assets/cells/c_035_64.jsonz",4780,f376004cac51916a6c3f63b6b5cbd40815159c8c6ce1087606d8d26365e76728
"assets/cells/c_035_65.jsonz",19761,693f29805b77898b221b79ebf05d84c043eb42a2e2ae545c3b6b228c262e0e61
"assets/cells/c_035_66.jsonz",19345,e5356ef9311dc7b31888e0d1d6e0b4d649d6ae78f735c7eaf3aaee59fe470a5a
"assets/cells/c_035_67.jsonz",19025,1b72b56b3b5aac0a6bd2bb089a7daab21f2d74b3ab17ddcbfbb55e2a617dd0ab
"assets/cells/c_035_68.jsonz",18437,ecee3a1484ca0dcb1fdbd1abf8b230a25ae0cfac37f9fd89614cc603cb224ba9
"assets/cells/c_035_69.jsonz",19130,3574eb4d186270ce76cb63eec47092394584e206f5b8e47f53060182a5921719
"assets/cells/c_035_70.jsonz",17456,9c6fbda8e7b648ef4ef351e0388fec91e990e31a8d50ef666fc62c6ab373e2fc
"assets/cells/c_035_71.jsonz",16624,26fb342d063284e927e5e68253bb7b920d383025ae35983c4e88bbb31e911ab0
"assets/cells/c_035_72.jsonz",15440,5a7b7ef7250c481fc3da7f7a5219a059d35260a25e731bc62fb2b5f4940e44a9
"assets/cells/c_035_73.jsonz",14708,accadcd833a73bd963d113fd34017424e983ecf754efb0fe924904171eb069a7
"assets/cells/c_035_74.jsonz",13724,9b91d41e5e1fdd34c9efd8fe4186d5db67f1e20bd8822a7bea9615f37ba02242
"assets/cells/c_035_75.jsonz",555,dcaa4d2e14057f5dc1dd4dd683dd89657b98d170a04d0cb9051a58d481545fd8
"assets/cells/c_036_60.jsonz",4162,6b598b61c73b86ded58dbc584fd744ab96147507f5c711052e10ba11f49641d6
"assets/cells/c_036_61.jsonz",22632,af5955bd1944ab9741aa9d9254a1d58ca5300e6d2502080a2ee9e0e4bd77caa1
"assets/cells/c_036_62.jsonz",12312,890938e7c04dd77f42ea2327fed66499cd035dc5bea4d3ca6c6d58f4705fd755
"assets/cells/c_036_63.jsonz",1882,10a3488e5843e2a45242d30a3e5c5d0ece79e52015d1892d944a4d01cbd0aa55
"assets/cells/c_036_64.jsonz",16381,6555f5b9f042f4a7af0b1736e327623a079622171a3e465ada3a1cd0d0b92af4
"assets/cells/c_036_65.jsonz",19968,ad3490dd0f2f8e0b70bd6ca03807aba0aafd58e369af50d9aeedcbafcbb3dbe7
"assets/cells/c_036_66.jsonz",19365,5bde4181dd6b7934636d974da8e4d387ec0758068d01208cab6f109e6ea7a2a6
"assets/cells/c_036_67.jsonz",18697,66c0c9a835dacc8d5f824e31d0f31947bcbfb2e4b2e714ab398ded4800f1547f
"assets/cells/c_036_68.jsonz",18380,aef97e65fd1f305c508e8c6e4d2f11c1c359c8f4ad3064ef3c1c20407f8ecb85
"assets/cells/c_036_69.jsonz",18532,c0b43c73cf2256b2d5d6d6a92adda887cc0b669db09a3a2d474ed51668c62a29
"assets/cells/c_036_70.jsonz",17308,92994f150ffc6bbd40d6ee53de7bc1e43254a39a5b2569a40b622455d90bf56d
"assets/cells/c_036_71.jsonz",16498,8b8da22b34f5d6d1073450fac058dd8ad6591487972327485af6e1f7eab9ded4
"assets/cells/c_036_72.jsonz",15503,c7ecc832e9649da23609ee70bd6042c1ad6824db9b80971e7e0ff2023e6402d5
"assets/cells/c_036_73.jsonz",14594,93740efbee45cc85b6c1217a8a76957a65bfb193b29070f8a5f077b977cdc4fe
"assets/cells/c_036_74.jsonz",13085,fd5428be024aa96d8a6d390d41bafed3d59ddc82b24d01817e6ec1cc3808eebe
"assets/cells/c_037_59.jsonz",2574,3d64f1c6a89fbb29786e0d8e4c5ee4e040ccaaf23a60f37f8589977f6da7ca8b
"assets/cells/c_037_60.jsonz",17287,39dc2c33de83d7883ef4547dcf4b3ed5de802c4274bf9cfafe2988e2ae3a5797
"assets/cells/c_037_61.jsonz",22149,0ee402d9498b4b57ed09b96496d96e522ab0d2e44f140ad9c02270bf00f3f358
"assets/cells/c_037_62.jsonz",21658,08d3b34cc77b4d6c44e9ee46bdba2ffad6e681af8862672cc85589a89fe38f1a
"assets/cells/c_037_63.jsonz",20759,b477fb3d7814db9395db7b14413a3e0a9265fb7e904776edd8cb8affaa43b9c7
"assets/cells/c_037_64.jsonz",20589,27357bd83512a8278357e2eefa09fef2c6ac81a8004a7d5ca4d45fda3a5b7e4b
"assets/cells/c_037_65.jsonz",20029,3318689fd71b4d1eb472f267b18fffd0b440dae6ebdec334972dd433f82f40dc
"assets/cells/c_037_66.jsonz",19176,f7a92ff072edafba171e736b8f6face564092afd96079c9b977abc78d9984711
"assets/cells/c_037_67.jsonz",18506,1558e2b992d885cf590310d036503d1cf5a6c179ace76048b90f12514d7bece6
"assets/cells/c_037_68.jsonz",17820,f117845b472f1c164fc0d92b0c12f5637f887669aee080d8b8dce57cea936d28
"assets/cells/c_037_69.jsonz",18472,8d16d5103974e903b842df6f896fd4a459a5b34846c70ed0ff7df75ae4d4b8f4
"assets/cells/c_037_70.jsonz",17021,4f366043f089ac55d60024ef810f0da1851e6526491943fbd6d79fdb311517a2
"assets/cells/c_037_71.jsonz",16366,f878859cf58a7ebbaf4bb50ad4aa03f0f82c08a93a3370c626cc23169bd9a6e4
"assets/cells/c_037_72.jsonz",15303,59e44e59c10fde746d3ddfb809385ee9b05bc5cf239713a1e21503c45dbb2eef
"assets/cells/c_037_73.jsonz",14559,7ff6f9b5a07a240ebccab81735ad9e3bb173fa3143b59a574193890745fa832d
"assets/cells/c_037_74.jsonz",11598,1f678c65b53f0e4d7d48e816f20aea9824bdf4bb16448eafd05ccfc05cc01447
"assets/cells/c_038_59.jsonz",8209,cd4e0d7cb4345423e6d925812c13f4b5d17bed0f23ba871599ac2622838dd340
"assets/cells/c_038_60.jsonz",22336,c5a6fec4b9aecb4fa9253a1a20b62880b26081d5c9960766fdaaaf9f0232540f
"assets/cells/c_038_61.jsonz",22183,b49394b6b4f369f14384e33ac497dcd215f6ae89e1f8e1e1cc6e3ebc2b512ae2
"assets/cells/c_038_62.jsonz",21816,824a271dbfb2b5fd1dc4f60e67fa07e346995c25e3cb409d0ab14a131bb07908
"assets/cells/c_038_63.jsonz",20737,be4d64ded057891c7f18a39efd4d69607e50b3664d5db369bf2811192df4daf2
"assets/cells/c_038_64.jsonz",20305,a9f021529d6ed187be05089b5ff242938ae4aa4282df9cfba7361ea8a387cdb3
"assets/cells/c_038_65.jsonz",19491,6f3a06ade6d1fdea42a803400d4e848440f5336ba75b7156a328be8b6c94ce21
"assets/cells/c_038_66.jsonz",19280,37041c07de9f0447b2be35efefef3f683a4d565618e306a57499b3bbf1faa301
"assets/cells/c_038_67.jsonz",18556,39feace3f3815bea153e339e4929191f862b985dc9ab739374d92e44f01807d0
"assets/cells/c_038_68.jsonz",17728,bde1ae57723ca672df41930f912d52fef4d845e9345dbc3fa40f42cf0d64a483
"assets/cells/c_038_69.jsonz",18367,4ee555c9ceea72dc9fe6cefb77fe98cf7f8cf2597a2044aa698185faf5072371
"assets/cells/c_038_70.jsonz",16837,957335bab09af7ef6369ff681c508c2f6e47a619cc4e9922fcec295ea7c8a5cf
"assets/cells/c_038_71.jsonz",16134,1530c5aeec04283abebf8bf7d8be9828a870fa658de7ee451f0c46e510237db8
"assets/cells/c_038_72.jsonz",15199,d67056fa6e21b8c569a157b64c6379178698ab28f9cb13ec2ba844db08125774
"assets/cells/c_038_73.jsonz",14473,0f7ecda33aa223d719f43c213c5179efc6d89b7374b74210c1582f5145b37f1d
"assets/cells/c_038_74.jsonz",8281,a7cf8dbcc831be37e402f77054cefc047515fa795584942b8366d4b76897c8f5
"assets/cells/c_039_59.jsonz",10548,bf60a838f81d2fb2f25e25a98a68c0d74867d8c9ba7304342e506d6a05b5e803
"assets/cells/c_039_60.jsonz",22415,b60c70d8c890def7b8b72ee4eb5176f78bb73ed47d54228665d8458aeeaa3556
"assets/cells/c_039_61.jsonz",22083,413d47ebc632dffc56be49c64cf9e4047167226c4787cd9725c17e4afde07c05
"assets/cells/c_039_62.jsonz",21716,777a2b2d5111e761ea6d0b72eb94394b4dfa52f305b43a4393989cb109af48eb
"assets/cells/c_039_63.jsonz",20864,90b7bb311ebe5937f66bb6e0d3aed07c2206fd37025b4bb84f852725e06d4c40
"assets/cells/c_039_64.jsonz",20574,1012354728dd07f0dabe215287d0d1bc3e12454f58def8bd49cf9ba889e7624a
"assets/cells/c_039_65.jsonz",19440,220c50389895dd5f46d7683b2a4abb86aa4842655ca5d1b4856c642099b45fcc
"assets/cells/c_039_66.jsonz",18950,aa73b5dce2f25706ca66dc74d5f76b1e06c34e90d5aed0bb90958536a1e65b8f
"assets/cells/c_039_67.jsonz",18238,0da2291998469fdd89975304daf751ba9b5d8b7bf582ae982b980e8ccd6ecd63
"assets/cells/c_039_68.jsonz",17724,f8f87982273ebd50d7b416ca6e3ff92613270100cc4f2ffeaa508bfc4d797310
"assets/cells/c_039_69.jsonz",18166,4995fb886faf78c1207b8e12a3d561b6de541f9b0e5540a4d42b4d919feac6bd
"assets/cells/c_039_70.jsonz",16826,8374024b52566c488765501b590af4fad465ecfd1be5efef2e2223c46b13643f
"assets/cells/c_039_71.jsonz",15860,c9381f7311f5df31fd71df98bd592e35d10c29982581c473aaef2c253270ab0e
"assets/cells/c_039_72.jsonz",14963,aa69fb718acee64a02ffcf252b5fe09a292f4b47e1bb6c1b40f0078e231a2d3a
"assets/cells/c_039_73.jsonz",14325,ea28264f7eed70a837bd1c58ee59bdc32b5f94850a04592d4608d19642911e5b
"assets/cells/c_039_74.jsonz",2267,3d6a8096354d5df80671f043bfd47edc83f05c8a549532b85a8265ecb37db8b9
"assets/cells/c_040_58.jsonz",16672,a3cc4c7100814e7f634c0af12195cf000f51073309f7620d205f4842cc2c4302
"assets/cells/c_040_59.jsonz",22553,16e011c1d26c5340bfeefbd20b622258b2888660c3f20ee3aa61a69f5af8aa22
"assets/cells/c_040_60.jsonz",22023,7b428753807594785d2d3268af643951e0e859b214962bd6a410f528768d1842
"assets/cells/c_040_61.jsonz",22031,66ca2986f21efdd29f9c6dd69b35187bd67927ea01a7eb76a191fe5da6a7e401
"assets/cells/c_040_62.jsonz",21627,c6ba7364b2134bee73e59d7fd0d070e975ecd13ee162ed0d2f6da6c9b0aa1e67
"assets/cells/c_040_63.jsonz",20812,2f27134c73d848e1c4c85c1d640ea1ff48441d61696a68e3df9f14e0cd4e17d7
"assets/cells/c_040_64.jsonz",20071,c706ef4f2e87b4cc43dcfe4726e2949bd752656818414e1eb6e1913d4a084175
"assets/cells/c_040_65.jsonz",19428,0b14e5cc2e9dccfc3974f52c5ad6939726253d2a909c94633b9eef2946fe7b8b
"assets/cells/c_040_66.jsonz",18590,c05e7ecbeeef4d35921766d8ce52cdc99ec693fc757653b94405cec9fdadb3c5
"assets/cells/c_040_67.jsonz",18015,7e11c05938680ab84e3bc3226007d03f0ef76e65f91c710a5d0748b92b6f9b22
"assets/cells/c_040_68.jsonz",17736,aa488407434a5466f50a71e06f206b09530dcd002ae849b11f3d79cd6f49cfc8
"assets/cells/c_040_69.jsonz",17631,e6c9b7dbbe7a0409fe8993c749b3929d0cdb8d417b8587e8f21c472835a8a4b5
"assets/cells/c_040_70.jsonz",16511,0d7cd4ca988a1062ddc1f7d58aaccf1847a0c910eeada74a773d5dfb93dbfd5f
"assets/cells/c_040_71.jsonz",15480,2e35ed170b4b16f4ac20ed3469b2c710cea7239030ab44daa8618af2f0aa62ea
"assets/cells/c_040_72.jsonz",15166,86b76ee436bd6189ef8170dfed285d00af5c6a2656eed51c1a7e4e61c82f69cc
"assets/cells/c_040_73.jsonz",12696,025641492a32628d7b6d84747e6feb5952129692140d9f1e6530aa6ad50fd5be
"assets/cells/c_040_74.jsonz",398,3d3f8cfdfb5ca1041d84a018e322d23c9a76836abd91c06c3e631df61542e50e
"assets/cells/c_041_57.jsonz",1005,d189a938593d2bacf0d02872d4f068ae64761c689700c91ec1ec8934139c9e13
"assets/cells/c_041_58.jsonz",10300,9dd44a80c2e3f4a9e1593e4dcdd473ad7621885c0f4834883211333ba02c3023
"assets/cells/c_041_59.jsonz",21044,755e3aad1eab984cbb8d600898ed67c5d341b571d0b245d2fd823d354b3796a9
"assets/cells/c_041_60.jsonz",21867,4d79091fcfe9bcc2839b88d4bf612e13e98d27d740ab16581ea686ad6623d435
"assets/cells/c_041_61.jsonz",20511,002489eb90125fbc57f01b6240c135db3e0ea2b914f8941d627643625e1130b5
"assets/cells/c_041_62.jsonz",20016,0c21cf278c04971a5dbb96f263564d730884e945bdd0a78f28e294d171ba2c2f
"assets/cells/c_041_63.jsonz",19316,15382cc06c44effbf31b883ef9b0c9f5b85e7a476e96f6b2f535e5ec07eb446f
"assets/cells/c_041_64.jsonz",19176,9c03b58a4a2808c1a0c7b74d20eafaa2bbc730f168be190532873b5b8badd6fe
"assets/cells/c_041_65.jsonz",18450,f80c31bd33027a748b1b60c2c6d6b0f31a6143df4f0d4f6957ae323fba5a2587
"assets/cells/c_041_66.jsonz",17754,1a951f7eb8640ba03fa475f24744fe93aed4b2f67b0ad4b16e15bbbbe1e29ac8
"assets/cells/c_041_67.jsonz",17629,5ba220ced49b9368636ea080169e9bf4f44f00e89653005289fbe44b24dced56
"assets/cells/c_041_68.jsonz",17467,4629db225310611fbf0481516458f0b9e5aa7b36d3b39b64cd2ef9ab21326440
"assets/cells/c_041_69.jsonz",17088,906dea2da1b6f213fd4c36c5933b1929743eb82a6e2c17f05dfd5fb14548cd82
"assets/cells/c_041_70.jsonz",15974,efafa45eaae79d5ecf1db458fbf01196a2cd86ea4bfb3198c6e27c29011e841d
"assets/cells/c_041_71.jsonz",14496,b76245d835cb9efc63808b8a89fb8750d400b87c3c77e9e79953031d5e30d79f
"assets/cells/c_041_72.jsonz",14387,24ebeef9905160e072d63743631674893a7ba2d586848db3ab0a7d3523e182a9
"assets/cells/c_041_73.jsonz",10627,7bc6a1998bfb675140149529d728b51fd5766efff55a2800003fcc4d4bc7abb4
"assets/cells/c_042_59.jsonz",10154,88c2312430dfcf20b5054c9500e6fa2e42769dcaab0731ee5c105e246ed5fc21
"assets/cells/c_042_60.jsonz",21360,bf6e218e819b0c69965d4be78fe9dcad53489f7b9a644ee674141b2e9950a590
"assets/cells/c_042_61.jsonz",20029,f2b3b09253540c7516566712f6e9e6c27550c048de38196682683cb055655d8b
"assets/cells/c_042_62.jsonz",20712,521293ecd4c327f00ae8612d34e53d5323a35bc10c4d9ee288614c6d6be38eb5
"assets/cells/c_042_63.jsonz",20208,c5162f4613cc647e3e1d147987ebcb59ebc36cbd500bafce5cb4e448e05f55b3
"assets/cells/c_042_64.jsonz",19448,5a59aacc725da879fbe1ac6ded4041915edf021eb7fbcbcae00e7230f6de8f36
"assets/cells/c_042_65.jsonz",18170,83d5eade2f4c641112093482b18c08645fd02753512b01d18a55149f7624166f
"assets/cells/c_042_66.jsonz",17707,76fd5def2bc3cc537c047a3d0640057d010f2b31a570070e87b2ee882edfac45
"assets/cells/c_042_67.jsonz",18107,545c4c821cec03db117e53b443e03944683349154916caba7692de3becb718d9
"assets/cells/c_042_68.jsonz",17555,99e8f54847598ba89619a0f6ea3d6921bec692e7501df4f8b30d6f8664b193d0
"assets/cells/c_042_69.jsonz",18251,e9f2d2b7b015ad03324ff59319d3be2f2916daec88aa97fe12409168c9ca101c
"assets/cells/c_042_70.jsonz",15866,5da789db39a8213d6c4b48a43b462ec054cfaf12bbd0a3ce7af7bdb8942d52e4
"assets/cells/c_042_71.jsonz",14717,f2edfacc05ce779c7847d9bf8e63d33e3edb93ff49ec7fb253ac3fa19da4d35c
"assets/cells/c_042_72.jsonz",14160,05aa2ad94871be2f29a229914eeb4bbcd2fa46780f2a8018054264cad4fa8c4a
"assets/cells/c_042_73.jsonz",7618,8eb6e36459060f05fa9b35f0574740bfaa269bec639d5ee4aa19f625010801c5
"assets/cells/c_043_59.jsonz",4781,4f3c50d64a02f13409864ba2ecaaad59f44f6141a35349737c17495444310569
"assets/cells/c_043_60.jsonz",22604,6b4031c39a995182d1d0e144eedcfd443cbc41da9d5757170780c02fe93baf25
"assets/cells/c_043_61.jsonz",21648,61d74d356f4eeb6c2e982de6aba478a836d5a665be0d83d5075e34426a8d5902
"assets/cells/c_043_62.jsonz",21703,71c962e4ea602881b5f179381e8db20429e4461972946403625e952d2fd482c2
"assets/cells/c_043_63.jsonz",21048,a934ee5d6a96876598d583f56e578adc7b1856f727d29fa345122e9c4c8d04be
"assets/cells/c_043_64.jsonz",20158,be4f57df34403c461671cdac9ae1d77b18b742debdcc80238145c0b393aefab4
"assets/cells/c_043_65.jsonz",19696,39b9d48029eed5b11192f4be613d303fb549cb02456cea3513efd6e8e48f10d9
"assets/cells/c_043_66.jsonz",18922,d80516b1015e591b9e1460f8b375f60f4b0879ebcdb75953697b54131b96dfe5
"assets/cells/c_043_67.jsonz",19504,f4dddae7898a1003df0a1efe59df59c1d01c20b0106e7ce55951a74db173397f
"assets/cells/c_043_68.jsonz",18544,ccd2c4382f465e1299521154f806440029e0ff4b92ce82a32eea4d18e2aa3da7
"assets/cells/c_043_69.jsonz",18618,1d393842f42f9ac9a41569ce098ab6ee3858468e4bb72be2d7e0039d045b224b
"assets/cells/c_043_70.jsonz",16529,8534230c793311af4516e90c193136b1bbdc24d8522ef95341e2ab8f3e7340eb
"assets/cells/c_043_71.jsonz",15440,28467aa9bad1b3c99db61605ef3f07341247aca66c3cffcd92f17e2b964a6c4a
"assets/cells/c_043_72.jsonz",14707,45b396b4ad93a4eef7825158470e98373338d5130d09ff055f0278c00ee2f65a
"assets/cells/c_043_73.jsonz",4239,cfeafaf52d92aa16ca598bf65973885556bb2c51737616e6903966e3a0ffd6ae
"assets/cells/c_044_59.jsonz",9146,2c61c844ba043f6d47deeabf844ea3c2449cd3549166a6c2b6b98f6d843428f3
"assets/cells/c_044_60.jsonz",22794,78f209c71f1b1bc0df3ad4f8a9de76ae9ccd435c20282d9db9647ab4f657dcfa
"assets/cells/c_044_61.jsonz",22188,6e6ba1d4ed24371d00e7aa0851131084793aa8a8bfcf06bbd137540a9064b6a0
"assets/cells/c_044_62.jsonz",21189,3072c35db6ba24d2e00c823f0bfb0b68f55799888bb87110143db118b3f2b0be
"assets/cells/c_044_63.jsonz",20827,dc46f5ce016f55793da44379c619fbfc269965dff578b2ff233da6522e275072
"assets/cells/c_044_64.jsonz",20072,4eaeb85d9500857d44c2246c6f506ba0165d577493b54615c06f4759f89c768e
"assets/cells/c_044_65.jsonz",19452,bf9ef7f8a9945d8e8e367a805ce0a0fb8935c2a231592cdd19b5cb7d2913f7ce
"assets/cells/c_044_66.jsonz",19105,c84e42e93ba1cb8ef1fc7bebff9a8c011788f7b8bfcb19035f7b406ec20a9897
"assets/cells/c_044_67.jsonz",19197,ce3da8b93518aa2eaf5f942504dbf74b691593e9ce4bdd21a1ee8f5dc20646bf
"assets/cells/c_044_68.jsonz",15436,ef4665a767c748a32ef1a2352d3f9389488a7f56d33c81a85b29a6ecbe4647e4
"assets/cells/c_044_69.jsonz",18374,e7ff7e78d0fcc2d02728b820f5f10f9d6b160914018930d9ab7da1c42cd03fa6
"assets/cells/c_044_70.jsonz",16780,9a33ce24d9188730705c8b03666da6c1d56b6f5eeb018cb55125f71bb46102f6
"assets/cells/c_044_71.jsonz",15962,0da6eead0e6c315693e8c3cd818461a50f1b4f4e3c8c676d81ac6d3262ccb4d8
"assets/cells/c_044_72.jsonz",11798,3a9303bc2f723d428a6aecf2c47f3dab8af996bb9b82f6e0af1a91d8e5ceb653
"assets/cells/c_044_73.jsonz",578,b68cf4d4ef7b314a006f82ceae5aea068e87b29407c5a5c09e551ccc1a9983b1
"assets/cells/c_045_59.jsonz",4188,c76bb6cba3cb7ce803850114dcb0b840c574e37268082be975ea33cc9f9b9f27
"assets/cells/c_045_60.jsonz",21007,acef03ba8ee1440fdcd0190b0b49d86af161e62e874f666de3462366105b9e81
"assets/cells/c_045_61.jsonz",22117,5f7c60e0cb84f3abc76cb9d6591644335579ded33e4d2a855007b30a8d47769e
"assets/cells/c_045_62.jsonz",21622,7ea587faa1071be57e14f8cd11fffc457d20a476b40be0f78ffa4d905cf4fe85
"assets/cells/c_045_63.jsonz",21711,b87ad47e17ac248c77d6d10205a545b28b0a97923ebf307aa33424958c9726c4
"assets/cells/c_045_64.jsonz",20148,14ccc9799bb8c5b39536b272065cb107a5e5c5cf75fe6967a15797aea675700a
"assets/cells/c_045_65.jsonz",20428,fb84e90039485c189d626a4c7d468b91c7845c132b6d2c1834ab7c1dccad8c40
"assets/cells/c_045_66.jsonz",19906,4205df979019e8e72cc02d601f221ac00a561c8fa7b3e8dab9431f4e9fa10ea1
"assets/cells/c_045_67.jsonz",19175,fe8ebfe0338d409071b17c696156d49964dd235ac95a01b32bf9a4670dbffc12
"assets/cells/c_045_68.jsonz",12557,816b761f47cf89d4e55acf91808158054c85f9d511da2ae990a800d89be825f7
"assets/cells/c_045_69.jsonz",16550,5db1ee062792eaa02c03787176b420e1b35292f64dcbabc9a24e96693e3715fb
"assets/cells/c_045_70.jsonz",16792,4e5214213924f2ada6f2a4f41fbaf1c6122c1e0972af3d4a7418f0778268b0e8
"assets/cells/c_045_71.jsonz",15884,126828743ed65549fbd551e97e304468e3f428ba41e7f3ca67fb053dc6bd1b57
"assets/cells/c_045_72.jsonz",8418,7ac394c9be8c46fec96c359a94d146bf8ef7307c893aa5878eb08387a53f5906
"assets/cells/c_046_60.jsonz",19626,33a120ff262f36ec45d7498f80bca3eae7a0c5f615a881544c43a7f110daf651
"assets/cells/c_046_61.jsonz",22041,c6524bff315f06ce132f8be59df4065afaf2de5b87da92e832f1183bd1a0893d
"assets/cells/c_046_62.jsonz",21687,1c4414310e144fdfc8f27c9719c69cf1a8aeb76e7964fd5741f6124122449691
"assets/cells/c_046_63.jsonz",21558,c4cf2927da7e7d341fea4f77cb13c4e44d641568a750913f55bff763119223b0
"assets/cells/c_046_64.jsonz",20341,bcc6117c6c3f2f6cb9b03531e759ffb6406373ebeee3cdb4a6ac4a33df8b3b48
"assets/cells/c_046_65.jsonz",19785,58705db78b68b2f43e5ebfd34a2823718413230f260e47f014b576e00227073c
"assets/cells/c_046_66.jsonz",7850,d2ce7a76ed09fe452c7405120c963cf99025e1fedb0a1d86ebb5f22fbdf146db
"assets/cells/c_046_67.jsonz",12246,00bab4130dc0186bee0211c0657af0d23a6112766ff80f67033427a70e5d3bbf
"assets/cells/c_046_68.jsonz",7647,abdc71306406861214ca709d5961bb86b75b8babf5d80889831be3ff3f139e93
"assets/cells/c_046_69.jsonz",12521,0a711716e28db2f7a7e66867ca3a4cb8a20831ea88a16266e9d65734edf039fd
"assets/cells/c_046_70.jsonz",16612,98440331bde757d2158856e413f97f2f947230e056f3ced26b78527ee14b0b8b
"assets/cells/c_046_71.jsonz",15249,3184c8e655419c1ea797c8a7d8186b320a68aded1d6ef3e443e47b6b54fb0480
"assets/cells/c_046_72.jsonz",1696,4521443e0093cd574d387059eb47b9d892f162a2e4a7cc2d7c2218c9cdc74221
"assets/cells/c_047_59.jsonz",2657,8ccd1b8053ea46754d4477aabb92c2ee87d96c79d83f4e0b5cf5120f21d9404e
"assets/cells/c_047_60.jsonz",23291,b43e722fc2155e8acf73cb4d350e7238bd1236c0870052def31188c3db7005c7
"assets/cells/c_047_61.jsonz",23083,8c1b542813e2060c1d9b7745f108c14fa510ebb847c058eea94dbcf406048278
"assets/cells/c_047_62.jsonz",22526,40f334d5179f2ffbd7e6cde28714019122429224e0b909893989ff63aa34f8d6
"assets/cells/c_047_63.jsonz",21803,dd4911d53493ae04927afaf2ba7a4e0b154f60c6acc4b96f053b30aa91d3de0c
"assets/cells/c_047_64.jsonz",21269,8a41de4199857ae3cca328431acf144c415b7419ffab991069c8000c84cb1512
"assets/cells/c_047_65.jsonz",20092,26f6eb1144ba09467c31bb695ae998972de014b378040417c53c11ca174ed56b
"assets/cells/c_047_66.jsonz",20922,0e7601c65e1177afac766cc4e73bc6b8aa9b6479757d9b64810ea03c6e130bb3
"assets/cells/c_047_67.jsonz",17782,2d27505245c2cca4fbcee71c28f670c8ffb524d5ffb42b7ea757f6ee6beb8b79
"assets/cells/c_047_68.jsonz",14148,82dba77308d5e7bd1eb6b51853d68dc21c4b5ee2049aeb17a4ad5d597566fed3
"assets/cells/c_047_69.jsonz",17738,d1d819ec5d0fccf8dfd64a064dd08e0e3e1ba0cfb038ea6e064eeee82484e4f8
"assets/cells/c_047_70.jsonz",10791,da26f4c7ddba2b20edbb037c2b825aced79abd9a32e8167721730b36d3cbc789
"assets/cells/c_047_71.jsonz",2020,49a90689123d394a364280cc7e5efdd1099e1147bae7cd4a93727ac58a8d819f
"assets/cells/c_048_57.jsonz",441,a74a44f01534a8b374a20d8c17d6a9ed9de424f8cb2c77f1db333b018b582b12
"assets/cells/c_048_58.jsonz",6262,51d14756d58c4c8cbd7721a7c1a22a03c3ec6b292deee3957821267e5faa0cf3
"assets/cells/c_048_59.jsonz",13347,37521a1c974abdb66d3a55c578a688667b28b134e5a1e02c7b2b1f34a2cd524d
"assets/cells/c_048_60.jsonz",23207,152ed049e9197fd6d2c04c8b01097e49e3bff6d32ecb6e37bad6629cb6fc1e99
"assets/cells/c_048_61.jsonz",23117,66a137af7b780550000971f51e6b3903dd4590b22b8fbb35126161375269112c
"assets/cells/c_048_62.jsonz",23033,31878abbcd699bc46a806e44c30bf5186284554ccdbc50c67da556975e6252d9
"assets/cells/c_048_63.jsonz",22250,c4080a5f4f44970a96cc81276d89b0f2e20c59a38e19bdbe0023208759b75901
"assets/cells/c_048_64.jsonz",21145,ba66f797ffe0f7f8ee13210c0f9edd71025991bd099a4e94c28616ded8d70670
"assets/cells/c_048_65.jsonz",18111,1903f7df4ff904ecb9d93b804e843dccaa22448911047737c8c988294b84685c
"assets/cells/c_048_66.jsonz",18289,a49c4b456915770e88e7bdb9eaa6312653acbb639f4ae3c8a81dd7cd1353ebcb
"assets/cells/c_048_67.jsonz",9006,78a3230df17d5d7743fa4a8b78e6bc145d1802fa26ff43aa3e56ec1b73a6d824
"assets/cells/c_048_68.jsonz",17925,807f69ecb667c2db777846e96dd85dcca62f943a3a9957b0fa5292ad14372221
"assets/cells/c_048_69.jsonz",17865,f660e9f3946d09808fdbe09f76a6640447ebda70677461e5d1c7618991d7baeb
"assets/cells/c_048_70.jsonz",5651,8154ce864123aeecc1e47582be1a6317b5a0eacc4fc9f5b6857fb80596b997f3
"assets/cells/c_049_57.jsonz",8823,027a60a032eb39733274a01442d4129647e87a562701c21ebff28b35cc3a860d
"assets/cells/c_049_58.jsonz",23641,0cdfcfb606e414420faa95059cb5bc458ba7f2352ffa1e0cb279839b1b70d170
"assets/cells/c_049_59.jsonz",14882,3e500350e4c8037413aaa80d4cdf82c4042656918a094180c61d2e95bb9efe53
"assets/cells/c_049_60.jsonz",9999,1846bfb715f770a2d092017a250ca6facc428f667b069f98de1032ecc3d16c75
"assets/cells/c_049_61.jsonz",21593,af3767dadb329aae2c71a04aab5da49d6ff6bd8daf1977814ccc0941923a238c
"assets/cells/c_049_62.jsonz",22866,75cd44b8b7a814316f8fe64a7f9eacdb2577b57653d740a6608bfc3eb06ff8fa
"assets/cells/c_049_63.jsonz",22050,20e79ed658081fec6dda4d854bd607f95dfb812b1e32ac9302648e55a99489d5
"assets/cells/c_049_64.jsonz",21270,91d9f61951ec7d5b3e5bf738529e9914ee04f619428b70776395f38981cb5ffa
"assets/cells/c_049_65.jsonz",19186,7a4488784c9242d6b1d46f2f1f0bd78ea5e085f8953cc44f2be17ac8ab0b715a
"assets/cells/c_049_66.jsonz",14869,00026fc2691d44bdfda1fd0bd8982a7f8607de00c46f1549150af1c0947c5685
"assets/cells/c_049_67.jsonz",11487,c7088b53d856c8a75a7ea2cd188e394bf471b11e068806bb61a20f399b3388fb
"assets/cells/c_049_68.jsonz",18730,9e2979d4f076b68c70f78f85fb52eec632c59ce716aab9c9e360559f553045bf
"assets/cells/c_049_69.jsonz",18058,161aee45c6b1ceac0447494d36929c8cdfbe9396f17d32b16bf686e781b428b2
"assets/cells/c_049_70.jsonz",7913,b6ab80e387811e38eab821239ae83d09220b753649dd79213813aa1748246695
"assets/cells/c_050_61.jsonz",8145,996baa820f801b3c5b4b0ddb353c28f49deafbd471bf51437d405e390d6b44e4
"assets/cells/c_050_62.jsonz",23234,a313250e2087037793d4290d290d53c6dcedf8fdf2a20b5f2fe0e4b6c7e5da1c
"assets/cells/c_050_63.jsonz",22115,14a76c20fe18812ea6541b7dbc98650914beafb323d07fdb96051ea05261ac4e
"assets/cells/c_050_64.jsonz",21988,1ce4312aa91ac2199964e2ca96415f81aa38c8f21b2221b0c390686492b70034
"assets/cells/c_050_65.jsonz",21700,5775a12c51fe76cefb18fd70aee2d28cae78022fd97ffdc228a23fd81cb40ded
"assets/cells/c_050_66.jsonz",16340,aa2420ec40e75552325241cd89082259a7592066080260b6ea7b9ab83f8e6d3b
"assets/cells/c_050_67.jsonz",19663,a7ff96323d835db62be2df6afc68333952cc12803fa02bf7106ea6dc072d2eaa
"assets/cells/c_050_68.jsonz",18688,0e6a1b79ff564dc042a25d7d0122a08e4c41bb28aefa90c81a228493a55c6c91
"assets/cells/c_050_69.jsonz",18142,f53d89d8cfa16eaf012a18b568c7290b477b9103c7b848c207a47e74e5ef853b
"assets/cells/c_050_70.jsonz",9936,e19cb0abaf0968a959ed2a53ef18a0ecea5c245a75172621718d68e5b1a590ba
"assets/cells/c_051_61.jsonz",532,b71941978fe17cce4c1498cce3cf9a8e8463b084601963825f9d8c0fc7095501
"assets/cells/c_051_62.jsonz",17407,1b473e5e5ec3a97da1b9f11e4e7b9ff3f7b6034ed3378792bc7cce027f51b35d
"assets/cells/c_051_63.jsonz",22053,2cbceb8aa6cc6ee66b5c7adf714b71974406cda420bc98ad468377a076270315
"assets/cells/c_051_64.jsonz",23041,09613a6af12395092f0de687adaa02773b6908d799e1dd2449bf446696226a50
"assets/cells/c_051_65.jsonz",21491,c7974b4856fa2e4ec482f238fdb36b65576cb29ed57921d0e8ce9ff9e20e1ff4
"assets/cells/c_051_66.jsonz",16721,32c6c5b5cae4ca2c0fb6dfcad6c58bf35a42628b1c946ca941ce082421bf9a0b
"assets/cells/c_051_67.jsonz",20136,71f6a811d5c99fd5361d2679388a6364ce64bb7bddd73a62d5bf9f3124236694
"assets/cells/c_051_68.jsonz",18711,71ad89e5ea2c54f79ae7d4059ca8df47cafdbfd6cd684b1af6f153518c61b224
"assets/cells/c_051_69.jsonz",17979,0f5bfdbf9a570dbbfadee8b7075cc4fe5094bfab65a1051bbbd270942a15ed5c
"assets/cells/c_051_70.jsonz",16868,1b8cb9cc4075f35688c9aed2528fe25f5082fe1b2d1af1cd137060d97ff42afa
"assets/cells/c_051_71.jsonz",2994,4e4b28544e418da36e21e9c427b7e081db2a67763d8684298adc8dd7561d5ada
"assets/cells/c_052_62.jsonz",2459,93a8c19e7e264c7b2872a696956c322697b66a381dab35d478e7097af09770b2
"assets/cells/c_052_63.jsonz",4149,1eeea4b4706017140fd4cbea44e1724f3b6c19f03440bd42c9251a069b54b295
"assets/cells/c_052_64.jsonz",15184,0013e5a4b283c98184ecaa6fa4ee6f34c3305506ce4a2897ef535e06d0e132cc
"assets/cells/c_052_65.jsonz",22840,f30f8177c3c3fc35bf1ea614b596c93f652fe5185e6181546adba9d5c5b3b6c3
"assets/cells/c_052_66.jsonz",20377,a7ef2a2804d30f2b6d80430c859a02c1742e6622ab36909153a33d3093e6af80
"assets/cells/c_052_67.jsonz",21395,8e777018e96ea40cb2a1dcc667d5ab06ae8841e0feba7d22292a9bf877bb6b5d
"assets/cells/c_052_68.jsonz",18764,b3b537207520ba49de7579fe4a51810384ae36b4155f4770c23a14dd26ba5a06
"assets/cells/c_052_69.jsonz",18068,a04f548e34a863e8a6433f6e3bacf7b0f8fbc992bd74bf9b9a9985eee796729b
"assets/cells/c_052_70.jsonz",17171,e29362873c95ee18b41654a6b3f08b1c95be2a8819853e44643847b4f36e9404
"assets/cells/c_052_71.jsonz",5699,c8b3097308fca0545b237c4dc7e9cdb69dd233683d1469bbeb92bdadcbd6dfc1
"assets/cells/c_053_65.jsonz",15330,b683a88bed0254f67a72503d45e49befbc90d9a503a05905de00ef1f09097ba1
"assets/cells/c_053_66.jsonz",21142,bf9b73085dbcdc6a66ee31988692c8df7be852528997b22e8bbf577762bcf54c
"assets/cells/c_053_67.jsonz",20960,c14cb70e771a96a38316720dc8a1a97dca07eed510a187de3b7c1f8505cb7399
"assets/cells/c_053_68.jsonz",18889,8318ed98557aa5671013a31aa7f1f3f817a63b78d7264a85ac2af37ef0418f6d
"assets/cells/c_053_69.jsonz",17966,f0c4420444f23c2e6c7ddba7b4cf0d8d9bbded4c151af8573cb1f0412567809d
"assets/cells/c_053_70.jsonz",16795,e22d2b20fb13b3e430c9284b4548d7ece82feceed9280e1fffc9e254239058a3
"assets/cells/c_053_71.jsonz",6965,8b3ea3bec24f1639492106cf8b19a43e43ff38b93354d37a254d6a0fa97b547a
"assets/cells/c_054_65.jsonz",8242,ee52b1282ef72a90f85bc356ce5dc56abd14166c8612178728b709be4ae716f5
"assets/cells/c_054_66.jsonz",17423,b5e53294cf828307f3c4b55d01b89215fd5178ad5f29838c8e0d57132ab6641e
"assets/cells/c_054_67.jsonz",22095,2d19b5c188ff62bbb820c5a0517c98703ce4151a37870a05f128fd43118eefee
"assets/cells/c_054_68.jsonz",19464,e4afe11159a3b25426f8ac3ce58b5f6ebe228ac70d0f381be184557058c3b77a
"assets/cells/c_054_69.jsonz",17933,ff0bd08f782404846e0e1f9c44ef7be969aea05fea1bd7925547137ec6b24acc
"assets/cells/c_054_70.jsonz",17130,3d911b7368dd8f9090e02d8ff2704e9113814dc340b4f4559e4632b1be84eebf
"assets/cells/c_054_71.jsonz",9027,d18f2e6b48352c2532e3ada7624ebd7f9f1700480ba0dff7a109ec4765b85e3b
"assets/cells/c_055_65.jsonz",840,c6858749af0df5bee8e9ce00dbc9ca31ec29e9ee8302e050976e18fde1e1f1a6
"assets/cells/c_055_66.jsonz",1804,e141725835d10e975f7a8196c16e19f061a890caface6e6103a8e15787e7602c
"assets/cells/c_055_67.jsonz",21360,c548561b0845a3ac81a8a0eb1e22169b1d2557448a86d2423b693290abcbe178
"assets/cells/c_055_68.jsonz",21279,ae46e02e3c96f890b53ef20c2270343f6ddb5deb69271bec475aad73fbbddf45
"assets/cells/c_055_69.jsonz",15866,df38cfa28978d1dd66194840321c6d3599e9ee9e284d416715fb5466feaa1395
"assets/cells/c_055_70.jsonz",17096,b275b9c4c4824af13a72928f1e91b4ee4eaf644eefb91b8f49051a068a8528ca
"assets/cells/c_055_71.jsonz",11407,9132d0bbb475146ff9220e0e22627c6b7177b57050379093e01551b2a7474f05
"assets/cells/c_056_66.jsonz",831,3230d515bc355b633d74963607c855a5dc474acb06f4319b4b0dbad6e8b94dd9
"assets/cells/c_056_67.jsonz",15457,cb02e86d2c0db57653915009aa0898763252d882d5aa2757f70a1ddccee318ce
"assets/cells/c_056_68.jsonz",20354,75c43693606263818c93727386ae11e0def1b6faa77feb60d500ee58590cbe1f
"assets/cells/c_056_69.jsonz",12828,033d071094cf5138e95fc584de2201c8b2fac55793260baa7c67dab0c82c8451
"assets/cells/c_056_70.jsonz",16898,11ebdd3075693baf43192e5fdf274152663f2637984347e0ce1027217451ff69
"assets/cells/c_056_71.jsonz",10002,da1af8de52b2f5b4844d677eb43ccfaca9e933068128d8b1a0b1e91bdb8657a7
"assets/cells/c_057_66.jsonz",3245,29301808a168a11f7ba0eb2f7e62ba27e95df5c1406ea794154a987f98b51287
"assets/cells/c_057_67.jsonz",16930,ad5697f7cbba840493fadeae5eeefa3bc04baa1cbe742a9214de1b8d53f4ecfb
"assets/cells/c_057_68.jsonz",12392,7aed3f6d125ddb8ec4924be865420d265fa75f34aaf88b6b3209f630ee7dc011
"assets/cells/c_057_69.jsonz",9791,36be19d35c47694ee6339686aff33433009dd255018ff530b80c60be65ea7655
"assets/cells/c_057_70.jsonz",14392,ebf71790c1969941499cfc6c53a5eda4a6a18d1c7f3a03b06a669ab4ec42f95a
"assets/cells/c_057_71.jsonz",1370,5c3522058d5439a18e50fc4677f4c446090ad46b9f8678ef8b0d8b7229221c98
"assets/cells/c_058_67.jsonz",12268,ce305d98b3d99e693f64d3869f2c18198015ff9e3dfd3de1e366e80829db30af
"assets/cells/c_058_68.jsonz",728,416e9337756ba233f5d6174cfd2befecdde2c68dacc9290c975e6e57c1606528
"assets/cells/c_058_69.jsonz",5085,fd74ee734b2d8c425ab1682f9c4cf97d703250b957935d2c79058d2aac9e7259
"assets/cells/c_058_70.jsonz",15412,10317f986f769baa9c118b59be95a09482b13d978a0ef9382070e853f18e04c1
"assets/cells/c_058_71.jsonz",1250,cd3f648f00a6bcb7bbe0f4e80db1cf10c89beda2c0c015c68addf93dfc75e5b6
"assets/cells/c_059_66.jsonz",444,cce0b8a040c5c38a34bc07b115a2b737f3d07e0f626e8f03c696961d68045cf8
"assets/cells/c_059_67.jsonz",6340,87835ea34ce22a594e7227f8b427154fcd1452d19e9a7809a04e633d72a69387
"assets/cells/c_059_68.jsonz",6135,fd445f9d10edc21ab54942b910c1182d44005a131b029416e631e25bb05fa9ca
"assets/cells/c_059_69.jsonz",928,f4e73ecf67f09a5689a0636c3e9920f58eb63084c45a77d92d08ccadec8775c0
"assets/cells/c_059_70.jsonz",15967,f395c7d524d864fcbaea49de65fb5aa108f773d4ca13c8be8684250a58ec7f9d
"assets/cells/c_059_71.jsonz",716,678aed997833d24848f33cfcd58a6ea077166949b45ded080a2638d015cc1fbd
"assets/cells/c_060_66.jsonz",548,bb78c059c21fb765d2eb00dbaea57f0d539bdfc70014a022badd37439e9763a9
"assets/cells/c_060_67.jsonz",587,5de84e816976e5d1a728f13318bad91e01e85066405efb823416a1dcd69656ce
"assets/cells/c_060_68.jsonz",826,5c09de8e4d3de71861b130a8928f5b82ee705df6a84bb27b182972c8ba0d509a
"assets/cells/c_060_70.jsonz",11009,bb45d8cb04f6295317fa0be31f6d3b188daff9c536396a2e3b920989450143ca
"assets/cells/c_060_71.jsonz",699,75a68b66d8838a9b9bb03225238bbbbb2219b81f76ce5933623c8e879222910a
"assets/cells/c_061_70.jsonz",3079,9449fb7cf09711228400316f1c2c1342cb29be372049ff7fa135a8eace6b87a7
"assets/cells/c_061_71.jsonz",551,5a42f2c60c58befcdfddd09664910f24d8067e589615c845138a6bfcb35e62fd
"assets/experimental_1km_qa.geojson",430822,17898234e1b207d63905f84e31ada0f8daad38a05ce1265020065bbadbe9daa4
"assets/map-config.json",1168,96204d93a124ec6a09233c080b126029d15a3d566817e65c29737d61dea764c3
"assets/styles.css",1198,6284fbf0ce3020b7b7deb609e5ec70bf93118c917cfda25c63a8395799427e19
"assets/tiles/baseline/3/0/2.png",672,17b7c6985eefccb3cff6c65d1d1b982d503b7d877d283bc188153f3bf8f436b4
"assets/tiles/baseline/3/1/2.png",11815,0f381f67c4073266cbb2b868011eb2970459c6fdb0da592ddfafe401fb5234a3
"assets/tiles/baseline/3/1/3.png",9006,69aad3e4e030a7134ae1152608109366c11984f29e613a06354bb7494d7c9f1b
"assets/tiles/baseline/3/2/2.png",9097,0c8510e68adecd3d6aa3887a30318fa115e74fb95fa472de8ba6ffb315d28538
"assets/tiles/baseline/3/2/3.png",4883,a014058fedaf40b519aa2838606157bf2cbff67304afd0babf43d99b2f4fe2bd
"assets/tiles/baseline/4/1/4.png",714,9a6b1073b1ac45c4763a0fd6acb34b524a7539a0d796d84d8b7191a1c2a1f76c
"assets/tiles/baseline/4/2/4.png",922,bf6e819a3ae1d69f8c69217def5d4a68ca732036e2726a83582bcc40fbdc76a8
"assets/tiles/baseline/4/2/5.png",9099,a79a76c471c384447c1c2ae8ddc4fbd10a06153dc6a4f0ad93006b3e86885f00
"assets/tiles/baseline/4/2/6.png",1403,81c3371c4dbcfd8c603e2cef691042291ccca0463ae71cecdbad3c3d81600b5f
"assets/tiles/baseline/4/3/4.png",898,4a3ae2a6551efa477da5595d5a470c105ac0978cf311e1f849274f7d73977c59
"assets/tiles/baseline/4/3/5.png",15143,19620e7cf1b57b1c8cf5b56fc91e6d31b22448b90206315df04257a6ac9a56c7
"assets/tiles/baseline/4/3/6.png",16371,f3e9a5dd57b11b816f4db4fb4082beae517556cf622cc81b45d5113fb62d80bc
"assets/tiles/baseline/4/4/5.png",15616,2c88a3197cb3d200a5b6242266af3e735a4915145d860a23cdc5f87bb2e65270
"assets/tiles/baseline/4/4/6.png",9269,3ea9e2bfac83712b022287550ed0fe862a24a246bb6a2e650c47dfebd8cb7283
"assets/tiles/baseline/4/5/5.png",3846,59af181b5a0f9afbe5d06f8dc007c92518161119596aa657a5b5f861a4859471
"assets/tiles/baseline/5/10/10.png",1327,506042a17f033ca66cdbf2898eb9b75b709143e7d8a9d28290f4d38d8e3002a2
"assets/tiles/baseline/5/10/11.png",5906,e2b28b03500fae9988e97343f77a23f495f8a656a9cc8f9ba66f352aa7832908
"assets/tiles/baseline/5/3/9.png",863,ad688d28b5d8ffd9e8e41243ef951e4766425037188550a9b04637c11d4416ec
"assets/tiles/baseline/5/4/10.png",843,6c510b84282af1cfad3afc7b8b6f91b01b4b54ac059481b8d35428a6a52ffb4d
"assets/tiles/baseline/5/4/11.png",718,bba8dc9697c7e7014fcb42c7b6fffdda40f6b0896242e5acc765ad360fc61e58
"assets/tiles/baseline/5/4/9.png",911,da7c2dc7e91d55b2c470d63cfabf77de0f1df6e88abc02c45f1330d4c021940a
"assets/tiles/baseline/5/5/10.png",7572,3bfe4b6193ba831099b2d78cd029b5082c203ad54ad14f706b06c2ff39e4ce68
"assets/tiles/baseline/5/5/11.png",10811,701d52c5789794d383342b1be27619f0fd6b14ec5e7d10e1cd830e587024d79e
"assets/tiles/baseline/5/5/12.png",1939,02add80aaaa9a7d480c121ea445f5fc1adce42f88d760d83a639fb9034272ecc
"assets/tiles/baseline/5/5/13.png",661,b2024684c432a1af0beb4d4192715131852941e1d3ff607623388241d6508085
"assets/tiles/baseline/5/5/9.png",956,2c261ed46cfafccba6446a9f8d9447150a36b762da356b5ccd4879b2fefdf85b
"assets/tiles/baseline/5/6/10.png",6318,410fdea5e0e36e1cb172d3ab4c867e295dfeabcb8982f6411c79a606676e2f8e
"assets/tiles/baseline/5/6/11.png",16105,b6d57b10425ebc278b74ceec00a8f94cecbb318edf1cca41f40983df28ddd32f
"assets/tiles/baseline/5/6/12.png",13833,ebc8d6a1b65a4974fa578d853d28242844f482421a523d91ae5dcba620b14b33
"assets/tiles/baseline/5/6/13.png",3241,11edf6878576ab4fcd96e67628ca4b2a83940f170826ba8b504421ca0a46b6cd
"assets/tiles/baseline/5/6/9.png",840,995b6fb2cdf1a06607a5474660123ba3920b8a23e649b9902a0469cbec893947
"assets/tiles/baseline/5/7/10.png",4483,6e4e1f3277d3f7b606eb023bbde591a96c1d81f129a01a904687e543b4163b29
"assets/tiles/baseline/5/7/11.png",6094,cfb087d85eed284f33bb76af64c0553e92aa3d413b737180a36afd1683f983ac
"assets/tiles/baseline/5/7/12.png",7236,cf3d98ebbd76fdfd4032e46befd90b7c16226757e2aaa0db0951673c19f21d4c
"assets/tiles/baseline/5/7/13.png",3713,32420ae53b7a996c8077bc05307528bf66eca06b9bfeeb0c876c19e7efce5e36
"assets/tiles/baseline/5/7/9.png",719,30424c1f038e31e9780fc109e7e601d091f38c8241ab79b749bc76c311a1a1ec
"assets/tiles/baseline/5/8/10.png",5827,2f7bf24b9451f4c0ae762126a1cbbcf01f5f6d4fdf04848651fc8c627865bfdf
"assets/tiles/baseline/5/8/11.png",11018,b848bdbfddc2e12efcbf69c26487073b7a70af288a81e4988b52aeb5f88d44aa
"assets/tiles/baseline/5/8/12.png",10145,3e09f10a9d2285f62ea3f54d602960186e7c165c6e2b4099d261de19e3cf11de
"assets/tiles/baseline/5/8/13.png",5520,434b5fb59309953d5e1af6c0104bcdb1b6ccefb8330aab2885b65c3bb2ab36c3
"assets/tiles/baseline/5/9/10.png",1938,a1e13a6953c5b1faef204720b1dfd4adb7dec63a7b0a180f5f7c87619878c185
"assets/tiles/baseline/5/9/11.png",15584,a2c657a60f0bb0a07177f53cc317579d077e8e1fd93b983e6377519ffa016ba8
"assets/tiles/baseline/5/9/12.png",4807,c54983da35c6bb47b3c73b4677ba99ca83611f4e4fe2a953570942fe8a1b0efa
"assets/tiles/baseline/6/10/18.png",657,8b7e787c04dbeb56e3a9e9bd4b716ca155d68ba41ab90e8fb2e1d432f4308df6
"assets/tiles/baseline/6/10/19.png",941,aaa568473e95e16f8191c8ced0204336e5a84ca39c5c0e5d53af15b8678de8c0
"assets/tiles/baseline/6/10/20.png",611,97224a9a5a517a109cafe84293c5354e47037d929e8c2eed8ad6b4f6ef3c2127
"assets/tiles/baseline/6/10/21.png",2855,b9a96d1a4fe3d07bbc3228aeb3a10e9a57f1a0f13d07b518fa0f949e59fa7c85
"assets/tiles/baseline/6/10/22.png",5472,5b9522139fae7ffc477c0c548e7989696b58f55d756fb2ecdde50d5dd8e34e60
"assets/tiles/baseline/6/10/23.png",2010,e39024bb38ebef490081493fd3ce5c9dbdafb5e36ca5edc52da268b1c1cf431b
"assets/tiles/baseline/6/11/18.png",855,6a8078c079d225e2fc45e2c99298062db9b804840f4606ffc2f6717c365899a7
"assets/tiles/baseline/6/11/19.png",641,dafda402dbf2340074b01ceadcf6fec61cc0e00e73e588e45165bdf0d5779824
"assets/tiles/baseline/6/11/20.png",1518,0f22e5a9282fff9d7230aa3cd873b4e40cc4925542468381c23da47502308104
"assets/tiles/baseline/6/11/21.png",10023,64c97a31a2201424eb484359633fdda650b6f665b97bc6bea2022324fb2877aa
"assets/tiles/baseline/6/11/22.png",10282,9f9aab14b4b687f41427afd6e969007e6a84d86ab44b23660ab903d4b82284ce
"assets/tiles/baseline/6/11/23.png",3935,1e7e19c4242a1af5f21df28fdba2523d79929b7270580f6830c0ae21d182fb0c
"assets/tiles/baseline/6/11/24.png",651,1918d6023bae027d26a42ca1787d79e8accd80c1df78d8c6152ff7bbc7d88a54
"assets/tiles/baseline/6/11/25.png",2605,05d26f84583638f6d308cd68de1aa4ba27f96854096ad6fcb846dbc043d5eb1b
"assets/tiles/baseline/6/11/26.png",680,5dea33601ca0acf4bc5e3d9a965b910187f5039cd5650594b7a9d56a5fa6dae5
"assets/tiles/baseline/6/12/18.png",769,31f373ca1221ff13c057032b5e5662ed1b7c86f8130b9160f378f21fd4cfa173
"assets/tiles/baseline/6/12/19.png",632,43117c6d5a619658892b670a20c160c2f02553cd876c75ee19e9e856f4631bd2
"assets/tiles/baseline/6/12/20.png",1523,5af240cc8f727e97be359efbdc933e2c67c034f200bd185f9885386ed8462c80
"assets/tiles/baseline/6/12/21.png",7935,acfd3b297f63116a91843892cce19b0ff8af1655723a76645d3ccb419ab77c0f
"assets/tiles/baseline/6/12/22.png",10144,d03522989cc132ded46043c87dc36610110add86205ef6aa2ff201757a488c66
"assets/tiles/baseline/6/12/23.png",7413,8d7747895427183db6aef340d5328b8030a6d3678826acf4a1c810d5c1698a84
"assets/tiles/baseline/6/12/24.png",1149,a4ca0de79e622139b3c1546e1449ce6e6b658178872ad1a6ffbe2bee77413088
"assets/tiles/baseline/6/12/25.png",6830,e758b300c957b2dab28cbaabca34630a84d2e8020359badfe017feae6d9e7a66
"assets/tiles/baseline/6/12/26.png",2115,8d45d0d55d6fc7b5c0ca457d415efd298781959be0ccf1695bfcefd81e78ace0
"assets/tiles/baseline/6/13/18.png",711,8d34c62eec33452dea405d6fb725d509eb2d5d65fdeafc684575331df1c337d1
"assets/tiles/baseline/6/13/19.png",610,46163525c8c89f4e6ab509fef1ce301963f18bb41e19c1025d8a37f6d49727fb
"assets/tiles/baseline/6/13/20.png",827,4ca8e9bb1a5895877ed7ffba67d8f316dd9ceced00fb7ec2beb84f49079b7e67
"assets/tiles/baseline/6/13/21.png",2069,1464cea6226c83b50842aacf3f7f40caec307efec6e2e37a14e7d2c54e78f88f
"assets/tiles/baseline/6/13/22.png",7197,07192f512c19cbc28fd053a4f07240a1afd9c0833eb47eed7b5162cac0e106a4
"assets/tiles/baseline/6/13/23.png",9017,ed7c1ad8fe013d81ba95de94473fde44de1864364cc782584cb06d47817d0462
"assets/tiles/baseline/6/13/24.png",9721,f9b8f440f8424d87b9fe3f981d1f0aa323f5c3133989b5d3d3148c756647fdd0
"assets/tiles/baseline/6/13/25.png",10124,4b8f2fc4c65afd4fcc7befb0d13cff540825655bb25be235878ab850898572e5
"assets/tiles/baseline/6/13/26.png",3571,64ac154fad3a6513948bc4cdbf1876b6936b20233c1e35c590410a7c871b481d
"assets/tiles/baseline/6/14/19.png",664,9f000e78f9c881bcdd164733dcedc46a1c5efa14bee2c1a70de3477e5a755e24
"assets/tiles/baseline/6/14/20.png",775,9667b4594a5b9114cbf4018f268a072ebcde861a3f480123967babeaa24e6ec4
"assets/tiles/baseline/6/14/21.png",4200,fefc8e97e29fe405276a11c7609fa20e268c8d3331b50c6a6396dbcaf7f2a992
"assets/tiles/baseline/6/14/22.png",5085,0847fda74639c9f32cb3841cec156bbc087881c329cbe2062f6ca7a1c4eca09f
"assets/tiles/baseline/6/14/23.png",2270,5f8b8fe95a9346acb64bc765cec3670de8ea44b4059644c89c272107618e84a4
"assets/tiles/baseline/6/14/24.png",5049,01892fe4ea365e23a22ff30bbf76e7bd265d69923b986a21b7f7ab3d53a40bd3
"assets/tiles/baseline/6/14/25.png",3784,2241daa6d121daf7148c6187e3397ab2014ff7037ceddcf09dcc1de199fe9419
"assets/tiles/baseline/6/14/26.png",2688,bd45d62a894b94696e4b034fca8c13efd5ea3f298f579689511fd82952bb9652
"assets/tiles/baseline/6/14/27.png",976,de4876a730bd8de75c29726745aa67b6699930c9fefd1ade6d6eff5259dcf5fc
"assets/tiles/baseline/6/15/19.png",658,1f7f77810993c392b10517e153a338685f8b9055b4f46c19507f23da6f0e0198
"assets/tiles/baseline/6/15/20.png",868,54ab02f58f312a77f1c8ae13bce94c7a7eb8f6171cb0ebfbeec9c45bd778d839
"assets/tiles/baseline/6/15/21.png",3280,acc0f007d26dcd083ab4c7c34428f5fe2731c45c5d1ef03d2762547af6e9cab1
"assets/tiles/baseline/6/15/22.png",2976,7e42890cc797cc95709987122f461e65fa658c6502397a29b9266cc46cb218c9
"assets/tiles/baseline/6/15/23.png",1557,d2de2d891b5a4ac81557be65f99704334f1246b178360922e06083fc3327a006
"assets/tiles/baseline/6/15/24.png",1483,9978e83f6465fd72c22a53b7fe59a9c91d4bc241b37ae92b7bbf456cf61ce6da
"assets/tiles/baseline/6/15/25.png",4309,ff548c04228dcd87692a5e0d3929ff478bfeba93344e6d40e0a479ff1f38d469
"assets/tiles/baseline/6/15/26.png",3053,17997c1cf31d9bd25f993113848ab50f5d3edffca9dc22091b318bc2d19a5ba4
"assets/tiles/baseline/6/16/20.png",1138,7233468da46181a37dcedc7a4c5d8089c024a59bcf95aab784a4d4115357ac6a
"assets/tiles/baseline/6/16/21.png",4855,ca2e2d4770e8cc299212ca98825c76ec4314b9447d9bb86ac7223c08b18c7c4b
"assets/tiles/baseline/6/16/22.png",4160,69c744334e88f2835e74ac2184b77f0af8101b69b7e476b55983767d54345ab3
"assets/tiles/baseline/6/16/23.png",2883,6f6dcadd0f9ca91cdacd11b6680588d13556aee5840f646adb31b946b4913598
"assets/tiles/baseline/6/16/24.png",2880,6c9cc672573c920f93d5c9361ed9828631a892753753f5aff331580ae94a7287
"assets/tiles/baseline/6/16/25.png",6379,c55b0d4a3463c5d725917bcd0bbaf320c049c3d6ab3e6e2af0cda3175ad18092
"assets/tiles/baseline/6/16/26.png",3884,fc3862df65c2b525ab177c6a364eae651c692cb12df8e3b1563a1ff10d8b22b4
"assets/tiles/baseline/6/17/21.png",4782,3bef1bd9f791c14d0d995fd8b0424e107e7f32e510e731e7345c801503ce9fc8
"assets/tiles/baseline/6/17/22.png",8499,02123541bca14eed4693746e233f81625ed638ab3e31d09326f937f3848729ae
"assets/tiles/baseline/6/17/23.png",5651,d7309cfcb409c8ef1186e3dc02c7b39feaefba34ea216616594d74137461f3ae
"assets/tiles/baseline/6/17/24.png",4308,fec4cdbeec7b72bab0aadc787ad375c6a8359d7577a823e39b2236d7ffc7085b
"assets/tiles/baseline/6/17/25.png",7143,06b504ab550b456d24049b0a5ede83ec0dafbc23d3dd5e5c462c4f94b13bb859
"assets/tiles/baseline/6/17/26.png",2987,93e503801e185e2e057be5fbfa296aa231a4b9fe023fdc5934f9b74a6cc0fd84
"assets/tiles/baseline/6/17/27.png",3788,f6f41c0587789b26137a4b376b3a545e2542e1f734a1d763a9e43d9ace8757c7
"assets/tiles/baseline/6/18/20.png",752,c09be6eaabefc761929d77e6a07ac573f39b70f50ac1ac594c0895430f55499b
"assets/tiles/baseline/6/18/21.png",2392,df2e51295da9e802e231d58b5f220e2f7a398c164f8ff6e247afc467514f2d57
"assets/tiles/baseline/6/18/22.png",9948,f366bc0767f35a711c014cb9586265e6f188f7a84450e4b7e71bed6dd8f114d2
"assets/tiles/baseline/6/18/23.png",7253,a1e9ad74a6e597b08d7b4106a50a5f3e6a9b3c942c7f79600f1c4274c91615ed
"assets/tiles/baseline/6/18/24.png",5797,4fe967bb1fc0d33fd3c3584c73013ff741cf010928967dd82f889015d8ca6347
"assets/tiles/baseline/6/18/25.png",3262,055b725daa17e5e40ff8e889c03099e7a77ebaaea8c06c616f1702e92f0e9fa0
"assets/tiles/baseline/6/19/20.png",827,f155618477695f13283af2be8c1b3e021cdfdd9221463df28936183d49489464
"assets/tiles/baseline/6/19/21.png",729,aa2b651daac3ffaf7a7d27bf4b4bb0de2dd8e03095a658ed7218816450e1334a
"assets/tiles/baseline/6/19/22.png",6838,405e14d1c5b04dddcf56c270eb44ab7df02a438ab269fc881171ef6fefcb1a16
"assets/tiles/baseline/6/19/23.png",7515,477ecfd6633ebf7caf532bf3fb9a381015a21bc1e4fddacfb400231a21feb2ab
"assets/tiles/baseline/6/19/24.png",844,64f46f0dd541b18aea3abedc76546f9654ccdfed4897a8720c6f270bcdc63d1d
"assets/tiles/baseline/6/20/20.png",815,b2c95dbd0bc91e848802eecf6e3c662ebe4ca64a19c120131805d757a5138259
"assets/tiles/baseline/6/20/21.png",1500,204857801e44de8edc6b3442612b438ea628d7aded55adb88340322f381f578a
"assets/tiles/baseline/6/20/22.png",6044,13532a4a512f4e20ed9d191302e1372b6ae26e7b9d2f3a98854bf4d8abf58b6e
"assets/tiles/baseline/6/20/23.png",4077,b7a6c4c07ab544e6a32a5ccaec5c8cb849f62f6a3d851ef9ed4758a42c515e35
"assets/tiles/baseline/6/21/21.png",1029,723936795d6325e22eee1cc76c034325d50ad29cc1d0ab8d10e8d492356e9ef6
"assets/tiles/baseline/6/21/22.png",1786,baf013d70b3f893ed343aed72b319f203e5133e87f6d85090f78d540d8fb7268
"assets/tiles/baseline/6/21/23.png",716,614a2bdef1ede5bc4a3f1d4a7630fc778e2c3050722b594a6aaf30939473d6ff
"assets/tiles/baseline/6/7/18.png",1085,305eff3f8c036daa212a3e74e4f0892258b0f60ca45de966a607215b5041cf8f
"assets/tiles/baseline/6/8/18.png",802,e1710b89679e52c7632af36d41f4b221d448eb0056d9fa68e09ef28dd2e47f94
"assets/tiles/baseline/6/8/19.png",823,af6b2810d7521e771a6cbdcdb4be3b7b9871b385b1490570416d8e322144b39b
"assets/tiles/baseline/6/8/20.png",605,2c2550103357c9ccd079eec3ace087ee31b93809ad17fe9ade9c105ed115750b
"assets/tiles/baseline/6/9/18.png",736,ff556424c7dbbd1a2e3bf176f693637b322e93cbfe7061a6045996cf0159acd0
"assets/tiles/baseline/6/9/19.png",595,9408e18913dfdfbcd835aa55e875cc9b3235dff631808fd456cac1cd3a08b1a2
"assets/tiles/baseline/6/9/20.png",711,d5118c7c322b5e4b1d1c68673576f528ffdc17a724eeef73658f729ec17e2147
"assets/tiles/baseline/6/9/21.png",768,b9d13cab28ca15998a139eb6bde46dfc3866fb912bde89f2fc8195f36c854488
"assets/tiles/baseline/6/9/22.png",718,617edc23dcebe616b0f6cfd81c6d24e6b405462d564ca0bdc6e73945d6950d5b
"assets/tiles/baseline/6/9/23.png",802,b3d308ae3e6ecfee8ce6ea49a26b0224563ffc48eed004162306d4cd12533bed
"assets/tiles/country/3/0/2.png",672,26d0cb69d9a90c72b1193c0c3c44519947551929a574376bf8af81f15178734b
"assets/tiles/country/3/1/2.png",1325,441023246a22f4e8ef43229c1a64565dd7c4e6c27c46f4f5e8def234979d3519
"assets/tiles/country/3/1/3.png",914,c6017056e08d03e6e1d54274056dda44776b86a7e79fede43b88b85a2ee5f01b
"assets/tiles/country/3/2/2.png",1643,cdd6f9cfb5c1eeea8036bb632e63b05a1c6be8b0f8b4007588dce3c9c3e675ac
"assets/tiles/country/3/2/3.png",924,fa84a84b60a84bc7776a577a91d093fdeaa10ff87d128f92dd0554a2cbbb19dd
"assets/tiles/country/4/1/4.png",714,5b85e3383f135e43731a3965d8582674d5ee1f34546a66173b01609e92c78d87
"assets/tiles/country/4/2/4.png",922,7aceb3b9578467bd4376d9def017da50123fc21c433c4249ad286ff5062c98d6
"assets/tiles/country/4/2/5.png",1136,7b0370a3a8b0e5b7b9a649a5682876aec17f5c44fb4d9c49abc06a300089c37d
"assets/tiles/country/4/2/6.png",642,095d9e75eaf8abcb9b2f67046225e69c667ca36a7d813688bdf510ffa9c3c3b9
"assets/tiles/country/4/3/4.png",898,c9430ed5bda30631b1c2bc67f1c605cd4933f39fcfcd737f2665be3261089440
"assets/tiles/country/4/3/5.png",785,bb45c5e745f8ef4166521df862905d43efd6695a0622d6d6c9be78e41eb3f4a8
"assets/tiles/country/4/3/6.png",1158,3c861eec255666c343d20e12941c93590e0a6239599bcc74d776763f617623e8
"assets/tiles/country/4/4/5.png",2220,91f31a169060a0baebd2666a19d52d1e758b1e3bd1a67c43c2447ab7705e6d06
"assets/tiles/country/4/4/6.png",1207,a432ad31cc41d835afa7de6b9a771ceb98f4638f8b5e4d73867f823678eef723
"assets/tiles/country/4/5/5.png",1415,37b21a74996b019445dcab9fef4f425abf659740f30a3ec147998a4dcf3a637e
"assets/tiles/country/5/10/10.png",1327,4a7acc4888cca612dc29a62f3ac105f48770148e5d208b2bda6def2b9b726908
"assets/tiles/country/5/10/11.png",1596,15d4e0b97598ecaa33cca68854b0cc10cabb8c68b66f32f5342d94b8c1c03a10
"assets/tiles/country/5/3/9.png",863,66f1dd5697d24a59db36d6701a74518b1a03236dee872cb659933f77ccb30d9b
"assets/tiles/country/5/4/10.png",843,9fc18a7acc57fc02c0bd71b5dbdfd227bdee1010ae75546ccdac60c17b107a17
"assets/tiles/country/5/4/11.png",683,452e9d226e72ab3b5a871eba92c89ce108f124bfeb5e66cea57ca7c6a207a86e
"assets/tiles/country/5/4/9.png",911,10b9157dc65b05af9c68c0c911d7c2d988e407b2ca3efd954f33ebc2f89d6c2f
"assets/tiles/country/5/5/10.png",937,38a931ea5628f025f90c396ec916c1d8a8c7cd1fb7c6407d316f28b090920c51
"assets/tiles/country/5/5/11.png",1242,fa9b424230300d1d78bcec57e385b345eef83b8a671b839ef9500447efc931e0
"assets/tiles/country/5/5/12.png",704,b867ff1d51a7c18510264169420fc7de3510ff65640fe6404804a1881017ca25
"assets/tiles/country/5/5/13.png",613,09425e909e5b041755d6e219d69e70b0841c65d53412a9a153fd9083040a0baa
"assets/tiles/country/5/5/9.png",956,061b7e36a6a87421c433f2f99ada4ba7529e2858cefadb7ab340355ba505d36b
"assets/tiles/country/5/6/10.png",728,7cbb8ea6b1efa04770dbab322603e44d8fcd64dedc268f106e0f34d28f26daf9
"assets/tiles/country/5/6/11.png",609,4eeec8e2a2af9997a84057d89033a6d93ae380a692253940b7f61e66bbeef277
"assets/tiles/country/5/6/12.png",998,2c8419a7cee134acbdaab205cbd8a6b197b8fe4c07adde74919f8151b77e1f87
"assets/tiles/country/5/6/13.png",880,24784cadae6e3347d4fb344e04bffb975fe0a8607d66ed7758fb629c7f5c51a5
"assets/tiles/country/5/6/9.png",840,dd52ab4e84857b3fce1e53b8e03d0f48e64cbf76dc32c3454400c4c8873068dc
"assets/tiles/country/5/7/10.png",703,0431b5008e32dca0aebd56565b6d16c4a4badd95f3ad293bc56d5cc82177e15a
"assets/tiles/country/5/7/11.png",896,80620a002012c2dec28d3261da62af30b48bf172824b0f2020784f5a0744c739
"assets/tiles/country/5/7/12.png",595,0dbd2cae2a1f81840260baa042ce10a013b7afeaa1d2d58a41979ea6df9bb575
"assets/tiles/country/5/7/13.png",1145,3a96afeb3de2f2bd463b13de6024a002d8f269d53daf8e21ce276dfc949cddcf
"assets/tiles/country/5/7/9.png",719,119bc4aa5a7dc696ce7f8a278d80d292230689be248b20579bc1f50d2da8c84e
"assets/tiles/country/5/8/10.png",816,53093b03da94204a0ff8883884a9c4d7cae320469c0e606ebc1a017f5218e723
"assets/tiles/country/5/8/11.png",2243,2a138837e658e754cfa6876f71c2cc14151ef9d7db4f7e9e07d119f65f3eb96e
"assets/tiles/country/5/8/12.png",684,5f2926e4504b201cf5f1f9d96bc1ba86c029e224d1489ce35c3350e782154092
"assets/tiles/country/5/8/13.png",1333,99a6544f38d30cc0f750823daf12e95b17a57fa4f850ac3545699a2b3c3d3583
"assets/tiles/country/5/9/10.png",882,16e9a29842b82b952240155c378fa8cd664d1d7fd188f675c7f647a9e868426a
"assets/tiles/country/5/9/11.png",1702,1817a3d158814338206efc8b0f5619b3226fd3dae18eb9a769d4ab670fd89f51
"assets/tiles/country/5/9/12.png",1262,9ff6198ef3f9f201d549155a00268cdcd2d9a60d256030d248c50d135d4ebaf8
"assets/tiles/country/6/10/18.png",657,0d83e0717ad0c2ce29cf7d4f8b878ff0e6084a0781c00efa939d83a604613f54
"assets/tiles/country/6/10/19.png",941,827f36aeb17fccb6854059d8ab76cf2fa36620226e4ccdeef60eac3228d32162
"assets/tiles/country/6/10/20.png",595,439758011817da585e25a2f6c7f0dec2e65f8dbdf0566374f817d957ee55e09b
"assets/tiles/country/6/10/21.png",1138,e733d1c8dd989fe00303d35249cac977725481ddd502d32fb7d8568dad293ede
"assets/tiles/country/6/10/22.png",1038,02c523c14e90f13e1d1d099133b389b9607ae61c18e080351a71dc0ccedb3db4
"assets/tiles/country/6/10/23.png",1079,1ea978c432b5ffcbe6a1fee87cee53f986b1fabb6c2c0de254e08575e5cac243
"assets/tiles/country/6/11/18.png",855,7fcb2b1be1b8a6c93ed2487484d1987d0b710ad8f6e1cdc454a3d6da3bde234d
"assets/tiles/country/6/11/19.png",641,03d8beb0b7d8fc1bd0bfd9a46bf2d948b046157f8963e0ec2acc6e8c3547644b
"assets/tiles/country/6/11/20.png",595,439758011817da585e25a2f6c7f0dec2e65f8dbdf0566374f817d957ee55e09b
"assets/tiles/country/6/11/21.png",790,8cfa9d35919690924c614c28813d61603637abf598145695e113bd5aae261cd3
"assets/tiles/country/6/11/22.png",595,0dbd2cae2a1f81840260baa042ce10a013b7afeaa1d2d58a41979ea6df9bb575
"assets/tiles/country/6/11/23.png",853,ed327906eff5daf865ab9bab82c6759ba629f427b50985064ce0cb4711bbf3b7
"assets/tiles/country/6/11/24.png",646,6cfa7959262d3ad3d457bb566c6d37d38d32e516e9504d85b784d883e5b9dc75
"assets/tiles/country/6/11/25.png",743,7a7f80deb389a325e0c13bf42fd67fdfc1041214515dc671ec4c96542c1e1e8f
"assets/tiles/country/6/11/26.png",639,e64c55a70dd3275e16cf36138abc7baceb09798d5be70ee2178e7a347d34f6fc
"assets/tiles/country/6/12/18.png",769,58350568c4c50dd54ba1337849ad1ad5d8f8308981e50ef0488c0745b1911c61
"assets/tiles/country/6/12/19.png",632,18dfae6e7117a558ff1498576e081ffd5c732c46a1efb79f48040dabf0063c59
"assets/tiles/country/6/12/20.png",595,439758011817da585e25a2f6c7f0dec2e65f8dbdf0566374f817d957ee55e09b
"assets/tiles/country/6/12/21.png",752,5c0bba6dfb93899fdb88640c2ec24a5eadb14dda833d7f521f2c82b9982d767a
"assets/tiles/country/6/12/22.png",595,0dbd2cae2a1f81840260baa042ce10a013b7afeaa1d2d58a41979ea6df9bb575
"assets/tiles/country/6/12/23.png",601,4853d4f37e38d5555d3cfdab2735e30111053a09edb01db21340f956e597d73f
"assets/tiles/country/6/12/24.png",849,f7ec56ae708ce57d44678a979dfaad1bc1aa15044dd54a8103c9241e29fd58ce
"assets/tiles/country/6/12/25.png",761,3285149a2a6678dbd00f9a231dbc663e90e35d5613f3982e3a190b82153970c4
"assets/tiles/country/6/12/26.png",741,0b2535f7bc24433fdcb6b8e816c2484fd764615776cc735e33048a27ddd2e28c
"assets/tiles/country/6/13/18.png",711,87893be2bdd7658a13221f8af21e24268ca6c7d345736db2ca3133058c6888c3
"assets/tiles/country/6/13/19.png",610,ea160c049ac91cb7287d61d0a8df40c3ce09ffd2be01b80732f52bbe8b3f6a26
"assets/tiles/country/6/13/20.png",595,439758011817da585e25a2f6c7f0dec2e65f8dbdf0566374f817d957ee55e09b
"assets/tiles/country/6/13/21.png",762,2e349b4820c2768df41819bb75e06dd58080e4c5be1afcd60ba1f751c1da68dc
"assets/tiles/country/6/13/22.png",595,0dbd2cae2a1f81840260baa042ce10a013b7afeaa1d2d58a41979ea6df9bb575
"assets/tiles/country/6/13/23.png",595,0dbd2cae2a1f81840260baa042ce10a013b7afeaa1d2d58a41979ea6df9bb575
"assets/tiles/country/6/13/24.png",625,36ff91d04a2c69c94db9da9ee18ba1445da71a11b4d6e6c413247e69f0426ee2
"assets/tiles/country/6/13/25.png",666,f99907c550e6295f9ed22c5ebfa5902407fc49af5c0e3d164e3e1fa47f84de14
"assets/tiles/country/6/13/26.png",807,51d22bb884f3ad9b76c182dafb824c0a1d379d8535339381092300c9c7605b7b
"assets/tiles/country/6/14/19.png",664,1449b80f255c365228ba7f614fe730e5123fdecaf5b833f5e4c231dd8cca2723
"assets/tiles/country/6/14/20.png",595,439758011817da585e25a2f6c7f0dec2e65f8dbdf0566374f817d957ee55e09b
"assets/tiles/country/6/14/21.png",689,49ebc8d856b8bfc1f124eb8a7e8fb07fae2d16f04edca9986ccff8885daa6417
"assets/tiles/country/6/14/22.png",595,0dbd2cae2a1f81840260baa042ce10a013b7afeaa1d2d58a41979ea6df9bb575
"assets/tiles/country/6/14/23.png",595,0dbd2cae2a1f81840260baa042ce10a013b7afeaa1d2d58a41979ea6df9bb575
"assets/tiles/country/6/14/24.png",595,0dbd2cae2a1f81840260baa042ce10a013b7afeaa1d2d58a41979ea6df9bb575
"assets/tiles/country/6/14/25.png",595,0dbd2cae2a1f81840260baa042ce10a013b7afeaa1d2d58a41979ea6df9bb575
"assets/tiles/country/6/14/26.png",835,a94a03b18b3dfb4adda3d230d05da363f36c14013b487aaca35663aa8bf50c21
"assets/tiles/country/6/14/27.png",739,5352fc779a7e1d3449bba26e7ec8d7ff05f874293cabd4b7d3d9ec1754027ab5
"assets/tiles/country/6/15/19.png",658,ce48aa275ada5fe09dcbe22cd42ba26f6b4d045e5df4ea0b04985e839d12117d
"assets/tiles/country/6/15/20.png",635,e545061dd41b86e22e64aae89bd3399d7d6a21bc16770ef70400a2bd1c79f2e5
"assets/tiles/country/6/15/21.png",653,1c26d0a20d62e9b237c8104ed8dcdd55973c85c7e689866a78a4462ec744daf6
"assets/tiles/country/6/15/22.png",1006,8e132fecdfb2356572d22bbdcb88acfacb517678a6b2c0641106c046642a1969
"assets/tiles/country/6/15/23.png",595,0dbd2cae2a1f81840260baa042ce10a013b7afeaa1d2d58a41979ea6df9bb575
"assets/tiles/country/6/15/24.png",595,0dbd2cae2a1f81840260baa042ce10a013b7afeaa1d2d58a41979ea6df9bb575
"assets/tiles/country/6/15/25.png",595,0dbd2cae2a1f81840260baa042ce10a013b7afeaa1d2d58a41979ea6df9bb575
"assets/tiles/country/6/15/26.png",893,5da87417414fbc0900e6bce9fe4cdb727910cad028906056a32c4abed4820be5
"assets/tiles/country/6/16/20.png",696,43b9c4cdc26ad9320176b78e4b1457c660041c2aefd2e8f677bf016f53e64c74
"assets/tiles/country/6/16/21.png",698,a213709dcb8ddcc08ad1827b892e768f29cdc73725d10b725b3829b87633c5a7
"assets/tiles/country/6/16/22.png",1653,391ac71ce818ead94d9fdcf10fcbe6401bcc6493bbecd473b72f9867b492571a
"assets/tiles/country/6/16/23.png",964,dea6176f904a44a1a79c3f4f990153d2c1b9b3c8bf3131a06b380a8fb369362f
"assets/tiles/country/6/16/24.png",595,0dbd2cae2a1f81840260baa042ce10a013b7afeaa1d2d58a41979ea6df9bb575
"assets/tiles/country/6/16/25.png",595,0dbd2cae2a1f81840260baa042ce10a013b7afeaa1d2d58a41979ea6df9bb575
"assets/tiles/country/6/16/26.png",1118,57d63d0dc229d1663e741d8f80a01b87c27150a850e6615ae5685609bd805e45
"assets/tiles/country/6/17/21.png",809,ff17ce2080b9e76e6b1d1d04ef15e510700b9b17d60b54e661f2a379c1fd673d
"assets/tiles/country/6/17/22.png",1171,56e03455cbd68167a1c156827b16b267b72e3af29abc09c64ff227525e5cd9b3
"assets/tiles/country/6/17/23.png",1561,7be3f7799edab07dd81dddb4a3bbe242e15ea4aef401941c834c561d68886ce2
"assets/tiles/country/6/17/24.png",595,0dbd2cae2a1f81840260baa042ce10a013b7afeaa1d2d58a41979ea6df9bb575
"assets/tiles/country/6/17/25.png",736,ac9da625abdbcbe5245e9452830fbadedd259e965a764fa78301f823ebf4e35d
"assets/tiles/country/6/17/26.png",991,9d072c6673257d4da9f6d1db02f6c157de1a886f392021861eef8f2b495ebdb1
"assets/tiles/country/6/17/27.png",1049,60321a5e2108a18dbe4dc3730250845d0ea259f6393ba2413097c2e84a00b0a7
"assets/tiles/country/6/18/20.png",752,3080f78cdef9b824bb41d223e6a80eb7a1993f40e43f91ddbff7785d5fd35e59
"assets/tiles/country/6/18/21.png",660,79c47acff82384df99d3475608f4c7de011a5013f27206ab54a04e6310974aff
"assets/tiles/country/6/18/22.png",595,439758011817da585e25a2f6c7f0dec2e65f8dbdf0566374f817d957ee55e09b
"assets/tiles/country/6/18/23.png",1087,271ea3070df0cb21ffd25fc4c4f91da79a88c01e4a970f166cd6174228774afd
"assets/tiles/country/6/18/24.png",1316,a06317efa659886c609a3397eb897858ff787663a1a98862c14f8c7c9e7023ee
"assets/tiles/country/6/18/25.png",1063,e54df85e4ed0701b04bf730d5bd7147872a7870872bf1bc6736ed739582d4a2f
"assets/tiles/country/6/19/20.png",827,6f68a267220c459bbd166252b8f34cad22be0d4e5bb739bfde57b65cd4947435
"assets/tiles/country/6/19/21.png",683,31eea23294adbba32fc00f467f4bf1a46aa23a71728c76f70808f974eb60693a
"assets/tiles/country/6/19/22.png",1654,146a00b1369078beef9551d839ce72cf4058978c475a5e9e71e2e4d6ed66a894
"assets/tiles/country/6/19/23.png",1375,ceab97e6d08b17913e612f3910a025d923b1e341023bb436fc4fff5ba08b8e24
"assets/tiles/country/6/19/24.png",690,68de2b7620310b9e74abe9122f504063f40ddc0eeb2bb5f2c67805a79aa6d350
"assets/tiles/country/6/20/20.png",815,2dc6966c5004d227fdf11be019420f2bc3d9c2c5ba62052a4c330cf36fe43338
"assets/tiles/country/6/20/21.png",1500,3e4a5fb301e96cf931fe3c4c1271b9460f2f94e3cff478951283e332ddc70dfe
"assets/tiles/country/6/20/22.png",1543,5327ce44f2b45f23a467c100db0777ba5cda2bc6c4c9f56bfc2ef71ea3b5a046
"assets/tiles/country/6/20/23.png",1248,e9b8cee1ba2cdbfce3917d96bde186e9f169ebacf2582f64522e59f9859d5548
"assets/tiles/country/6/21/21.png",1029,15b01ca88dd91abbb8899001110d1dc7c376002534117f52d01f8998c2432fcb
"assets/tiles/country/6/21/22.png",1212,5f17ff7ad21488b41596f6b2a3ca1baef7690b4390fb31ebb383a1d88c32c97e
"assets/tiles/country/6/21/23.png",681,495d0d5c8083373be6a7473e8fc935353a6eb174972185665c5297234fa43c68
"assets/tiles/country/6/7/18.png",1085,73444e548f2a5d91f7e707b47deffee8f426007a49ae965c3c28314595021888
"assets/tiles/country/6/8/18.png",802,52f1c1cda86f07815073a19fc141d6bcf42c64c4be4fca955005969246fdbdae
"assets/tiles/country/6/8/19.png",823,81c2b2169ca919b3f92402cfed744a255847610e89c4240ad9aae34f0fdc11b8
"assets/tiles/country/6/8/20.png",605,ea4b1141cb888b77ff6f5ca38915064fb807ffd256c5872e059cd733c5bda8b4
"assets/tiles/country/6/9/18.png",736,117ae92ccdb0c45edad43f2b73ec67f868413f8fd6a8ed54848ab7103ed8cd0f
"assets/tiles/country/6/9/19.png",595,439758011817da585e25a2f6c7f0dec2e65f8dbdf0566374f817d957ee55e09b
"assets/tiles/country/6/9/20.png",711,7fb6e3566f54d55e44e811045aee7291ca8ff9a03ec56f4e0dda38c8dcc98a87
"assets/tiles/country/6/9/21.png",768,9c0d101753c8ab7649b48d356e55dc066a521dcdf381015c2df1d32f9ac39e29
"assets/tiles/country/6/9/22.png",718,07049c4edc30203d788affc9af3b9e03945940e164da17d8eb680777eda92e38
"assets/tiles/country/6/9/23.png",734,bc7c553adff7903c8d56b8455f49f08d3e236cb3b542ef2605eaf4192862420e
"assets/tiles/priority/3/0/2.png",680,a549c7cb7b033239aba1f3c139b2619b1f0d499d9ecfc8f4cc3349c2229dcdef
"assets/tiles/priority/3/1/2.png",2533,1629b0453e2dea91ab16d8c49b5798e4171f1e30c9669c23d8f9455a80cd42a2
"assets/tiles/priority/3/1/3.png",2125,1da25e89debd5b4feb70b3ffac182ee396a512cdd7aafc2cd692023f8023f15f
"assets/tiles/priority/3/2/2.png",2317,e23e06a98c363bd62b221f56a6fe62acae53e5dfaf5e004225b247db8c96c85c
"assets/tiles/priority/3/2/3.png",2182,f4f28200e25b7018502a8ef39f695f23bc33d5c0fb23f9f31f337f4c2ef2c12f
"assets/tiles/priority/4/1/4.png",725,091c0ce5bb7fb84da678e2ce6b5b291e62110dce31518d86c4f3adeb974b22be
"assets/tiles/priority/4/2/4.png",922,63c80adfbb66c68b261a92ca30a2a9f7b2cb1a63e39a695b7c38cb8b2d308461
"assets/tiles/priority/4/2/5.png",2914,1556ecca411af8e68f8046cc2f5c749dc1d05451c1a1ef1813c590290cdb95c6
"assets/tiles/priority/4/2/6.png",709,da3c6b6362d8ccea65ad8ae2b7750482ecc7e8e526a3f2b2040246b31070c1db
"assets/tiles/priority/4/3/4.png",898,eddc150930c1e3613eb075e2d5f86b0263902769597946136a26103b6651e5c6
"assets/tiles/priority/4/3/5.png",3289,ee2491bb90802fefe096ed596e9bafc93d60de8fc9339ae2d064021e3dd0e806
"assets/tiles/priority/4/3/6.png",4976,000b9a38385b407eb8592dd67d48cbb8df06b27ae3a80a812a2e006e8adb5dd1
"assets/tiles/priority/4/4/5.png",4481,76bf9593fab6748143d54728c0e3cc354ceed00e23c6676d01c30f2b658ecb34
"assets/tiles/priority/4/4/6.png",5076,6ae4712845927fd831a4cebe87fda6427ceca6bf02f7682dc12634c759a33ddf
"assets/tiles/priority/4/5/5.png",1408,7d950d270c313deaea01d7ebf9f72c58a1e0cd8291bb4c4fab267a3cf107ccc8
"assets/tiles/priority/5/10/10.png",1327,379954eab9ef9e7c1d4567e2c6eb39325db5616256545f790c23f8e73ffca816
"assets/tiles/priority/5/10/11.png",1585,423af919b9655d25ac248cb33035c7ba654e7b14ba5ccdb5b8f3d6503a4a70f2
"assets/tiles/priority/5/3/9.png",883,86f8ee301b9894dde1599182c35487ddb078df607b2415b0b592e167b1644166
"assets/tiles/priority/5/4/10.png",843,feba946c6dbd4be76c1ec0ba5fd9fb643923e201e57269812c6c809037e06b1f
"assets/tiles/priority/5/4/11.png",1000,8ec44aea41ada88e99748960d3d1f833ad1f57864830e9cae21535d1ac4e71f8
"assets/tiles/priority/5/4/9.png",911,cffdf6649ada57384c8e906656f1b8e91aeec4bf073044446d60b8ee82ae73a6
"assets/tiles/priority/5/5/10.png",977,9299518897900793c45de5c4a8c3287159423f03edb3803aa199027bfd228cc1
"assets/tiles/priority/5/5/11.png",5912,22a01d06e0d31f7f6a4300395080ab756c35496b0ea488f44d6fb10462a3162e
"assets/tiles/priority/5/5/12.png",914,4bad57c808af5b6fa11f9df1f22406398d5d4e90974fe141b07b8c3d951be0b5
"assets/tiles/priority/5/5/13.png",621,ebb00a8c72851ca6121212874223cd3ad69f48692f6471bab299a3dfee4fba17
"assets/tiles/priority/5/5/9.png",956,efb8265e33c1a8a07992eb0abf4e68abddf55f5e26c6ec64bd600cf6afe4af37
"assets/tiles/priority/5/6/10.png",711,cc223fb47ea3ad5885dbb77b9b54b88143820c4bc4ff30ea56c312db21120ac2
"assets/tiles/priority/5/6/11.png",4169,9bf9d3caee27cfcc66519b67c2863602d1936e65051cc5254324d7650e4983f0
"assets/tiles/priority/5/6/12.png",5188,dc4652368631af444661323022fb3149d124a53b395b3add8bd98d8e0561b45c
"assets/tiles/priority/5/6/13.png",1612,7c5dc65b116a5c7a44750dc7d225ad0eb28829f7323af0b93ac06c5f1c44c7b9
"assets/tiles/priority/5/6/9.png",840,56ad9ff1f9693b9dc3df3bd17efacbd3767d8d68f77018ca0607053568af983c
"assets/tiles/priority/5/7/10.png",681,0f52a8575c41ad1887257e77d76bc1b0935f546a37ad9fe2243f571c794c083e
"assets/tiles/priority/5/7/11.png",4245,06faa6f738cc5b5402895b6dbffb35b125ea53bdee7c2676766ff9a58a229ff4
"assets/tiles/priority/5/7/12.png",5221,3d932c052cadfb3d71a8a988c5689fd0c2db5384d647264c2a856bccfd72acd3
"assets/tiles/priority/5/7/13.png",3718,ffb320ff8ae086ece04491ffac0b447a6e6a1df019ffd048aff49469c892a05e
"assets/tiles/priority/5/7/9.png",719,c008a2466e98b5f083f31f218ebd31c9c877d0f73d8794e4899e51116fddd0d9
"assets/tiles/priority/5/8/10.png",816,185c238a390fb1c488d3af6823406f4b1804dcccae7677ae8f1a9c8e8cff4a4c
"assets/tiles/priority/5/8/11.png",5815,dfb4072ca6fbaa0d6fa8f92c61e5c3e5f7eb03aa819b14352ae6904e21eb77e6
"assets/tiles/priority/5/8/12.png",7954,bdb20eddddfc8994f6dc77a570320877cdd8aee1fd2638a6aad0500c2231738b
"assets/tiles/priority/5/8/13.png",3503,0b1295190b7f70261cbd79abe1127f743391ceacb884d2afc4a87e71b8f66e68
"assets/tiles/priority/5/9/10.png",882,121dbc37905c9eda70d7e1a92b2fdb2f469c75dfb4d713dfff43f51c3736326a
"assets/tiles/priority/5/9/11.png",5158,fc6efee0406270661dd7889b92c0d6fa1d3f5fbecad1a9dac844a2a4c3ebfbb4
"assets/tiles/priority/5/9/12.png",4037,f1d5d67e4315b64715dbade04f863c4b7cef0c28638664df53e0b43003db7152
"assets/tiles/priority/6/10/18.png",657,adfd8c520e9cc3cd56ef8be9ec0e54f925f3c58d11f7673fc55c2fd3d0569fbd
"assets/tiles/priority/6/10/19.png",941,4a2dd1600b57bdb2956c3c108b2c4180a9f766c84ea03263c1531844798a71d1
"assets/tiles/priority/6/10/20.png",595,e793b4730bda0f061e3dbcbcb83937e3ff991c6f152cce73d329ee0133e452ed
"assets/tiles/priority/6/10/21.png",1197,1b8169581a8de8535046332d5e05fed212b085c6243cb3fda5b757ad927549de
"assets/tiles/priority/6/10/22.png",4671,e4acd91229a1113e73a2c74617b94a13b70d7a45de343ebeac6951d7004045f5
"assets/tiles/priority/6/10/23.png",3476,628aa0f7d262309c5b5925f605a5df2dc4cace71700e8a17415f50f0030a7f5a
"assets/tiles/priority/6/11/18.png",855,a56107cb1492de17cafdcfe76c8cb91ed4033f129b54c336bcedf272d6c74119
"assets/tiles/priority/6/11/19.png",641,d0148b6feb09a6a12da631b8f0dee8157b2455bbeb3c833503c63cda2c8605cb
"assets/tiles/priority/6/11/20.png",595,e793b4730bda0f061e3dbcbcb83937e3ff991c6f152cce73d329ee0133e452ed
"assets/tiles/priority/6/11/21.png",820,eb712e6e043a8201207ee3127b3176e4ff4e88028b47e842d27c7ffb0868ea34
"assets/tiles/priority/6/11/22.png",4271,46ec0ccef0a1e26787a83fe1f58f8b8c8565e6ebaf00664255a2fe96b2c2b009
"assets/tiles/priority/6/11/23.png",2874,80ecb111ab468da5222e68ec4dea38cf357095b683a28111f26db767d417912a
"assets/tiles/priority/6/11/24.png",646,48bb46745b5f89f9e0b03637453d91fa18f307fa27044efd301719c04bb06e16
"assets/tiles/priority/6/11/25.png",1132,fa5ddaf4808aea0dad9f1b9d2c6df23dfdeb1758d831b68f4aed89c32f697dec
"assets/tiles/priority/6/11/26.png",660,9099f3c7fa1ee2bed55f1b97d5f13fbff4ae43ebd82b2e585a7fca2a6ab31611
"assets/tiles/priority/6/12/18.png",769,a05c420405674647ecc2c18f8381dc403f7375f624bccb1596ac1a7a8cf3fa9a
"assets/tiles/priority/6/12/19.png",632,f6ec273f72f838bb2556ffb5b417dd8785e007d340c954c2d8d6921dab6b4311
"assets/tiles/priority/6/12/20.png",595,e793b4730bda0f061e3dbcbcb83937e3ff991c6f152cce73d329ee0133e452ed
"assets/tiles/priority/6/12/21.png",717,c7ed7167af82e4f2528e076a9b8b15d40d3575f0b40eb1280abeec50271a878c
"assets/tiles/priority/6/12/22.png",2464,bc2fb63a0df562a7229942edc09bdc9270683406b2938caaa0504d9e2f7481ef
"assets/tiles/priority/6/12/23.png",3475,3a2d845c4ed0d9a89d4fe37835a1b61c39f826a9fc346051e30837006dc863b0
"assets/tiles/priority/6/12/24.png",2099,cf629602942012ce9c2c2200f19dd3da3e26b3f6d4b3badb3e67106e4f776520
"assets/tiles/priority/6/12/25.png",3876,ffae7f2afe39435c1b87c69cf80ac1d19c9b12231915da3553f94bb794e4e237
"assets/tiles/priority/6/12/26.png",1329,4ecef0856b5663bd151fc4187768fe3571e544382eb6863e0d506287bb963489
"assets/tiles/priority/6/13/18.png",711,529f8b71f64868b61e7a53032d455cdeeb6d64b0f6670b301ccd36a81200e696
"assets/tiles/priority/6/13/19.png",610,002a5a993d6107dc46962b5363c864669cb2ed6e7778308ad40948dcc55ced2e
"assets/tiles/priority/6/13/20.png",595,e793b4730bda0f061e3dbcbcb83937e3ff991c6f152cce73d329ee0133e452ed
"assets/tiles/priority/6/13/21.png",725,b2202a56013f8da5439ad94d373013aee89ea26adfd2c5de5558384305dff24d
"assets/tiles/priority/6/13/22.png",1360,c811630480370dde5ba2c93901644f3d4016ae8727a3e196ba6d314d5dd8097c
"assets/tiles/priority/6/13/23.png",2379,01e982b1093df11a32ba1997794c446717f96303a01fc3632efda16dff6197bd
"assets/tiles/priority/6/13/24.png",3653,4641a205aab09eb96b7f63bb6647b626e251b22e0747253dbdef979b6f31526e
"assets/tiles/priority/6/13/25.png",2899,ef0b0a2411ee36d298ca687f2f83b7164259634e6f24c8ecdfdb6ca69c337bc7
"assets/tiles/priority/6/13/26.png",1791,c86103a6710b1ad29e81ff461c5c8532dd4b4d00aaaec8eadebfdfa528d86c4b
"assets/tiles/priority/6/14/19.png",664,6a378365f0471aeb8c36ed567a83e7866294c2d59b2a794b99e294d148db4a71
"assets/tiles/priority/6/14/20.png",595,e793b4730bda0f061e3dbcbcb83937e3ff991c6f152cce73d329ee0133e452ed
"assets/tiles/priority/6/14/21.png",659,049d1cdb84f8f7d0871afb211ef2d8da7ec5244d27c5f745511ae08bfb5b8fcf
"assets/tiles/priority/6/14/22.png",1347,2834b7624d052fcc97f79faf9b29186d79d3e26336055f3f02943405497b9fa5
"assets/tiles/priority/6/14/23.png",1378,269a1ac43ad9186b27f77814c88b73d5b41eb15aa492bf1d4af6d5b897b67842
"assets/tiles/priority/6/14/24.png",1958,4304d91d0f9bf8248106af25b3b8e3b6eb79f116a1e86b1643cb0edb4b2c6f01
"assets/tiles/priority/6/14/25.png",2810,63911536f6c70b495b8d89fd8c6c97381a31f153b009721a2db6321f5ce79e89
"assets/tiles/priority/6/14/26.png",3520,b1728a27d41b9927de1aacdb12d1549604915020d837fb7fdc7957f1eceaa414
"assets/tiles/priority/6/14/27.png",1082,8a91864e05d9073c9659c0055748b0b75c31ddf50eeab3b178f68dfa70db3c63
"assets/tiles/priority/6/15/19.png",658,f3762868acec3f9fc541e569977f2928862813f371b0a60df4c6c9bee890a502
"assets/tiles/priority/6/15/20.png",635,f0ca824f2f58c492fd5395b8beb8f16a020f7c5b38cd0c74f63ab0f03de58fd1
"assets/tiles/priority/6/15/21.png",628,202e5d4506b303c142aab3212b71d4fe7745c3781249b617b1cacfaeb104b801
"assets/tiles/priority/6/15/22.png",2881,db7f8d9f1d37d76887dfc2576c5a0eb598f670009056d63fc12e0dde6fad746c
"assets/tiles/priority/6/15/23.png",2583,e0d1097154db100b01bd881740d00a1bd1a6737b20867b3e807f6810635e1f51
"assets/tiles/priority/6/15/24.png",2578,790e2045f1d343c76148101c20d29ba3a5d16086f1d847b0a67ada2eb6739595
"assets/tiles/priority/6/15/25.png",2838,b058c7b3dcea037a6629bb4035879b3e1812c6d980b93d0b71afcb71980fd5a9
"assets/tiles/priority/6/15/26.png",2283,bd1aa4543ef340153b0faf046299ef560318dc27f1eb1e34815c23e019e15123
"assets/tiles/priority/6/16/20.png",696,a5348d635e8ebf458ddb572c0b6f02c2e4ff65230c39993d271a6c90f3967669
"assets/tiles/priority/6/16/21.png",698,759cf539b2c877250545d35fa871d91f84909931a35a78b02fac31259a0f22c2
"assets/tiles/priority/6/16/22.png",3056,68e13b34b2856bb05cf245389456ad85031476e5779fd4d2d61f6ba461735115
"assets/tiles/priority/6/16/23.png",4683,e13265c559c85db99dbde6741fba65b924726d657989d005465b43ca3e730aec
"assets/tiles/priority/6/16/24.png",4023,e66b38f99775e87bf5673880722a8e7e64dd3bae1b6eae7600f4d8d0ae4ea495
"assets/tiles/priority/6/16/25.png",4479,e1d65965b9ce5b22ebd7aed61b18438bd9bdc2143d52d1fec7df1d040c765ebe
"assets/tiles/priority/6/16/26.png",2424,d0e8efb3af1572d8215921097b764afa41a32ed6d8910ae741b0d5191796329d
"assets/tiles/priority/6/17/21.png",809,e25b12b5a8208302616258c4dfc3f49b6381d9fd1c1889cff407f2552e81a915
"assets/tiles/priority/6/17/22.png",1278,6acd2a574213d34a65c6753115f537fd5127dc87759d8003f4db988dd59ea3b3
"assets/tiles/priority/6/17/23.png",3829,0b0cea27be4c530f7db43b79606e312c84f57dd1a3c8a336130f7bfe69207b0a
"assets/tiles/priority/6/17/24.png",5576,d46968b01842ae09af7d0bc0286c6577aa15aa509d109208cacdf2f5b7d8ca83
"assets/tiles/priority/6/17/25.png",5666,6a567f5648d720b04cc5ddcac4ac65b2b3a220c4928bc1d4643ca7ce59b88f20
"assets/tiles/priority/6/17/26.png",3699,15070b63bb4174e1c8b5441e61015e33e4ee4e78784333f28b2f38515224728f
"assets/tiles/priority/6/17/27.png",1860,cd988392fe63610ae18a0939193d64393e9293dccbcc281c5b0a60385a454ffc
"assets/tiles/priority/6/18/20.png",752,f286f61f340e216c4d5092d8d3c2d0ae0b4e5927cbdc20490b0bb2b7544d3765
"assets/tiles/priority/6/18/21.png",660,e229f7cf8946836158f8568c8be5f6023fea2bf0c316ec25f3fd6a59ca83451c
"assets/tiles/priority/6/18/22.png",595,e793b4730bda0f061e3dbcbcb83937e3ff991c6f152cce73d329ee0133e452ed
"assets/tiles/priority/6/18/23.png",5251,0048d0f8f86babdfd01cc698fc216ef8bb20a2b991bb977895942e413bc16303
"assets/tiles/priority/6/18/24.png",5927,15aa396f348212c19f3244e0aa054bdf2258464933d05328e97ef25ebae084c0
"assets/tiles/priority/6/18/25.png",2619,683923cbb576cbb07d7224533534f5a75b4b6d4524bf2baaf22d166f92681164
"assets/tiles/priority/6/19/20.png",827,ba345f80f67263339731fe000a98eb59bdf36bb1c79189a08edb840bf3a9aaa8
"assets/tiles/priority/6/19/21.png",683,7922991e35004723bbcb7df95b25af67a77a00bf54dafabd4ae91d9e6687504c
"assets/tiles/priority/6/19/22.png",1987,f4464d82079d3e081d217da5a89341de6fd570d82b9a41a8d6a248cb464a15ca
"assets/tiles/priority/6/19/23.png",5512,7eef62d5da3a2eb4be5a005c44e03e289990d462bee2975a14b809c86d12b923
"assets/tiles/priority/6/19/24.png",744,866afc9c0b283fc996b894865f201f3b55dcbdcfc5f6d20c52dd8478b9c5c36b
"assets/tiles/priority/6/20/20.png",815,56354aecf8a901ccb12aad0e8bfc48d1658727c8a1a9abd721034d5fd0849319
"assets/tiles/priority/6/20/21.png",1500,f4fb72688f81a7f3c7421682b1645b607c401e0a71b7f7ae97ab4579f3fe8848
"assets/tiles/priority/6/20/22.png",1484,dab81d4d610a361b6dbde3531b1252c451f656f8da83768a5f4d61e10d29eeaa
"assets/tiles/priority/6/20/23.png",1303,5452e2bf86148c9eff515697961c34624e6f0626d35395a3c3a5859f877857f6
"assets/tiles/priority/6/21/21.png",1029,d67b334de5a1da00e4d175afc5b0586a0eb24359326eb244e29e382ba2982877
"assets/tiles/priority/6/21/22.png",1212,f79e3d4a9918ff72282bf861c229aeb6417be7132c56c5a1189585744d70d38b
"assets/tiles/priority/6/21/23.png",681,2f14f77ba6b6be86ca5ab74aebaf75f1b908419f805a64085d6fa1ee3f94e4cc
"assets/tiles/priority/6/7/18.png",1124,3d98ff1053a7d1552faa788d4bbfc08b717cf0b3a1c84a4cd465f6eaacd35aef
"assets/tiles/priority/6/8/18.png",802,9a3734c5e2dfcfee50295e94700206ea64f16cf554ba1f6027a99f639b54ce75
"assets/tiles/priority/6/8/19.png",823,0ef2571b0752570a72f3c3d9e93f8f8b1b2f0b235e13deebabcd07b6da33b6ca
"assets/tiles/priority/6/8/20.png",605,691a512ace563ff5065fcd58d1d6b94b967bde185d3d78720108e2dbf7a23b1c
"assets/tiles/priority/6/9/18.png",736,114abbc1f68d89c54ed72f24d2e971ff095520f83c9b6a743950fa8eea70ae72
"assets/tiles/priority/6/9/19.png",595,e793b4730bda0f061e3dbcbcb83937e3ff991c6f152cce73d329ee0133e452ed
"assets/tiles/priority/6/9/20.png",711,96559705a5b0d46bffbfb069ef6a260bd4a5592a88a356f9e3331c969ee0d75a
"assets/tiles/priority/6/9/21.png",768,8527457e13552e3a0ec2855e2c249d247370276635b0b56a7a8a1b48af426231
"assets/tiles/priority/6/9/22.png",945,3c2b8be8b9faae108c8e06f5a1d8b1f0d7bcabf09e07bc58bbbc168ff6d9466e
"assets/tiles/priority/6/9/23.png",1176,43137a99a6f7b28d8868c2238e5f1e827cc64fc961bb738ddf94130248ede505
"assets/tiles/reporting/3/1/2.png",735,512f4e70dc6666758d1de8f26f6cf86191cbf3b748305b47a03cef0c16d1d0d1
"assets/tiles/reporting/3/2/2.png",980,1b1f8ceeb2ae2dd4d46f007954a539bb905ed88ed84a3eb90c79dfbd0e0b7d62
"assets/tiles/reporting/3/2/3.png",655,e92449384828c9d5f8e62b8e4157bc083be71e801ce77ce5b942215112c077a3
"assets/tiles/reporting/4/3/5.png",869,368ac78244c8e5e37df3ac8d86aba1b15b1aea5a0a6f3dc803b5da3fa493a7cb
"assets/tiles/reporting/4/4/5.png",1355,33b21eb84e1192b975a15be6cbccfb119f1f9d974c6d2c81340e221697a7dca6
"assets/tiles/reporting/4/4/6.png",696,981b502445dd5224647fb5372ad2a85b315a0a359f101585be1fd0e25cc20c5c
"assets/tiles/reporting/4/5/5.png",621,dee942a89f35ee2fce7027f95194b0f9fd4a29f68715f9b274a738d75f3c18bc
"assets/tiles/reporting/5/10/11.png",640,3a5ea8ea6ae3d85cdcaa9cc26eac60ded5d46bce3981ff98f09acede0a552ae8
"assets/tiles/reporting/5/7/10.png",633,f88c433f0e839fae224dcc42fea9f6e24ab8cda55c3613829e75beae34c59ecc
"assets/tiles/reporting/5/7/11.png",1016,c07ec29541b233fe4dfbd066f3be8440c4c9702b5bbec61f264865235b34ce45
"assets/tiles/reporting/5/8/11.png",1469,80ad1cc7d5fe645f197e4119590a3295b9c421fcc56c6a7763b20eb93a26677c
"assets/tiles/reporting/5/9/11.png",1223,f74f298eaa35abf53e40e002920cef1863fd0ccc31a18f99333df575dfe41fa8
"assets/tiles/reporting/5/9/12.png",773,23b5fca2740541687cc1ac9faf0f375610a63ccbd2bc1615efa260d477bc2081
"assets/tiles/reporting/6/14/22.png",601,2fcab73cefc6afe95a9e0a1d86639c2d3172299e2f9cf8c02ab076b428d59fac
"assets/tiles/reporting/6/15/21.png",615,8e2680293d56e778b4c9af70d282a0db7ae4578626c5c755bc75f451b3948eb1
"assets/tiles/reporting/6/15/22.png",960,829aa503d549648f46d459fcec78d21bd0b08bbe2e8ef0e5892dc92066a7f043
"assets/tiles/reporting/6/15/23.png",789,21cd600ed6a3ddb153be6ec0c113d73fc9033bcd6af1add431f6beb2240e98d5
"assets/tiles/reporting/6/16/22.png",1346,7b8265fd84efed1821091299d8bdd65af2663c20f4181c0d4cc98c2fe63c4f3a
"assets/tiles/reporting/6/16/23.png",1000,222d0158be70454d9dc408daf2adfa7ee74d0fca82cc14fc1a70cb6b1074d510
"assets/tiles/reporting/6/17/22.png",746,05dc5f043ca8d09f0cfb9c73d06ee862a209e61bbc276f8c8a0a5e315da28ef3
"assets/tiles/reporting/6/17/23.png",786,93d89dbb952216b874f05d52e4f238ee76cb488495f280bf1817017ec0236571
"assets/tiles/reporting/6/18/23.png",1042,019485f20f948110bb5597b76cb052e847232404756c3881f405da3463456eda
"assets/tiles/reporting/6/18/24.png",888,940b0cba5264e5a0ebcfcf5f685ccaf059fa36bc5711870664a958f371c0fbd7
"assets/tiles/reporting/6/19/22.png",954,30291e6bd4c48fec7b731fa789ee122231a429037c1292dd33ef908cde2170d2
"assets/tiles/reporting/6/19/23.png",956,afb7cb05b40ed56dd782e23065986ac6eb1e0655f1246b1c096e416a2e017cbd
"assets/tiles/reporting/6/19/24.png",648,49831e95ddf0b862f9193e51a3cdad6b2ccf81fcd52b4f8f7a67bbda1aed23d9
"assets/tiles/reporting/6/20/22.png",643,fc7b7bb41b32361402f48331fa7f4714558493bd3205b2005456262a1e96e7bb
"assets/tiles/reporting/6/20/23.png",638,0d79c828566ed6f17a3438ac11f57e912c9dfd3ceaac2114bda15c5f74d11066
"assets/tiles/source/3/0/2.png",695,248435f7a80ff5fffb40857114fb829665d54bcddcd67d2cb5198723b222ac06
"assets/tiles/source/3/1/2.png",3306,7061178aa08eb202166bac7ab6058a797c97d238d8f172791ea7e4d76ac46fcf
"assets/tiles/source/3/1/3.png",2182,66be1c0df36898d13da24e442ccac4d2790fda3e82fabe9735b9371dfba376eb
"assets/tiles/source/3/2/2.png",2790,2a841a64816e44cec26a70d21f19ed887d4db76401f41dd323c803fc514fc502
"assets/tiles/source/3/2/3.png",2320,8378d428513972b062e6113853e131d3750ceb2fa8e7d3b19b7a21a63284a9e2
"assets/tiles/source/4/1/4.png",783,5ca71d5f6f8d8c442890861988e416e8922403d6a87deaed93f9eebcc7d1d9d7
"assets/tiles/source/4/2/4.png",1383,b7a3a5fef25931da3f192ebbf9dc6cbd81b15cb817411b50b3b9c7bb167428b5
"assets/tiles/source/4/2/5.png",4284,e72eda6e045b11ccab0bc803038ba980186d5324327cf4d7c5c5e2cb9922e6ac
"assets/tiles/source/4/2/6.png",693,044aff48006b3d4dd7e8b281802aaa8622f1bd44a19b339c1a949bfbdfa4b452
"assets/tiles/source/4/3/4.png",975,a7e903b89f8f895e3dc23be63e2e8706da5d0ab606b4c3ecb22c29b75e2f7f4d
"assets/tiles/source/4/3/5.png",4149,7b1d6b4982629dba0f601ce114be8bfd3e58e4619dd79b9006ca5e23f66bf041
"assets/tiles/source/4/3/6.png",5047,fedf863563d8262c381910dcfc17595016faaa9abff3f47e26f43015464dfeed
"assets/tiles/source/4/4/5.png",5657,5b82904884b52f725ba2d06777e19da4fda6006b99586bdf0cb7e83492ccc936
"assets/tiles/source/4/4/6.png",5293,045d2730f6e75b3ec6fcf43e00f4c6916f92d09ce20b9710672a2b17818290ee
"assets/tiles/source/4/5/5.png",1875,e47af0c3dcbc541ac09b35bccbe12fa0dddca838449e02d1a3ca8a3da74dccbc
"assets/tiles/source/5/10/10.png",1441,90c33525fe2b170d7d8a8435b2caf707a0b8bb4a8e222ab084efec22ad719194
"assets/tiles/source/5/10/11.png",2964,659aef0194303da08745f07a3f1bf982e5129baffb421b0ea1fe753f6035363e
"assets/tiles/source/5/3/9.png",1039,044d3b98e15771abd66626738da2c54e75ac4dc5713de515babb0ea757a00741
"assets/tiles/source/5/4/10.png",1314,847fc9db00d4b420f456b9bdd751a7cbca7ab1e36f1ddf90e2eecf7a44b087e1
"assets/tiles/source/5/4/11.png",987,e05507c4c4f631ed0ad8b4a45edce430b29b70019eed75b1f0d23adc5fd4fdc1
"assets/tiles/source/5/4/9.png",1628,df171e7125c20736432bdecc013ed3c368d601e77d2cd74e0f341ab4b1e16f31
"assets/tiles/source/5/5/10.png",4463,c3ed1e39eec6f7d64d20a8041026ceb0944a1acf40aadffeef09306be60f3031
"assets/tiles/source/5/5/11.png",5972,31f4feb903a2dc406ccaecc18c1680f9c01469e6605c512844c70e90cbb6fe7d
"assets/tiles/source/5/5/12.png",895,d5fad0e22d5643d2bffc7388451753cb9389a0b7c1a64fb45ea709f31aa19b7c
"assets/tiles/source/5/5/13.png",621,1440fe926726b548acd0289a908b61ae6d307537e6492e00bf7a61a7f75e1254
"assets/tiles/source/5/5/9.png",1235,b92228532edadbb5cc897ac999f13c9699125bf7b1a76b4bb1ea28beb050e058
"assets/tiles/source/5/6/10.png",2343,aa81ff3ee862dac5af56e5319dc92e6f6e8b195785efc4fc20cb4b8c12b8a026
"assets/tiles/source/5/6/11.png",4216,0b58a308818448b9496c2ba7b160fb0876c6de1fd7366f8c219f022a20d016f8
"assets/tiles/source/5/6/12.png",5224,c6da11c02c4d0ca171bdb1addbd6dec9a55b96ce10377467f81d2fa34ca39df3
"assets/tiles/source/5/6/13.png",1590,ac2e501fb4da846ec920eb9b61df7e0cde539d10fd68d9a694474c0db658b272
"assets/tiles/source/5/6/9.png",990,d320e35ffe4669dbf326e567ab17e4eeb55a83af173c24a1dbdb2e071e3526d4
"assets/tiles/source/5/7/10.png",1632,513dc9edd2faba3bbb7b19a6897240dfd984cd98a5cc1d0a38adcfabfb7d850f
"assets/tiles/source/5/7/11.png",4197,a32109d1c4fd2744141287684d98df59584a4059a06ee5baed31905ee5319990
"assets/tiles/source/5/7/12.png",5313,644d234bea60032477733eb799ecd8626fb5350ce158fe5558f66ff3ddd24c0e
"assets/tiles/source/5/7/13.png",3793,6a151ad02e7596a2a6dea6a3a7089a8d0177573f313161bc53c1ba3a9666d667
"assets/tiles/source/5/7/9.png",765,3fb7fef4ad8a663ba70577efa4fef462810d3c57a1a51f1c83c4ab03791da507
"assets/tiles/source/5/8/10.png",1204,6338d352f86e72a336c08b920bcab2829291601cd1e192bececaddc1885013cc
"assets/tiles/source/5/8/11.png",7384,61761e56011482cf6b1cdc04066dd641f9e01a9d36edec18ee888bd02cb693b3
"assets/tiles/source/5/8/12.png",8264,fc7522f6f00d262dd12cdf8cdd1cab46e3832f0df77f1a2865ebb67856bf2111
"assets/tiles/source/5/8/13.png",3554,0997103d8bf2f044b0b04b9ce6be1c1c32bbf7bef367db26ea38d0d6158776c2
"assets/tiles/source/5/9/10.png",1100,6996e41b96c23ef0ca8768d93d8c382d9a4f74649cbed7ec53ca801c628a0f1a
"assets/tiles/source/5/9/11.png",7053,2b484e54bdab1b55cdaded7c6cca07cf315e7980d49c996fe9074c9423912699
"assets/tiles/source/5/9/12.png",4091,550e29e787c24cf23ea9a974a8182101f0ae0360e0340ea51171ada47854e3c8
"assets/tiles/source/6/10/18.png",699,28ce3db22b78a25ceefb14f08cbacf163c4cb17850cbf9619a4aac9e2cd69b99
"assets/tiles/source/6/10/19.png",1350,e353991e7b877350ba634f4bbc04d9d06535062f9b48eafbc5f283093daa93bf
"assets/tiles/source/6/10/20.png",1692,2ae2bfad4acf255c323e1b0be4c838dc10b138699f96f0488cd0456afa45ec6a
"assets/tiles/source/6/10/21.png",3266,933ff894a7aea368f8f79d383dcff28503f83444ce99e0130d812cf2991bf4a6
"assets/tiles/source/6/10/22.png",4737,d27cb1b5f0573c9df1ecad20fbaab040f1bdc77298ebd18432113be25e9ad701
"assets/tiles/source/6/10/23.png",3403,4e1f778487ec748c7ca44399732e34f9c4446bbd60680ad0aa3caebe63ce629e
"assets/tiles/source/6/11/18.png",855,ee9ee3d810400e897463b0bffcfcfad2ac10d9a82fa2e110aeae56ccf2925a72
"assets/tiles/source/6/11/19.png",731,0d3eb13a850187aba109453b9acf62c86d92628894e414ed2bf83c18b3048771
"assets/tiles/source/6/11/20.png",2305,7f223c6e5f8962da254fcdfb9c4bf1137d2b398b1f9eab26486721390f81e8ec
"assets/tiles/source/6/11/21.png",4267,ed7f91718d59403d29e3383eaf39c1c312bc0751dd7e7b794abdd3b5c6fa6349
"assets/tiles/source/6/11/22.png",4318,5b57be17904db1d53e94f88bc034f6a45d880f887d705f89474df8815d7a9802
"assets/tiles/source/6/11/23.png",2889,120f3aece42ba90596402bd2bb15920aca7ec4cde26f4c6328d220645d038826
"assets/tiles/source/6/11/24.png",646,53aa1f29b5a0f4da59726fbd13aac8dcd2919a7bf1f60b3f2686d4d0c01d1b3f
"assets/tiles/source/6/11/25.png",1091,d744830e5d41b02d071dc2c7a12ca40fd1da691c79ad329d7f762d831de0347e
"assets/tiles/source/6/11/26.png",660,941446d22d6ca5879012fb7ce6a7d382447bd513a9b87b5ab9f59a47ba74e983
"assets/tiles/source/6/12/18.png",819,41df0f24090b357d9cf6c89752f55b8d5026179897c70a98bdf5366fc8543765
"assets/tiles/source/6/12/19.png",870,7bb7b145e639f021f3ac5e428cf1f10d0f9668de9435d221da32d5a01400ba1a
"assets/tiles/source/6/12/20.png",1265,5a4e32fdf6402ed71637e16369fcfef68070924639cb56fbec467bfeebdd4465
"assets/tiles/source/6/12/21.png",2238,e8b659e5a662d5dad935756c65e52e2b6b8e82b318ef89f65a5d262613bef849
"assets/tiles/source/6/12/22.png",2479,d60140571fff7a5757d17146ef0e09119d8b1833af65edc063fcdcca5815653e
"assets/tiles/source/6/12/23.png",3519,4482d04d1675b1c9da849f59ed3aa4d27589d3b627c844afcb8ea8bba9968803
"assets/tiles/source/6/12/24.png",2129,34f38d7a9f362a322365056fe6fc6b003b5f2a049133ebc0843f961782991f6a
"assets/tiles/source/6/12/25.png",3877,472336674d25354db3f646abea368543e8356496d974762f3eaa84c66596bc15
"assets/tiles/source/6/12/26.png",1293,d61866e417f5cac30f2fb88ec80d16470e5d4372a6fc7f0fea43257c4c062030
"assets/tiles/source/6/13/18.png",711,a9b1ac376e8dcf3c3147c6622b507b2b0ae044443ac9ebcc8ec3de8ef87b2935
"assets/tiles/source/6/13/19.png",640,96231c29033feb3f1ea67c9114ed08a4ef9cf94ab96fe330abc2617ddfa60967
"assets/tiles/source/6/13/20.png",1016,6b6423d8909e41c300a3530ae1392975374645e5f4b08eec214dd39d57bf29b3
"assets/tiles/source/6/13/21.png",1506,9ae806ca9e6e7e3218457824c7fb3d4c5a9614926c41fadfd72a3c0d6fa8c336
"assets/tiles/source/6/13/22.png",1374,4b0d25c4fc5ffe4560dd963db1bd1b69cc8fc7010d4bb37cad6a7c03fac5b43e
"assets/tiles/source/6/13/23.png",2386,866b5b777bc02b3fa5f42d6f826de8fb4cfaf1221a117e18f4a3c142c76d92cc
"assets/tiles/source/6/13/24.png",3693,ff4b052b6269a8346540c3746b3ce4125b5036842f9000981306b8c94627cfdd
"assets/tiles/source/6/13/25.png",2925,23e18fbd9f215e0365b8fd3d4278ace47e2af67cacde15db83b89c8249d6d0ea
"assets/tiles/source/6/13/26.png",1791,55ae8927e480fed7c32275567c64347e9fe6c8adbaf223eeacbc240f0bcde334
"assets/tiles/source/6/14/19.png",729,8f9da327634b3616daeef6a461c5de2a99ee86844295042ca2c0cc765a6f7918
"assets/tiles/source/6/14/20.png",698,870aa6a798c16dd62503feed35d23a19421b6abceed8e0a99adc2994f6a44f37
"assets/tiles/source/6/14/21.png",1464,9459f1ebe3f5c21170e4ee7e97cc58620d8f9f5cc5d8c478d8f305924eb6dacb
"assets/tiles/source/6/14/22.png",1307,b0b201c4729b66deb80e805b674916de43a2a0158f52a65d853cb216533b6249
"assets/tiles/source/6/14/23.png",1386,6ec862d8d574ac3b4d57107c8a689bb2738569c750b90f814a9cb551d902f50a
"assets/tiles/source/6/14/24.png",1967,117483f132454fa0dbc580023dacbed02e952a52fa0fbce3e1fe17e70a6d4b0b
"assets/tiles/source/6/14/25.png",2840,ba1f331aa9af20c050f39aadf926a0b0aaac2f1e221c8bdce8d79d5b66a495ce
"assets/tiles/source/6/14/26.png",3571,7f06ed84f5c23aefa153146aae7c5ec2c36cae291665be87748635c173ef463e
"assets/tiles/source/6/14/27.png",1070,2547011f474e5829709831f10c73d7dcf89dbce5f0dbdc0800504d9054a4a1e9
"assets/tiles/source/6/15/19.png",673,01518385f53d88a5861989ccdf2383d203182a11a7fd31a0d02c2734aa14a0b5
"assets/tiles/source/6/15/20.png",706,c68285ff6921d7018226e6f52d744fbd17404eba186a84f858be24b36db8238c
"assets/tiles/source/6/15/21.png",1110,1f39010e83e9833bcc195bbba0ffa7224c7495143f669bf03a157b892573bb67
"assets/tiles/source/6/15/22.png",3001,0a396b8b5a8273a5884e896805ffd3d09771da58e3e83dafcf5522eabb48e087
"assets/tiles/source/6/15/23.png",2502,e522d7d153cf63564a9b0d8e3e87483624a4465858280121faac052e698b5005
"assets/tiles/source/6/15/24.png",2610,370a6525e2f479fe3c0bef82356f534187b3d1bde9e14f212b88f18bf0c5092b
"assets/tiles/source/6/15/25.png",2868,ceeab7a2d4a03e06982444315fc05844216cb620e9e3f94713333d1cac7561bf
"assets/tiles/source/6/15/26.png",2302,3b3e200a2f424dab7845988033eb938a53b22b2c14fbf66653f146e8f0ff0e8e
"assets/tiles/source/6/16/20.png",775,b6a5522808163a9191aeef9c988d4ca3a5cdcfa676218bfbe329c24fc9c9479c
"assets/tiles/source/6/16/21.png",1094,92b09d8a53f2b5c504162ea17725f63521e4053210231f4d6d7df2604a714af6
"assets/tiles/source/6/16/22.png",3608,538f4b0d411fc5ea52f6db65aad5e1d61b04a796e42f4247d2f1ae8dfd7a8be7
"assets/tiles/source/6/16/23.png",4655,66b3d6ab736d26bd045e3be776aa63e267b38731c8e465e5857bea91d1d98b2c
"assets/tiles/source/6/16/24.png",4094,ef8bf5455be46180e50444c91e16ad35fa7971a94c2d26299bf37fdf05415d1d
"assets/tiles/source/6/16/25.png",4538,0298384b4aea78a5cafbb799e65cac329d99b5639ca2d13e8a2a8edd0f9987b4
"assets/tiles/source/6/16/26.png",2441,b544861e2e8bff20e656ba79f3c95d6d98b2cc665459ef740a9471a43721d1cb
"assets/tiles/source/6/17/21.png",983,b4b79c6e41fc248be154b18ac816fa62aa22c22f636e9a7afe1503a802d6918a
"assets/tiles/source/6/17/22.png",3275,8c30e3ef840298e70084397c48c78c4f04498eaab8f1f8ff83c36933ea4b9be2
"assets/tiles/source/6/17/23.png",5175,8c0fdf15a8fb0cb3563c90c10f5c1f277ec2085385675add8293207f3fdf91ac
"assets/tiles/source/6/17/24.png",5734,c7b8e4ee4fc3f2957ad5d02a9faa48bd85f34aa2088ddcb68e1413650dec61ff
"assets/tiles/source/6/17/25.png",5871,a2189cc43d7293690382cb0fefe2df8adda22fc9ba154d48e718c7f96e035e1f
"assets/tiles/source/6/17/26.png",3775,2479af788fda4457598fdad5f25184724d7495554f9d7617898e9bbef6f10936
"assets/tiles/source/6/17/27.png",1904,75fd23aace1ad6128125c73e2184085b54c145222e4c869767cde0faa77ce580
"assets/tiles/source/6/18/20.png",752,224d7fea28fe15acc67e04f6540c5f1eea97ef0b2de31e212340defbf6fb5987
"assets/tiles/source/6/18/21.png",873,c94723853edcbc3bc09e72cf0cba5a7f234b6072b5183f674c53b969e6c81f73
"assets/tiles/source/6/18/22.png",2717,4aaf60d34a81af017134626a6e62830c2abc0ea4e11cfafd240c26895c753234
"assets/tiles/source/6/18/23.png",6245,d31f829988448646c3179def47bec1c8a496541031f05bdf949eda77f490d5d2
"assets/tiles/source/6/18/24.png",5990,7b54533944cf65789830a54975e731515b4db96636a3daafa4b652f7bfadefcb
"assets/tiles/source/6/18/25.png",2704,043b5a48cfbcde40941177b5dd66ff75ff8492a2710b50d28d0399c6808d3377
"assets/tiles/source/6/19/20.png",827,1e66652c3989da35255ea4d024505e582373442433c3fd77305f9c843472945f
"assets/tiles/source/6/19/21.png",923,44efd8afc449a9a005d5bf489ab03933061589d9beabfc4cd3aedede3590454b
"assets/tiles/source/6/19/22.png",3863,cbf139a2c42152c99e2a1176e1c90042587986e92770a5899cc4108354b5a9f1
"assets/tiles/source/6/19/23.png",5455,cf44469a78dddae67038e0a35146602ea039dbbcf2bab99375a0a2963e297746
"assets/tiles/source/6/19/24.png",752,096dc3ec2ef390999d2d0f115bf03612194d8b583e0cadddad7fa976140afa37
"assets/tiles/source/6/20/20.png",815,a529f82b61a786bc92d2c889b4bcc11026e7fd1d3fdfb20e3c4ec6022758aba4
"assets/tiles/source/6/20/21.png",1712,f44b385be2576df49b31a72a2f74e0d8944382b4ee2fe9c9e9e65d13b51b26c3
"assets/tiles/source/6/20/22.png",3416,5614ae612e7487357a5b567b6d9e55be1cdc547882042b72fbb4a20e7922989f
"assets/tiles/source/6/20/23.png",2143,2a72c0a76c9674d15cc96673263bd707d41691dbef5cc3b8f1c285845a9605cc
"assets/tiles/source/6/21/21.png",1053,3ed7bc47ea675ff9bdda597cb4e5617dc917f89d73fda25deca058dca35dcc04
"assets/tiles/source/6/21/22.png",1789,6439933464979166f536ae23e7d40795e3b8ab06fcc5701d62ed3c9dc3a91587
"assets/tiles/source/6/21/23.png",688,bf8be5991dae43d229ac9dad30fbbd31e660220054e1988e495eb1f185c5d9ec
"assets/tiles/source/6/7/18.png",1426,c03f11c8cffeea41c76330add12af2b9f631f64d07669a4a2955a9eabdad2014
"assets/tiles/source/6/8/18.png",1354,2020dd859b5a7e76b57c24002fcdc8226f93e5a9a743694b254ff085e77586f7
"assets/tiles/source/6/8/19.png",1108,0419b2fe2d7fe63f4d7713c17035a49f81ce9d40721ae18b2192dd08b7f53d62
"assets/tiles/source/6/8/20.png",605,c6fbd573a70edc3941d7aa760624e2420caaa2941148dc74d18a9aa4dc9d851d
"assets/tiles/source/6/9/18.png",1267,ee0cac0624b09c5b2ba0287ee3575b003d1785e6a3c853c2228d352bdc752877
"assets/tiles/source/6/9/19.png",960,8921668e7c9c3dc686284c9e7d3eda50ceb88b53724efbfad0982e38e7b26191
"assets/tiles/source/6/9/20.png",1549,976ed70b0568e688a08020cdeba78570d947b41008bd0a0dc6debe03cd257ef0
"assets/tiles/source/6/9/21.png",1109,8775ec91dafdff9a45cdb9ca5dc3e8e48543aa3b72d5a6f3d90ea316304a5569
"assets/tiles/source/6/9/22.png",945,a765ce23b9a182797db613e290add0f925a11de9bd5c53bd7eb652177939fc38
"assets/tiles/source/6/9/23.png",1156,849743e98d36d3c80c6baf5e6802209b1ed8296ff2650f67f722f8619877f148
"assets/tiles/support/3/0/2.png",694,ebac4b1a2b75f0d69056937c778165abf18f5e4b86e328c6e4d556e500102d9a
"assets/tiles/support/3/1/2.png",3333,21bf8077399b8aa253ba7a4dec8e967cd13bcc0d8c427c461a3ed2f05b941006
"assets/tiles/support/3/1/3.png",2125,09bc896a8ccf817d8e24c63dc5f8acce7065f3c563ac59cd6a1268bcc486370e
"assets/tiles/support/3/2/2.png",2841,a4b1a3fd1722acea6fdbaf7bd39ed5461de1929fd0733a1068e1703e8b6c3544
"assets/tiles/support/3/2/3.png",2176,e0df247e617b651849519c1fc3d332e9a50288931222b3cdb2ce03e1f53cf408
"assets/tiles/support/4/1/4.png",786,1d3ce1e3336d7390c4bcea0a787351564f688787fc2f3915ebda99406440d5c6
"assets/tiles/support/4/2/4.png",1453,2d990aa74bf6fe0719f2db9674832286c19520f02366ad4a4a2e5e0c9019969d
"assets/tiles/support/4/2/5.png",4296,1fac82096db5b26e0435d371282e0b9ae77f2ff2027274800a87e4017ffcde5e
"assets/tiles/support/4/2/6.png",709,53d223521eb4dffd20f65ac4c373f56bcf4c997d8acf1c0b861a02a74bda1553
"assets/tiles/support/4/3/4.png",1069,e986c6b275ce28b2054fd853bf34a740c41fc55b72397f54bfe4d55535f96de0
"assets/tiles/support/4/3/5.png",4135,14deb7389d1f95c873b6a229e670db72100d794479b2f322ff4fd5fa3df3891e
"assets/tiles/support/4/3/6.png",4976,99c4ed3edc5f1c8b425ee755c4b05b7753d5f8f9968a556bac13af37223e0ebf
"assets/tiles/support/4/4/5.png",5775,f0acdc0a525987d25bfdef0faa760a0c73809ca0388f71542b757bae8d52fc6c
"assets/tiles/support/4/4/6.png",5051,53acb6ddb43001dcf65667911a7660988fac02438af6fe114ea6a6d8e0825b48
"assets/tiles/support/4/5/5.png",1875,10c49b21df4ec01ca8193dbbfeae181f9bbad1ab33cba4222203dba0597bf484
"assets/tiles/support/5/10/10.png",1441,af09f7419216c5c8f940ffe1dcab8b52e4de9da754c620d4c73344aef3ef3c43
"assets/tiles/support/5/10/11.png",2964,b5a1852b728f04d1c6f2355e26fb5d5475a42f89c9cffbca9569363dcb1470c5
"assets/tiles/support/5/3/9.png",1041,d9dc4b33d9ae4385f252d2efe74c7fceb00577eb4e7f9c7ec1ce84698d9e8e7f
"assets/tiles/support/5/4/10.png",1314,d8a0f3d83e1104014cbaaa87f6aeb2519d208d981f233f690c546e8d64c71deb
"assets/tiles/support/5/4/11.png",1000,80d91d2e046e7ecbb8045440aa57ed6ba7cd32697d79b31ddae49aad0325cb56
"assets/tiles/support/5/4/9.png",1750,55bfc6fa4a0edc1acd97026dbf53ebbf21c58d12a16aed3f45a6e3abc57e48ab
"assets/tiles/support/5/5/10.png",4463,1d42a6f9533fef406a723793ca4101690990697b08d7a3989b63a1a2aef6f050
"assets/tiles/support/5/5/11.png",5912,2ced84b334d5e831608425b30d5eebdf2d29b0fbf349f267b44bdeedf1b9094c
"assets/tiles/support/5/5/12.png",914,659042cb6f2fb4834662aaacb9ac1dc5a63a9acffd1272aaaddcfa9762cb7858
"assets/tiles/support/5/5/13.png",621,d1cd276db3e90cbcba22435f9eb46cdd4b4086004cea1d2cea652b5ef0b83359
"assets/tiles/support/5/5/9.png",1320,a465b72b8a47601d8577f15400dc97ddcea9c8adaf72c0a01720ffe47b5391f3
"assets/tiles/support/5/6/10.png",2343,0ee306a798895ac6163310a1630f9057c122495f4c00435de7cc4e09531aa065
"assets/tiles/support/5/6/11.png",4169,733eb27f204ae0ae0b9d367656df3dbe7691b74c653fb009a2b94460e5d25d17
"assets/tiles/support/5/6/12.png",5188,27012df19bab0f51491c47277bcda885474776a8c28e667e90257c1eae343810
"assets/tiles/support/5/6/13.png",1612,77d0c340d5578aa724f8d5f9f390ff157835dfe6dc9b2e97f625ee365c462ea1
"assets/tiles/support/5/6/9.png",1153,756be5f940c93ae24567544f29934f946bc6410e8ff8270c75236f1de3f24a1f
"assets/tiles/support/5/7/10.png",1722,15ac8cdb762dfd5113e41929e8783ce0d027e394100aa4f593e4de86e8dd209a
"assets/tiles/support/5/7/11.png",4136,b206e69adb6972a858eb387b4d392601249f8479ededcfcd99f71b500c44e1fc
"assets/tiles/support/5/7/12.png",5221,fa46ce642fb9208af12212f26676647cbdbfe66412560879f6dbcd390cfb6cd3
"assets/tiles/support/5/7/13.png",3718,80e9b43e1b4e0f38a2a0d5c4127c7015d0f25136ece3feccb2457b7875948b0e
"assets/tiles/support/5/7/9.png",827,318f65dcacfd846e2a8f091cf28e81a5c12811c48d95e1cd69ec307ee1aa777e
"assets/tiles/support/5/8/10.png",1363,95113c49ec9e1ba8dccc9d55e5d6c43970bdad53a193c5278411fd6436838387
"assets/tiles/support/5/8/11.png",7273,45ff527ca6d62e6f70710b10d3dff6aea62e8303c2952ad253a7ee1e128f748f
"assets/tiles/support/5/8/12.png",7954,e95b20482ee2be0cfc77759020644b4b92b79991472bd7f8926c2a31fe7bdebe
"assets/tiles/support/5/8/13.png",3503,8805e3d59f54c791297c9574aebe10861d6f7e3cbe21c1ac9331e926f7f95486
"assets/tiles/support/5/9/10.png",1186,17308c9b4e3e3932008d7a35ae71efa51ce3baa2e11391244c57795a208f670e
"assets/tiles/support/5/9/11.png",7134,8896d1eaf7c4856d94ff423a73e906e4bc75a909e35d12d4ebebc87412d09b3e
"assets/tiles/support/5/9/12.png",3966,2690883afc7b4b40e800b544b2fcd06635f1c4a31afc00cf0a727dc5fa3820bf
"assets/tiles/support/6/10/18.png",721,fbcdcdd59929aa1c38d7ba1d1a52c72ceece14ea9511193796327db243c81fe1
"assets/tiles/support/6/10/19.png",1361,4fefa7fe37f20c95680c3d1c34e82106c7101d9ba6e1a14c90ab28c7256fb084
"assets/tiles/support/6/10/20.png",1692,a4cde22dee6b5100f11ca05f8f758901b6667cf2c4bfdd57757da32154e90228
"assets/tiles/support/6/10/21.png",3266,d98c002834a672fe73171d5473289b1b523dba0631893bd0e613d0c26c692f93
"assets/tiles/support/6/10/22.png",4671,0a4c3420207ad3c3aad1f17edfc7bac91760561251ceb8e905fc9516f0ab72db
"assets/tiles/support/6/10/23.png",3476,da0a602a11f7d5cf6ee6ae5e27471c14e5edf1d908cfa5f8ede7948debfa93e0
"assets/tiles/support/6/11/18.png",855,a56107cb1492de17cafdcfe76c8cb91ed4033f129b54c336bcedf272d6c74119
"assets/tiles/support/6/11/19.png",932,9167ed33e5634c4fa8cbebb2bd83d2ef93d005cc9e9b56c144ff31ddfc1aeed8
"assets/tiles/support/6/11/20.png",2305,833648db03a168095e85e0348b0de9d2ce35fde30d29d5658b8ca99cc9888f45
"assets/tiles/support/6/11/21.png",4267,1c54e89514b0c4d2146c508041b3c61bdc13f1ad6975bb7a411d4dfca4c93952
"assets/tiles/support/6/11/22.png",4271,f3fc1f905fa1f4b72b8e22603212d086513e67770e7362d34931c1f96ef117c8
"assets/tiles/support/6/11/23.png",2874,e1dbf81f496cf62050a6cc0bd304719f8e7fc329ec1c89639211a58b60a24f96
"assets/tiles/support/6/11/24.png",646,c0cdddd1373b55376928a881e572534d31720c322acf23346ca2b68001fb9c25
"assets/tiles/support/6/11/25.png",1132,8d4982e21755acb18010aa00cef0405d395bbcb93ebf261284cfc00d48cab2cf
"assets/tiles/support/6/11/26.png",660,f9b68a3f9b2f9ff4f906392fcbb2f7340c5bd567780d57b0cd52e957759a0156
"assets/tiles/support/6/12/18.png",819,1623883af95157039077bf91819b80421190923dd25e096ffaafddb3d9017b23
"assets/tiles/support/6/12/19.png",1015,7588309d272a80be89ec1f497b54d74063e29667aa1805237b6b9644c8e0c479
"assets/tiles/support/6/12/20.png",1265,9eba71a9fc9dda171934064c1eb6de877335c768ee97b8ef9a641f60e3e2d09a
"assets/tiles/support/6/12/21.png",2238,666b32e56cccf6da8e75d7eaef759d1bcf836dd9417b979ded11738c6599337f
"assets/tiles/support/6/12/22.png",2464,1aaaf895ce653ef4e7b28eda6c69b34efa677e4f1d91deedea1b0dbcc852412d
"assets/tiles/support/6/12/23.png",3475,d3ad0b1ac585ac2038b491c06a4572d0f0a35fb988ca8c1665a4ce00e52b144a
"assets/tiles/support/6/12/24.png",2099,fddff18295fc548d5bc6312f8f41af938c69874668f955e60f976ad96ac7120f
"assets/tiles/support/6/12/25.png",3876,9736e54c2ad9c0977bae9d7d6910074c6b7163a299c32653346ce63ddb4ab3ce
"assets/tiles/support/6/12/26.png",1329,c2bb6e8ab5046ac38f293f8e53bcc264d0233dcdb85073ca17fa04e754c22e19
"assets/tiles/support/6/13/18.png",711,529f8b71f64868b61e7a53032d455cdeeb6d64b0f6670b301ccd36a81200e696
"assets/tiles/support/6/13/19.png",774,f443e17b353d387e5fffe7dde775b98621afecbd5fa46c6ae2c76b04b554b759
"assets/tiles/support/6/13/20.png",1016,3d83e954face7b0dbc2407a8cbd1239ea71a68121a2dd3b2988b520d52c76d9b
"assets/tiles/support/6/13/21.png",1506,0f3031df1de1a48a5a4932d97f898136b62c1b2f36ffdda198687ffebe0d9e9c
"assets/tiles/support/6/13/22.png",1360,edb2f914e4b40aa49472e70974ffa1311765af30700b5ce5e8e986516bf91d79
"assets/tiles/support/6/13/23.png",2379,c3feb62da2d31f109d489c58a5c27e34fc8115ae963b0314562e4f2b07557985
"assets/tiles/support/6/13/24.png",3653,51c111d1890bbd244f2dd7d270704dd607cf986f085188e40c442e3ccdd1fbd5
"assets/tiles/support/6/13/25.png",2899,6b0de6607b8128d4e690df2268df513a26b9622d8432326c7a1a9f0beb9fc6c9
"assets/tiles/support/6/13/26.png",1791,2f6c0f80dd66d29ae79c0e284f488983c01a3b74d8f8183d00ed966f6e8fe464
"assets/tiles/support/6/14/19.png",775,7f5796df9263a68be58d11605d0c9fa286ab6db2e4c313b72213b0cdeba6c49c
"assets/tiles/support/6/14/20.png",714,60db49f2115bdf7e9e5c473446443fe3438b3adb34e782ea98ab18fddae3bab9
"assets/tiles/support/6/14/21.png",1464,680dfd4ae2a49447abb804057b7030d3d94a0ced6e2e11a27d9682747f07bf6b
"assets/tiles/support/6/14/22.png",1299,45fa55f1e935fc42791071ca06d8ad28e7e135d522a3e1b75bf6f423958e4a96
"assets/tiles/support/6/14/23.png",1378,a0907c655878338715350b8b2df9f7c2ab3da1a6a80b6b3c3c45d462b6a10e27
"assets/tiles/support/6/14/24.png",1958,13ff90f58badf2413252c61751361898c9df2500224201ef1ac882e3b2ba61c9
"assets/tiles/support/6/14/25.png",2810,62db783cbaab0624a5b55b49385697125b2870103c4ec8986c063e50bbaa2e0f
"assets/tiles/support/6/14/26.png",3520,a44d721582968e2667c41d0e625625bbb4d827b770f961f4a935732205d73a6c
"assets/tiles/support/6/14/27.png",1082,40d718c45eb489cadf9f2b0726004dadc5a832fcdfef42db99711c688f21db46
"assets/tiles/support/6/15/19.png",673,62281f37227ef2bcd2ba546d76f5ae5127d6b119559e3511909b73bc60a61851
"assets/tiles/support/6/15/20.png",754,e9e3946e7b3a29a6358c34b03b507fe6ba989a6fe75aacdf4fae9edba4dd51d7
"assets/tiles/support/6/15/21.png",1110,c7b1d13429de204188adf9df923beb5ad4e086ef75a76f831e7a2c7e9ec08b9a
"assets/tiles/support/6/15/22.png",2996,4fb3e7000cd938cac9033ab3ea7aa5bf3623a28c8f661b72f80b717d6c6c2abf
"assets/tiles/support/6/15/23.png",2484,be62cb56e1ebe42fc0347f9971e70587082c1a151e793b0613793f1c109e360e
"assets/tiles/support/6/15/24.png",2578,e2f6c9622cc609425ac200cab07cc935bf2d9824a27086021d9194bbd938a5c3
"assets/tiles/support/6/15/25.png",2838,e19ac3a641a6977377f0ef36b3c358566e278a5360f9a5384be55512f6ba34cb
"assets/tiles/support/6/15/26.png",2283,d85bc490926714762d76bebb2b47964a6d82654069d6ed80c05a887696a02dc0
"assets/tiles/support/6/16/20.png",845,83158a3b4941741a510410854ee22b6e461fed1003446c2a214c0b7c589a268e
"assets/tiles/support/6/16/21.png",1094,91be1d2948f5ed967af55d4364b6cc052d6cdc20102a5cc97be6960af4a79f78
"assets/tiles/support/6/16/22.png",3559,ca3da937c9a4fa9db1889fd3ac74dd70f61b4ac32afd0c0e0626c939b27941f8
"assets/tiles/support/6/16/23.png",4580,4c9604ae0d0ce6e02dd2b4b1e49b76a053d1b2b7b70fffa14595c9be73e4087a
"assets/tiles/support/6/16/24.png",4023,8322ef855e26e76a6ac5a80a4380b1a6026fa4e5c00746b5ecdc6f39ac427dc6
"assets/tiles/support/6/16/25.png",4479,5a0b8223e00582d11d8a37b3f916f7011b2fc6cb43ea6b675f7fe88eb92480b3
"assets/tiles/support/6/16/26.png",2424,2f68bdc5aeb23c6d8ea48716eceef97b66f7e5a1585979acf5b6f6ba51d64982
"assets/tiles/support/6/17/21.png",1038,c6d6db9225b48d33fa52eeb96287b5c03e83b69e754c94c015e763d5856585f0
"assets/tiles/support/6/17/22.png",3259,3b5168416490fd8b526afed45098a9ab0c59ab3433be500b9b5f11ab77017bee
"assets/tiles/support/6/17/23.png",5136,00cf01a94f9aa4ca2a62a89b13e9867577b6b7efb8850ea878e1bf34154a08ba
"assets/tiles/support/6/17/24.png",5576,26dff834b519744ac6c20d2d2d31e25adbb54cdd408d14bb7ccd14877b9b97ea
"assets/tiles/support/6/17/25.png",5666,05d832a03c690f60f1d4d40ae1bfff3cb0c475225a5c13d171a16e5795f19abd
"assets/tiles/support/6/17/26.png",3699,2478aead060f5f9e3b300cb48c97a5682db712a77f8b132adf146fdc9d7ccce1
"assets/tiles/support/6/17/27.png",1860,70f8b5a4106e640eb2ce9ee683b520c83898900e0ca9857c626197a72edafbe9
"assets/tiles/support/6/18/20.png",752,f286f61f340e216c4d5092d8d3c2d0ae0b4e5927cbdc20490b0bb2b7544d3765
"assets/tiles/support/6/18/21.png",982,2a60fb349a6c5ee1941a3409d79dd4bc14b7ff76aa3eb3ea2edc4b78f4c5e6d8
"assets/tiles/support/6/18/22.png",2791,1db52c2e1526334f5ee201ecb89601c7b61c29cc7c96a68af42561cca9f1ebcf
"assets/tiles/support/6/18/23.png",6119,8e9bcdf8ec484e5bcf86f176aec8cec175988fdda9348eda3d4dfff53e9e1284
"assets/tiles/support/6/18/24.png",5809,4b5bd381058cdbd9209eb6b4aa5375b093d7e6d4b48835339c9995cd5761f189
"assets/tiles/support/6/18/25.png",2619,e8596a3cb9b034506365e823706490d4e096ed9e0788d78c15cae61d2faacd75
"assets/tiles/support/6/19/20.png",827,ba345f80f67263339731fe000a98eb59bdf36bb1c79189a08edb840bf3a9aaa8
"assets/tiles/support/6/19/21.png",923,28d857c353a9f3beb54146dc4f8cdbbd459b21b1cf8882ccd5100177cb70dab6
"assets/tiles/support/6/19/22.png",4072,11cde652e3eb12811d078a33e8b5e88d49aa460fb25d8a3c3d9d2925c191ba35
"assets/tiles/support/6/19/23.png",5338,9abb91dfc0c8a0fedccddb1fd410c7ff16539327475f2da937a269c6b6b42c00
"assets/tiles/support/6/19/24.png",752,1217502e47b3a935f614e5c1c2627d2cd955373dcf6a2cc7f85ddc1288e56eff
"assets/tiles/support/6/20/20.png",815,56354aecf8a901ccb12aad0e8bfc48d1658727c8a1a9abd721034d5fd0849319
"assets/tiles/support/6/20/21.png",1712,a80ba1c9e85ab4c9af7864bcc75cde4dac19b43986fc244517dca28b5394dd88
"assets/tiles/support/6/20/22.png",3416,a6e6d0b53fe0f609a37b8ffcdd7a9d0a8907b34bdf7ee97f4191c6473b6b9685
"assets/tiles/support/6/20/23.png",2143,018d14892afdcd7cf294014a6adf4171f29dd9e9a4c9e3bf21aa656fa7907688
"assets/tiles/support/6/21/21.png",1053,7ffafd10902d2d7a582b4ed59e22c4c1ad54e338601938a0b814dcc4991d37ba
"assets/tiles/support/6/21/22.png",1788,d7792f088730cdcbb9a80ca0f1300ef3662af5653cb6fa1565e69aeca9144830
"assets/tiles/support/6/21/23.png",688,2f7edb7a7c4021d767730c7b0257430c5b8e97869770c507a882b707d5ec6876
"assets/tiles/support/6/7/18.png",1431,58945d95de6727b8c2df69b4f01a2f05f1eddefe09a9f06eef96328d0fe0c38a
"assets/tiles/support/6/8/18.png",1493,8b118d581a2a0f8c970b951dc73a4c920045e9ce114d5df043af7a774af4486c
"assets/tiles/support/6/8/19.png",1108,32b2039cff0e64b3b0705dbea34d064b9304c3879896f20be65783319e7f5ea5
"assets/tiles/support/6/8/20.png",605,ae0df2a2727fd20f7c986173ca0bedd5a48d11081f7be94ff94b7f8fd4f15070
"assets/tiles/support/6/9/18.png",1432,fbcb88abc9f14923ab2ec0f6f0854710d139d20868321e430f5600bcdd287ab8
"assets/tiles/support/6/9/19.png",960,252e091db109d47391488c5b74efd3404ebe9191f17347e740588b972d6a795d
"assets/tiles/support/6/9/20.png",1549,8dac0452be5ae7bcade8a2b3796098805affd37bc55eafb70616c185fc01dee0
"assets/tiles/support/6/9/21.png",1109,68d1102ea31a9b1d84c516e18e261b8163793f3b6282c139826aaac51e255b16
"assets/tiles/support/6/9/22.png",945,eb82694be5f71e5f467cde0e261094022d4edffae8cd271272998978cf3f4e4b
"assets/tiles/support/6/9/23.png",1176,42c389da13e54ae1c1fcc4cc772ab39342e688d036f9a9673e04fa722973a650
"assets/tiles/uncertainty/3/0/2.png",672,881dc8da0cb07a50e08f0e12d1ce74c8c329bd56c117e9f1810f009ad7139438
"assets/tiles/uncertainty/3/1/2.png",14544,8eaffe304278381d308279346433fef04e4b00753b4d3725590c3d91251eeb1a
"assets/tiles/uncertainty/3/1/3.png",8201,5a166409863663cee288bd88dfcfc28504144620a643d2b1a80e43d9fd1c03d5
"assets/tiles/uncertainty/3/2/2.png",10388,f54007a9755ced30d3a7d5e91a3e8c5dd64badca9eaca39e72996c9ff87f8737
"assets/tiles/uncertainty/3/2/3.png",5599,71caed9cc3dc6716f3696c4fb40e203126cba21d4c15332f41732a2e5861fc2c
"assets/tiles/uncertainty/4/1/4.png",714,f6e58189fa9ff512057d85d28329661b36be6b01cad06656c6aa6b78878062ec
"assets/tiles/uncertainty/4/2/4.png",922,44856b32bc340d43db139ad4245ac17722907a33c2a79df1f465def53ebd5bc9
"assets/tiles/uncertainty/4/2/5.png",10260,ecec478ebef8dd5f6ea39d4927b43b41b8a8985c57964f4f9b216be5a13730c3
"assets/tiles/uncertainty/4/2/6.png",1586,6b5d7eca85a5aaee2ed00bfb03c0cd2423ef8a2bf62c81503e5a144f8c0fc501
"assets/tiles/uncertainty/4/3/4.png",1316,05ab22559e8ee226bd40c75360fcff9b9ddde3452a484dba74aa9eef4f84a190
"assets/tiles/uncertainty/4/3/5.png",18973,091412e905b97875897a95fba1a98b8cc4faf4147882823352794bd840edc4e0
"assets/tiles/uncertainty/4/3/6.png",15404,e755be81e2b81d799f76aa356d8e38548059142851653c40fc4806996b621fc5
"assets/tiles/uncertainty/4/4/5.png",18059,b04a27157497da666301e4b6c7c0ccfd99e6e055f3e7292f2816ef0d87b9bc56
"assets/tiles/uncertainty/4/4/6.png",10712,b14bf7939280764eb433368b056a533b0f82ca9bd3abbae3c860838ca9b08891
"assets/tiles/uncertainty/4/5/5.png",4532,0ad98c7c959a22f171266ebc7853a4b9d93f0007eeb891e270439674fb5edc6a
"assets/tiles/uncertainty/5/10/10.png",2147,c83cd7f5295b63e8a596976ca835a7e3dbbb6e96f5112204fffa2f8169b8bb0b
"assets/tiles/uncertainty/5/10/11.png",6534,1ac9e28e19256ec7b42a99ba222a88cb2e4eb7c032f80652a3868fd327932be1
"assets/tiles/uncertainty/5/3/9.png",863,249ce19484b9d7fa81965a7308a12437e38cf06a476ee1368eb81b939c55ffc3
"assets/tiles/uncertainty/5/4/10.png",982,edb0cb542c089fb1bcd238680d3e6ff56128608c0f7d77d33a595b6d7ffb4af6
"assets/tiles/uncertainty/5/4/11.png",1844,6b2e0ec13c758a5031bf6626e1ce634af1b3cbe5e88e2eabd040bbc67a0402cc
"assets/tiles/uncertainty/5/4/9.png",911,e660b59fe9827ff64169d5f3fb967d70d52f3cec926fa0d6f6d93dddada554a8
"assets/tiles/uncertainty/5/5/10.png",5004,c6190b9bc632630ebfc79efd1cee1ab256d2ec8733fabb35dceef37bb2d55230
"assets/tiles/uncertainty/5/5/11.png",15068,fe70b41eef6f97d5ac5ed5ed07fbe2066ed26c700bd94a27b2fd98dc9842f7c4
"assets/tiles/uncertainty/5/5/12.png",2208,ea569501907ee69f9f0fce13c04932b7970cf395039f92a5364c541a18d754c8
"assets/tiles/uncertainty/5/5/13.png",671,134e7a503e94a4b634b863fb1f5130ca582ceac11ba7a75ba73b5589fd8b971a
"assets/tiles/uncertainty/5/5/9.png",956,aa963a4b0bcdf58f17ea84005f258ead5ef1659b1e09e9b3cb77dc9cb9e89795
"assets/tiles/uncertainty/5/6/10.png",10062,ffcfb86620132d264fc4593bf0bb16c4e793fbce157e1ecf13e1a68c845a17ce
"assets/tiles/uncertainty/5/6/11.png",17346,211d3d4ae891e2ac849b62a2dce53b257eae583fac3cfe96d9d90e94ecde7704
"assets/tiles/uncertainty/5/6/12.png",15681,e2ab2fc1ab1b09734432a2c5eea228f6764873800ec18af111b8e35ec3e8e071
"assets/tiles/uncertainty/5/6/13.png",4691,5d3af598750ecd851aa2e87afec1c20443fa38fe416aba3d60cdd4ff7f90b136
"assets/tiles/uncertainty/5/6/9.png",1086,c40509ad6a5158819fd5204ddf389341db9ab49eef914280f5fb9ee31de1234f
"assets/tiles/uncertainty/5/7/10.png",4517,24cef73383370bd8d943a7b461ab4e7567aca54589c4c23e718a7c446e8938bd
"assets/tiles/uncertainty/5/7/11.png",7968,6e85fcf0feb36b0de10ac4926f96eae7081eaf46402816fb7090c0c23dbac901
"assets/tiles/uncertainty/5/7/12.png",8522,396369a4119e8b702ff03580db6615f5b5317091205d4697eda6e1916a40343c
"assets/tiles/uncertainty/5/7/13.png",4650,ce8b5b53ce7e2d6e4f358a65e737cf1197e39f720fbe79a9c30b7eb59e000f33
"assets/tiles/uncertainty/5/7/9.png",1176,141bdec4702cbf4d7b9bbeb9cbf79df0fe9a40e6011334301b120ad55f3c018d
"assets/tiles/uncertainty/5/8/10.png",5092,d616722d38f224ceb373c161c2e9ec429063268661f0b0b52378de782d03bf1f
"assets/tiles/uncertainty/5/8/11.png",12427,29e8ed554818ced90096b95c9dea63391f5441d45939e74458c3e6ca983efd7e
"assets/tiles/uncertainty/5/8/12.png",12206,80c7944cd5dc91241e60f50742084a5d0f16a24d664e1c038fe64e6ba2a0e9c4
"assets/tiles/uncertainty/5/8/13.png",6013,c24579766da895db356613fe92817eee227a32eced5ff7b0db75df60550471e9
"assets/tiles/uncertainty/5/9/10.png",6322,63c083616a82a151694431d9c550f872b824c8e9e1a04338a1ebef77b73489c2
"assets/tiles/uncertainty/5/9/11.png",16027,de9135b64f7510dbc53a0c0b32b77e732cf1d42e037812e9ce3e83b96cfa1216
"assets/tiles/uncertainty/5/9/12.png",5437,bcbe82c178fdfa7fcf8d61798da7eff4c413c87652aae62602b00771477dcdc6
"assets/tiles/uncertainty/6/10/18.png",657,415f31a08164e6949a7e6c30885a6ab8f7eb32efb423230bcc90e3fbfad58666
"assets/tiles/uncertainty/6/10/19.png",941,f74b6aedb2c8f01f8da4716ec7950656f77d4dfbcf33d303138148f4212d5db1
"assets/tiles/uncertainty/6/10/20.png",595,6c0d5118545149a8e0074e7a4438e4ea3b67344190dc5e150049fd2c47c12d74
"assets/tiles/uncertainty/6/10/21.png",3029,73904f6e08632c695890efd6eaa8f280eb9e074c5b1c36163790e8d1ae17050c
"assets/tiles/uncertainty/6/10/22.png",9259,0bfe7f3766cbf17e7bbda1828dd1f80ea45507a9a621c339a971f640eef92c5d
"assets/tiles/uncertainty/6/10/23.png",5467,7283dadc2211abb24879c07532da78866b19292124e01c42b427300da28aef52
"assets/tiles/uncertainty/6/11/18.png",855,22cdbbdd0410bcbd44fba3763db74843f67233deaf18c2df1726f76c64f72e94
"assets/tiles/uncertainty/6/11/19.png",641,2c2770161eb533570eb899ee171c308f6aa696f6d028202c571f90f1fff481df
"assets/tiles/uncertainty/6/11/20.png",826,0ee8dc720f94af832a624bb7395067f180f281be3029432023a63740c19fb668
"assets/tiles/uncertainty/6/11/21.png",5661,a2506d12197ff5d6c3d8559279cfda034a7b54e9576dbf11558bf392e9de1451
"assets/tiles/uncertainty/6/11/22.png",10990,92b3a45bf8137ee63499e1eea12dab2fc9d24e0bf227decbb123f74efb9cc7e7
"assets/tiles/uncertainty/6/11/23.png",5690,4f1430311c0ba42f3fbc4901e6e10514eca0dc25981e0daf08753e25c0a21c20
"assets/tiles/uncertainty/6/11/24.png",675,8294b6c864a94e7dd23be20894586d30bf8c04d20aa936538c3710420114cb0e
"assets/tiles/uncertainty/6/11/25.png",3112,907d2f950d13907dc2d0b68bcfeebca1c0207d6d33b22af480302b27a59e97a6
"assets/tiles/uncertainty/6/11/26.png",711,9f01f374d161cfc93e613b8b5dba9dc1410ab7c76e00e43f661f96b85c95e7ba
"assets/tiles/uncertainty/6/12/18.png",769,f97fdb3bf677a175a08e59536fae56ae66cd89c57239907e23efbc835625ef67
"assets/tiles/uncertainty/6/12/19.png",664,390a65b09d09c937b52d92a0fc24c1b8fda397650dfe7f79660a387e457f3fb2
"assets/tiles/uncertainty/6/12/20.png",2922,142ac88958e0d90b63b981106327c23bcf597b1269f34b8da6857537678ab838
"assets/tiles/uncertainty/6/12/21.png",7789,9ff7ebee9db1d78323353a88422d7dd5bd3045d9926ed9a9d5046caebd7d2722
"assets/tiles/uncertainty/6/12/22.png",9232,0df4b1b2b7cc179160d4aa71e0b8baa7c5bb9a1ca60442b429bd92251c79282c
"assets/tiles/uncertainty/6/12/23.png",8251,ab5db709c000559ef552b48321637b8c75091d26ecffd17690de2168c4b3eed2
"assets/tiles/uncertainty/6/12/24.png",2104,ece140b25be0db1071dd8b6e9e71921a69b112cda5608a4cb2231dabb15f5f51
"assets/tiles/uncertainty/6/12/25.png",9029,50320b7b97f8c2dd35753c31eea4c327212cc25db062213d2deba2fa649bf059
"assets/tiles/uncertainty/6/12/26.png",3120,aba422cae94670c8210d0a78f650fbf31595851295bad878262a04795a188e41
"assets/tiles/uncertainty/6/13/18.png",711,4413fd1bdeb871ad58c847bc745bc4476734a417f9dca849ce64afd60672d7f8
"assets/tiles/uncertainty/6/13/19.png",997,f210985a7ff2fe496d49a2ed3fca388c14d2b9c300f66f294cb216a50a88e53c
"assets/tiles/uncertainty/6/13/20.png",4035,bb4eff7140226139f5ffee23b744fae062ea130175db09a6831724497baf29cc
"assets/tiles/uncertainty/6/13/21.png",4930,48676225a456550e6b3b68d85e554ba3a8be96f337f35b0a055e9aa38f530325
"assets/tiles/uncertainty/6/13/22.png",6987,9ce6eed4923170c69e65b0a1b83c5dca98806a0980e22071a8e366362923875f
"assets/tiles/uncertainty/6/13/23.png",10498,ad9115eb18d08fdcc6694b607184b99ba85b0b903e1ef309dd2e9dc87721ec15
"assets/tiles/uncertainty/6/13/24.png",8222,54b2594860c80c13e2bde3633fcdcb6c6617e16306c352584f74f98a8158b646
"assets/tiles/uncertainty/6/13/25.png",11365,407c31d15b294bc2a0d99afbfbf2e024babedcbebd51da306b01d3a57280bbd0
"assets/tiles/uncertainty/6/13/26.png",5695,b0d136d171c58f41ded488368809a3622c0c0cbe0f9af9948fbb6102009ab06c
"assets/tiles/uncertainty/6/14/19.png",1043,2ba57a1dfa1a0423c960c2acef022b13f01e1b335a4ba4070fad06110eab2d57
"assets/tiles/uncertainty/6/14/20.png",2165,63361d4c65e1c400dc660b3fe4614fb5cbaa5cd4e67b4b711cf7473a659d259c
"assets/tiles/uncertainty/6/14/21.png",3429,d4cc7171f02199f4aca33be1237fc41311e967586451b16d6b974b6bc018e5af
"assets/tiles/uncertainty/6/14/22.png",4365,3c87e96f34d5237b4b64fa935d2ffc2d0ca2072f9283cffe40c6a6d75b0b2cad
"assets/tiles/uncertainty/6/14/23.png",3656,8ff34b97cdc9ac9b9a44a78e85a6416e4cda0fb4262f1b370fea2300a6ecff37
"assets/tiles/uncertainty/6/14/24.png",4699,0d4cd2fb282563c3296903c0ac27c07dd165531263039a8e7809fb0a77ca2a7c
"assets/tiles/uncertainty/6/14/25.png",4977,4b45b4fa6b16e3fd629499e872ba4f6a034dff325a28d3b754eaff4e9cbab638
"assets/tiles/uncertainty/6/14/26.png",4020,a7e161decb80633fff9bb265a16f8997b2b6e8453ceb6efa71ec10fe4a6e467c
"assets/tiles/uncertainty/6/14/27.png",1286,477cfb8e675b106092c18f48e642faecdf3b72c41315024c12c54e66801531d3
"assets/tiles/uncertainty/6/15/19.png",938,e451781e2f785648016761df22e700376a034b937b4fe72041864cd332dfd297
"assets/tiles/uncertainty/6/15/20.png",1595,4950dad3cc352b546bed0624c27ad3a4399776eaa8dada11f3dce713b41486fa
"assets/tiles/uncertainty/6/15/21.png",2003,c537c62670e02250c17ee8abcf029f8c15758461ad261720ef8a2c007cda2153
"assets/tiles/uncertainty/6/15/22.png",5025,45fad2e33f86b9a13ca21311aee2907f2a53f094ac43a4082011a40517d8132f
"assets/tiles/uncertainty/6/15/23.png",3240,df3cdcd6e47984384586d3ad4f6c24817772697edea4a7b74b70bcce58b0211a
"assets/tiles/uncertainty/6/15/24.png",2451,755e2036135a83a8798e79374d2dd4c7325025852314bd64c31e3b845a7e9ef0
"assets/tiles/uncertainty/6/15/25.png",5254,a1269cf7f586b95001709c2beb0c251a935b3e8bb4607a267d7f198b79dfb5ca
"assets/tiles/uncertainty/6/15/26.png",3251,559722afa64f727b13249fafce41061e2e5bd352397fc4135271dd9739f2898e
"assets/tiles/uncertainty/6/16/20.png",2088,7c8f2d8fcd117d3b0dd3c395beaef5265a152d31c3b7835a5c16f961ce65bf32
"assets/tiles/uncertainty/6/16/21.png",3048,73c4339ce48aa726428dd504c575581eead1874178349ab72d5f090cc0c5dfd8
"assets/tiles/uncertainty/6/16/22.png",6170,27f1304b82c8434e4948943070256ffbd11647b8ac477f8f90124eebf369ab25
"assets/tiles/uncertainty/6/16/23.png",3685,7c802cb6ea20d98d8ddc294a818b5d1fa968f46930f5379d7c0c2eccb5e1812b
"assets/tiles/uncertainty/6/16/24.png",5024,1176ed669e1e3e06d1a9b551282eb2e0907345372703341bba2de12f197f4188
"assets/tiles/uncertainty/6/16/25.png",7257,4989e15f7516b38f2750a0438bea2b5ea9071f7c4a21078f4e4ca1697047442d
"assets/tiles/uncertainty/6/16/26.png",3924,6cf28e393413e77c5f86a14219232a714a6d6358ecdbe8c421bd7867cf53ee76
"assets/tiles/uncertainty/6/17/21.png",4532,073c84dea90b771047125518c15537f392a5542b8056381b0edc528e8c7a0229
"assets/tiles/uncertainty/6/17/22.png",7721,6d80d26f7af43dd5e978a33b8e70db17acaa3d0e3db95c010408fbcae1ad9e5b
"assets/tiles/uncertainty/6/17/23.png",6779,85b99f95e3f7e11b15a6aaf8809e4bc1ae71f11d6fe2f997e263dd5f522f3713
"assets/tiles/uncertainty/6/17/24.png",5585,60e95dcc9f2f173ce356f846ba9cb65f38a17cf2e426d089734d1cba6ddc8848
"assets/tiles/uncertainty/6/17/25.png",6826,2034a2030471fb1b65cd3f4259a38665572f59824d05870cb8f9991da9895238
"assets/tiles/uncertainty/6/17/26.png",4169,84db65cbf8c9cc49234a940fb469fd36404a649062118ce34eff1abccc2c3c3d
"assets/tiles/uncertainty/6/17/27.png",3674,dc0acb04d28aa6e6f46375d85dbc6166165457a0e9ed12e717c3a95231a1759b
"assets/tiles/uncertainty/6/18/20.png",1097,87e8f35488f99f7273819b1d4b2a71fa0406af3cf6071c0a4492a11524e1cd27
"assets/tiles/uncertainty/6/18/21.png",7923,812f8546ad6737ddde8e2e71d8bc0d85da63c7c0574c3a1d5f15ae79579cee75
"assets/tiles/uncertainty/6/18/22.png",10362,d86445821817a881a225bd9d0336f58a559156a349fa225d4d61833c160660b6
"assets/tiles/uncertainty/6/18/23.png",7601,7e20e5332c0ddfac0dfa7db40ce2ad79aa68d10052c42c4315b4e94018995b90
"assets/tiles/uncertainty/6/18/24.png",6610,623c9bc1ee699771383ab1f506d0b5b9b06a2586bc641828b1429b83be93663a
"assets/tiles/uncertainty/6/18/25.png",3771,841d0361fb15876933df45c5c38af7e9a8dab64cce4a4cd7175515b51b6ddd6e
"assets/tiles/uncertainty/6/19/20.png",1404,4ceb350e34b513b1f2fa8cf67ddcf68acd9b45911f242fcbe9d89a4d59d170b8
"assets/tiles/uncertainty/6/19/21.png",2264,2b687cce24a0e93147981cdfb4bc4e3254f40bf0f264a07696a42f0528348b72
"assets/tiles/uncertainty/6/19/22.png",7580,a135a96535003b3fd810c864388f12845153832f566305f3f9a3ad2a947ed9b7
"assets/tiles/uncertainty/6/19/23.png",6172,dc3f9de568afe1020228c96a6f94b32e13ee0557f2dbaef88b53ec5f194a3bdd
"assets/tiles/uncertainty/6/19/24.png",882,772d2e7e9c78bb0ef3d1f5739351b9e7cef234aba6858cbb664b926e69a684cd
"assets/tiles/uncertainty/6/20/20.png",936,f9d29268ced20dad473e447d8862c30c46bd150a02ea0f136fcfd46a730fb14e
"assets/tiles/uncertainty/6/20/21.png",2591,1b31e7370fd7f62f1aafced0d3542ebccbcd4b34ee1b79afab7344f7b4df87f8
"assets/tiles/uncertainty/6/20/22.png",7495,b7149787eec7175d7f94e45e43e58bc35ee502f4f374bb75fbd51aff82d3391e
"assets/tiles/uncertainty/6/20/23.png",3625,969d995e98412e9e91bcb8943d448fe242a397586fe48a6cca19100ab2ecdcb4
"assets/tiles/uncertainty/6/21/21.png",1406,4c7f5562130c406b8db7bce3c65dc993dc0cd5161e7e98c8dc0d089e632c1aac
"assets/tiles/uncertainty/6/21/22.png",2508,be01e13f85bbf34ab2cd4e80a07799e23c779407810380fd87c5f5509c175b31
"assets/tiles/uncertainty/6/21/23.png",709,b04f389172839fc66afcad07cc8c103b6cec14c8813cf4dc4b5bcc33ebb4e139
"assets/tiles/uncertainty/6/7/18.png",1085,50931516aba92fa48c4f251d94205abd8ffd45cf2cd587043f11f836dd3d6f16
"assets/tiles/uncertainty/6/8/18.png",802,9b7d2b39947bee070d5160d9f4738f8ce37a24cf04f7a18aa4a7bcfe80332a72
"assets/tiles/uncertainty/6/8/19.png",823,2eab758b4a4c3b064cc965508317ae631901190d3d6939f9670a0956750d1fe7
"assets/tiles/uncertainty/6/8/20.png",605,e39e35825e5f666b83887723922213d03fa3d0f55d213da8e26f42e07ad3de23
"assets/tiles/uncertainty/6/9/18.png",736,9de3b7401312e83e47e88f06bd9e53fb4f8d0d56888217af0a610eef3b3c40b5
"assets/tiles/uncertainty/6/9/19.png",595,6c0d5118545149a8e0074e7a4438e4ea3b67344190dc5e150049fd2c47c12d74
"assets/tiles/uncertainty/6/9/20.png",711,a44211a6bf9803b99f00db07646939589fc77a5335bcc21f38faa03d69b53efd
"assets/tiles/uncertainty/6/9/21.png",1044,e099f4c03a3c2f99926cdb49188962ccc0aab305c11c6b7cd6eac9aa8293f6a0
"assets/tiles/uncertainty/6/9/22.png",1057,53c7021afe389dbcb235669c2d4a9a179e1936d64cc606909932b2a16be3edb0
"assets/tiles/uncertainty/6/9/23.png",2311,981b16dad1223706cffe2bba2f71033ae79fc06c597908e9985e881ecc67f9b2
"assets/vendor/leaflet/images/layers-2x.png",1259,066daca850d8ffbef007af00b06eac0015728dee279c51f3cb6c716df7c42edf
"assets/vendor/leaflet/images/layers.png",696,1dbbe9d028e292f36fcba8f8b3a28d5e8932754fc2215b9ac69e4cdecf5107c6
"assets/vendor/leaflet/images/marker-icon-2x.png",2464,00179c4c1ee830d3a108412ae0d294f55776cfeb085c60129a39aa6fc4ae2528
"assets/vendor/leaflet/images/marker-icon.png",1466,574c3a5cca85f4114085b6841596d62f00d7c892c7b03f28cbfa301deb1dc437
"assets/vendor/leaflet/images/marker-shadow.png",618,264f5c640339f042dd729062cfc04c17f8ea0f29882b538e3848ed8f10edb4da
"assets/vendor/leaflet/leaflet.css",14198,8985209ab6a97c31af06b78f24facc59064370e6dd01c4ad281a633f7033fb7b
"assets/vendor/leaflet/leaflet.js",139645,7d64e8a8b6beb191bd8f7e3b7832f6d4283a8f5a3d5367ed78db2dd25606f16b
"browser_qa_results.json",1491,72989bbc452ec7356a4acbc7d1ac8b585cb89c26fe0a6315e0813879290e166f
"cell_detail_index.csv",10663,6a061e451a4c24efbd4d5463be48d035f66c6e4421c2d3e780f83442ef792d09
"index.html",1312,c26d2342051b23804323b511ddd1a3c394d511bb4569a9d623d7691e9af7e551
"interactive_map_desktop.png",103315,85eb183f56aaa00f24083856cbbe6b6331addd3f3c3e63aec047e9a035c6fdf5
"interactive_map_mobile.png",83907,15913c5f53f5e6c38bef3b5bdbbd5305db716026cf2f8d26de15348e937b3680
"interactive_map_test_results.csv",592,39874793415867505a1b08f88680dec1db942a23c3c9ac345d263f3f0db7571f
"public_browser_qa_results.json",1491,9c0923a568f06d049b14cfef39ec3ac79371a385c08eb867c859ee2f6aca0639
"serve.js",819,23d366a8a0fd6eee2ac6e38b4441138f8026fe4f93b3e5bd482a541f2fef67e2
"source_package_manifest.csv",254114,d9ffa2aef090f279cfc0883962e7a8b497827219bae5faaa5e7c2762a913a47b
"tile_index.csv",156,92b72370ca62769e0b64ecadbeab5a15bfd1f42ac2ea3697b55aa8d725c4f89c
