artifact,bytes,sha256,decision_id,external_network_required,absolute_density
workstreams/NHPA-W002/T03/outputs/interactive_map_v1/README.md,637,d6b30f9260c5d5f0dc5af7ab514e86e02ce036bbf55c36c471eacb593edde0a7,DEC-NHPA-W002-T03-2026-09-18-01,FALSE,FALSE
workstreams/NHPA-W002/T03/outputs/interactive_map_v1/assets/app.js,4018,7547e9aaaca891128819200acc001f411babef0f54436460d61c08f4ea42b83d,DEC-NHPA-W002-T03-2026-09-18-01,FALSE,FALSE
workstreams/NHPA-W002/T03/outputs/interactive_map_v1/assets/cells/c_020_74.json,40438,de6a1984d40de89107380c1f023c7edd668d68fcecc6dbcea3cf5e90b762305d,DEC-NHPA-W002-T03-2026-09-18-01,FALSE,FALSE
workstreams/NHPA-W002/T03/outputs/interactive_map_v1/assets/cells/c_020_75.json,4063,fcb2326b5b767f96c2d168e70d2a882b27c606381fb19752d37933343db4ec4c,DEC-NHPA-W002-T03-2026-09-18-01,FALSE,FALSE
workstreams/NHPA-W002/T03/outputs/interactive_map_v1/assets/cells/c_021_74.json,200851,c843c7b428f24f9fc06fbd232ffa36aa3b1230ef2bfd9bb498a946888b92e21d,DEC-NHPA-W002-T03-2026-09-18-01,FALSE,FALSE
workstreams/NHPA-W002/T03/outputs/interactive_map_v1/assets/cells/c_021_75.json,6047,19953b031742f2b4dc454917a1a887d699d76d6d46fccf27625fb82788f6e0bd,DEC-NHPA-W002-T03-2026-09-18-01,FALSE,FALSE
workstreams/NHPA-W002/T03/outputs/interactive_map_v1/assets/cells/c_022_74.json,167654,8f2b6e808f898df6bcf76b627e53efbc41b881f57474d26e7ab97a09bbc5fbe8,DEC-NHPA-W002-T03-2026-09-18-01,FALSE,FALSE
workstreams/NHPA-W002/T03/outputs/interactive_map_v1/assets/cells/c_022_75.json,6609,7bf344f821029a420f52ad0d98824508a3636a201acdba52a76f3a8401854965,DEC-NHPA-W002-T03-2026-09-18-01,FALSE,FALSE
workstreams/NHPA-W002/T03/outputs/interactive_map_v1/assets/cells/c_023_73.json,81424,fb6f4e24efd0213486ce762a5205ec5bc9c2fbddcd8be39429fce358f4e03b8f,DEC-NHPA-W002-T03-2026-09-18-01,FALSE,FALSE
workstreams/NHPA-W002/T03/outputs/interactive_map_v1/assets/cells/c_023_74.json,461109,5cb4a28917f687b07766c4ef08eab5e17d254d4de3742dd005b4eb725c8285e6,DEC-NHPA-W002-T03-2026-09-18-01,FALSE,FALSE
workstreams/NHPA-W002/T03/outputs/interactive_map_v1/assets/cells/c_023_75.json,5589,8de9ec9e67f2138601a1fde5b312e57eb9696d5618504cf2477f6b1dcd391186,DEC-NHPA-W002-T03-2026-09-18-01,FALSE,FALSE
workstreams/NHPA-W002/T03/outputs/interactive_map_v1/assets/cells/c_024_73.json,436439,830e7f911083ef1b45cb7176d3a1fb89076258f40a1afef1e3b7fc69e9de788a,DEC-NHPA-W002-T03-2026-09-18-01,FALSE,FALSE
workstreams/NHPA-W002/T03/outputs/interactive_map_v1/assets/cells/c_024_74.json,512574,c7c09df636ecc510163d64015a9b65ae8e44ce26af25eccec4489153cc77e41c,DEC-NHPA-W002-T03-2026-09-18-01,FALSE,FALSE
workstreams/NHPA-W002/T03/outputs/interactive_map_v1/assets/cells/c_024_75.json,6070,597855e4acbf6c7c86c10da666ed2cad9bc5ca2a9a5ee1c5bd49fa7bbf715e24,DEC-NHPA-W002-T03-2026-09-18-01,FALSE,FALSE
workstreams/NHPA-W002/T03/outputs/interactive_map_v1/assets/cells/c_025_71.json,37072,9e657b04ae074848c9d3898d1b545a0dc20f5c4b9bc83d2666a2b0bfabf2899c,DEC-NHPA-W002-T03-2026-09-18-01,FALSE,FALSE
workstreams/NHPA-W002/T03/outputs/interactive_map_v1/assets/cells/c_025_72.json,245442,15ef0f68d029cbb3b30d8b22c963d794312437fd9eb982c7c6b4f1b1e21ec6a6,DEC-NHPA-W002-T03-2026-09-18-01,FALSE,FALSE
workstreams/NHPA-W002/T03/outputs/interactive_map_v1/assets/cells/c_025_73.json,540069,60e61a108998cb35a38053fc2ea30037a90682cb2f32b2c382fce5733dce1997,DEC-NHPA-W002-T03-2026-09-18-01,FALSE,FALSE
workstreams/NHPA-W002/T03/outputs/interactive_map_v1/assets/cells/c_025_74.json,512682,6839fe2127041accd1b7da3f3e4b767e119b1271994a70fe59f7c754c845a228,DEC-NHPA-W002-T03-2026-09-18-01,FALSE,FALSE
workstreams/NHPA-W002/T03/outputs/interactive_map_v1/assets/cells/c_025_75.json,5592,6846f5ff5cc4844641e4545f9e5aacbbae307d81c5ae695b2a1e8562c16e9d38,DEC-NHPA-W002-T03-2026-09-18-01,FALSE,FALSE
workstreams/NHPA-W002/T03/outputs/interactive_map_v1/assets/cells/c_026_70.json,48662,882087b9475fa586ec465fcdb7cfcf90ec903ae30136db6cb3f7bfbb0cadde41,DEC-NHPA-W002-T03-2026-09-18-01,FALSE,FALSE
workstreams/NHPA-W002/T03/outputs/interactive_map_v1/assets/cells/c_026_71.json,439532,00bba567d0306ad2794cf201d89c50a6c10726808fd9654868ccfe3277fada1d,DEC-NHPA-W002-T03-2026-09-18-01,FALSE,FALSE
workstreams/NHPA-W002/T03/outputs/interactive_map_v1/assets/cells/c_026_72.json,568443,3cacba18b2e39a14a0956bb546a79f8e3d4490a91670a7c7b303d0ed2d2a1fe1,DEC-NHPA-W002-T03-2026-09-18-01,FALSE,FALSE
workstreams/NHPA-W002/T03/outputs/interactive_map_v1/assets/cells/c_026_73.json,539123,40141703799a62790b278df291807fbccad4c4ed6b2a044a90fe2ef17c5f38a2,DEC-NHPA-W002-T03-2026-09-18-01,FALSE,FALSE
workstreams/NHPA-W002/T03/outputs/interactive_map_v1/assets/cells/c_026_74.json,511887,632fc14658d1c9706ba8b0b1fb3c3a187d422ce63f830b1f9a2856cb65d9dbec,DEC-NHPA-W002-T03-2026-09-18-01,FALSE,FALSE
workstreams/NHPA-W002/T03/outputs/interactive_map_v1/assets/cells/c_026_75.json,7038,6122edbb2de65b04d855a807776abb5eab0d0aacb010044ecee1e4e5ffcfcd07,DEC-NHPA-W002-T03-2026-09-18-01,FALSE,FALSE
workstreams/NHPA-W002/T03/outputs/interactive_map_v1/assets/cells/c_027_65.json,20892,348d72d771130990fd24df17613592c7c6a407a07e928ee2db8e3f6a2a685b90,DEC-NHPA-W002-T03-2026-09-18-01,FALSE,FALSE
workstreams/NHPA-W002/T03/outputs/interactive_map_v1/assets/cells/c_027_66.json,125027,11fb1e0b1dd768fff0402be39e64444868266215a5fb6694b7f5e04fad123951,DEC-NHPA-W002-T03-2026-09-18-01,FALSE,FALSE
workstreams/NHPA-W002/T03/outputs/interactive_map_v1/assets/cells/c_027_67.json,12286,d9c86cc686445570b92c9b8e92b1e5c6c523d744222c6b384613a09307431398,DEC-NHPA-W002-T03-2026-09-18-01,FALSE,FALSE
workstreams/NHPA-W002/T03/outputs/interactive_map_v1/assets/cells/c_027_68.json,15531,d0eb5c8ee8e3689400cecb903466252c7af791ca831ad568a8af027e8a096f5b,DEC-NHPA-W002-T03-2026-09-18-01,FALSE,FALSE
workstreams/NHPA-W002/T03/outputs/interactive_map_v1/assets/cells/c_027_70.json,340771,1bccc954cab42177e8c17fb10d3c226f890b29fe45729cd3ed496bb748266d9c,DEC-NHPA-W002-T03-2026-09-18-01,FALSE,FALSE
workstreams/NHPA-W002/T03/outputs/interactive_map_v1/assets/cells/c_027_71.json,612685,2718b3a05cbf5330356fc498fd00ea8cd8464a7d22c06d85ac3d58f59fe277ee,DEC-NHPA-W002-T03-2026-09-18-01,FALSE,FALSE
workstreams/NHPA-W002/T03/outputs/interactive_map_v1/assets/cells/c_027_72.json,575003,0a47ad28847f1214dd317bbb7a5a34be2c4e74529c7dd49ae516e6b1a6ce6271,DEC-NHPA-W002-T03-2026-09-18-01,FALSE,FALSE
workstreams/NHPA-W002/T03/outputs/interactive_map_v1/assets/cells/c_027_73.json,540656,797f01b06c42556ce2255e055e82f7fab52dcd509dd553d835105613b9b3d556,DEC-NHPA-W002-T03-2026-09-18-01,FALSE,FALSE
workstreams/NHPA-W002/T03/outputs/interactive_map_v1/assets/cells/c_027_74.json,511312,1c759974704175541ce6ee893f3ec6e13305abeb1e98a60a38d6addd3a18c870,DEC-NHPA-W002-T03-2026-09-18-01,FALSE,FALSE
workstreams/NHPA-W002/T03/outputs/interactive_map_v1/assets/cells/c_027_75.json,6602,715f5dab337b6d2bc984181d67ba8f27ccb534d3dc6f752cd368eafde9cc55d6,DEC-NHPA-W002-T03-2026-09-18-01,FALSE,FALSE
workstreams/NHPA-W002/T03/outputs/interactive_map_v1/assets/cells/c_028_65.json,79221,3c326db504e1d62a4f1d373c5c015bd9d37ac3c57c4cec35e4913987132ecd76,DEC-NHPA-W002-T03-2026-09-18-01,FALSE,FALSE
workstreams/NHPA-W002/T03/outputs/interactive_map_v1/assets/cells/c_028_66.json,624779,aed6d8a8581f6fff388c5fcbe1b95e8b93a1c3c4352500870fdd0ed70b60d1aa,DEC-NHPA-W002-T03-2026-09-18-01,FALSE,FALSE
workstreams/NHPA-W002/T03/outputs/interactive_map_v1/assets/cells/c_028_67.json,601421,e19cf1732cf0c84ee3bbd928951ccdd2a2c41ed67326a84d44340b3b3c7aca6a,DEC-NHPA-W002-T03-2026-09-18-01,FALSE,FALSE
workstreams/NHPA-W002/T03/outputs/interactive_map_v1/assets/cells/c_028_68.json,244997,583c945e9d824c9807450ab1a393a26d9d12cede2c24353806aa079c69caaace,DEC-NHPA-W002-T03-2026-09-18-01,FALSE,FALSE
workstreams/NHPA-W002/T03/outputs/interactive_map_v1/assets/cells/c_028_69.json,111158,937aca7a3c17b225fbb80f230d8f914aae9e792a6cf475d5a2ac0fe6663c8c2b,DEC-NHPA-W002-T03-2026-09-18-01,FALSE,FALSE
workstreams/NHPA-W002/T03/outputs/interactive_map_v1/assets/cells/c_028_70.json,474750,001f8261fc7de88623ee6a0882516a4a761d374516b159f87158df03a2f1c346,DEC-NHPA-W002-T03-2026-09-18-01,FALSE,FALSE
workstreams/NHPA-W002/T03/outputs/interactive_map_v1/assets/cells/c_028_71.json,614044,3b8c7ec7ad221b6e1b5fa58cbaddbcd791087ad9033e127b430577030c1675d8,DEC-NHPA-W002-T03-2026-09-18-01,FALSE,FALSE
workstreams/NHPA-W002/T03/outputs/interactive_map_v1/assets/cells/c_028_72.json,580422,aaec073e59c9a3ff170e18635cc76034afbf5f2e3ae1a3d5b41886691ea2bb55,DEC-NHPA-W002-T03-2026-09-18-01,FALSE,FALSE
workstreams/NHPA-W002/T03/outputs/interactive_map_v1/assets/cells/c_028_73.json,531001,5d801411d46c81502d81175198c0c246d338098d13f099c6a09445e7e959d6e0,DEC-NHPA-W002-T03-2026-09-18-01,FALSE,FALSE
workstreams/NHPA-W002/T03/outputs/interactive_map_v1/assets/cells/c_028_74.json,170525,c007417020ee957371d00f698b2863f289b6e49f996efd1fac7a7411b3b3e5a2,DEC-NHPA-W002-T03-2026-09-18-01,FALSE,FALSE
workstreams/NHPA-W002/T03/outputs/interactive_map_v1/assets/cells/c_028_75.json,1018,040ba510495dac214b8eca6b694300842002e7a0a641bb0640d8508030702561,DEC-NHPA-W002-T03-2026-09-18-01,FALSE,FALSE
workstreams/NHPA-W002/T03/outputs/interactive_map_v1/assets/cells/c_029_66.json,212971,7344133e886886715b897cb5a21899caa0de0a9e0da43e1f3f05bbcb807d395d,DEC-NHPA-W002-T03-2026-09-18-01,FALSE,FALSE
workstreams/NHPA-W002/T03/outputs/interactive_map_v1/assets/cells/c_029_67.json,543078,5a21b3edd863549d817ac06bc3cc5077ebfc266f11b529c18039da943c194ddb,DEC-NHPA-W002-T03-2026-09-18-01,FALSE,FALSE
workstreams/NHPA-W002/T03/outputs/interactive_map_v1/assets/cells/c_029_68.json,525027,7b0606c6adf1168fce40b16dcb6382562cec072199be5e65977f1046bbf16701,DEC-NHPA-W002-T03-2026-09-18-01,FALSE,FALSE
workstreams/NHPA-W002/T03/outputs/interactive_map_v1/assets/cells/c_029_69.json,586331,bf6f41e682f746c8bd707cb6e3841308a6fc12dd8660ff58c139ed17a84c2522,DEC-NHPA-W002-T03-2026-09-18-01,FALSE,FALSE
workstreams/NHPA-W002/T03/outputs/interactive_map_v1/assets/cells/c_029_70.json,447790,f0d2d42db86ddec2ebaea8db84395c8b86462982286e8fe21f9030581931bb92,DEC-NHPA-W002-T03-2026-09-18-01,FALSE,FALSE
workstreams/NHPA-W002/T03/outputs/interactive_map_v1/assets/cells/c_029_71.json,617789,3634cec954ecf71803651337cea423918cb9b27d0c1fc240444aa03482819203,DEC-NHPA-W002-T03-2026-09-18-01,FALSE,FALSE
workstreams/NHPA-W002/T03/outputs/interactive_map_v1/assets/cells/c_029_72.json,584499,d2c52a36c4f93257a6f1b68e3580cba26c02d9d21ceeff5b39d2a05adcc7d6ce,DEC-NHPA-W002-T03-2026-09-18-01,FALSE,FALSE
workstreams/NHPA-W002/T03/outputs/interactive_map_v1/assets/cells/c_029_73.json,542479,705bc5099cad49a2ba2437ebcdbd4d4a940d8b76bccb0289bb2e5a1eb8685b0c,DEC-NHPA-W002-T03-2026-09-18-01,FALSE,FALSE
workstreams/NHPA-W002/T03/outputs/interactive_map_v1/assets/cells/c_029_74.json,107141,e24c929a230fddb392f3d7cede6f5c22fb8b7110b7829595ecda0f285ff1f663,DEC-NHPA-W002-T03-2026-09-18-01,FALSE,FALSE
workstreams/NHPA-W002/T03/outputs/interactive_map_v1/assets/cells/c_030_66.json,195573,5cd2837044bf41fe9577fc1151e39c1dcb65199ec97400b1ba1fa8773454b359,DEC-NHPA-W002-T03-2026-09-18-01,FALSE,FALSE
workstreams/NHPA-W002/T03/outputs/interactive_map_v1/assets/cells/c_030_67.json,675344,75470cd896737939a637da53ff1b9103da2b1171388d67f8c6f1fce42915c373,DEC-NHPA-W002-T03-2026-09-18-01,FALSE,FALSE
workstreams/NHPA-W002/T03/outputs/interactive_map_v1/assets/cells/c_030_68.json,651944,5c1c302310d0f187995f41e7a3242c1bf1283c0562405342d61da76207f0d212,DEC-NHPA-W002-T03-2026-09-18-01,FALSE,FALSE
workstreams/NHPA-W002/T03/outputs/interactive_map_v1/assets/cells/c_030_69.json,635335,59ffe02ea0d46d4a502703b6dfacc1881fbb19c14084477fa05f51c82c9c86bb,DEC-NHPA-W002-T03-2026-09-18-01,FALSE,FALSE
workstreams/NHPA-W002/T03/outputs/interactive_map_v1/assets/cells/c_030_70.json,621989,87eb10d124ba6d54167e8c15d810a9d730c24419d0bea5dc347f2248498ad923,DEC-NHPA-W002-T03-2026-09-18-01,FALSE,FALSE
workstreams/NHPA-W002/T03/outputs/interactive_map_v1/assets/cells/c_030_71.json,615551,ebc5cbd69fff8d698a5b19fb738374846daa1f3964b73382a24d272bdb197e19,DEC-NHPA-W002-T03-2026-09-18-01,FALSE,FALSE
workstreams/NHPA-W002/T03/outputs/interactive_map_v1/assets/cells/c_030_72.json,588919,aa0f673a3060285019f978c3d22e7e6c800fc5b2165206d3d5ca3a0eb4570ed3,DEC-NHPA-W002-T03-2026-09-18-01,FALSE,FALSE
workstreams/NHPA-W002/T03/outputs/interactive_map_v1/assets/cells/c_030_73.json,547031,37cb15e846946b3588c6f0cb8a239666fecf5620f64ad5c8748aa8475704e558,DEC-NHPA-W002-T03-2026-09-18-01,FALSE,FALSE
workstreams/NHPA-W002/T03/outputs/interactive_map_v1/assets/cells/c_030_74.json,212891,9a093d0600e18b0283fb2e7422305cf38aa22e0b26c6150eeacb80a5ecedb3f4,DEC-NHPA-W002-T03-2026-09-18-01,FALSE,FALSE
workstreams/NHPA-W002/T03/outputs/interactive_map_v1/assets/cells/c_031_66.json,518474,64c2fae19f167e1d15e13edba5fc52809ed3ef0a2816e0377a8b8f5d44fecb89,DEC-NHPA-W002-T03-2026-09-18-01,FALSE,FALSE
workstreams/NHPA-W002/T03/outputs/interactive_map_v1/assets/cells/c_031_67.json,670549,95f6373e5e198198f75d0168cd2d01e9b6203d51fe6912dd536b159f5d6a5cb3,DEC-NHPA-W002-T03-2026-09-18-01,FALSE,FALSE
workstreams/NHPA-W002/T03/outputs/interactive_map_v1/assets/cells/c_031_68.json,649965,3dc89d12192fb77a68357cb11fffa5556f8e90364297ebfe9da4ca83e9d61be9,DEC-NHPA-W002-T03-2026-09-18-01,FALSE,FALSE
workstreams/NHPA-W002/T03/outputs/interactive_map_v1/assets/cells/c_031_69.json,650075,33e1c2a1eed8a4b1eb8283a36170179355b5b4a7a9a83e8be67054f4ba886e1a,DEC-NHPA-W002-T03-2026-09-18-01,FALSE,FALSE
workstreams/NHPA-W002/T03/outputs/interactive_map_v1/assets/cells/c_031_70.json,647498,5b429bea176a8835df1e87a6ec0a83d4b234286f995e73f356b14ee07fce71fd,DEC-NHPA-W002-T03-2026-09-18-01,FALSE,FALSE
workstreams/NHPA-W002/T03/outputs/interactive_map_v1/assets/cells/c_031_71.json,613632,f616c6fd3de676455a0503b97d023b65a067cd37a4217540b95af8002609dd29,DEC-NHPA-W002-T03-2026-09-18-01,FALSE,FALSE
workstreams/NHPA-W002/T03/outputs/interactive_map_v1/assets/cells/c_031_72.json,588183,44ce8a70a0db8467b22d9516aaf51e95dc5a33aeca30cf9b233bd569548398bd,DEC-NHPA-W002-T03-2026-09-18-01,FALSE,FALSE
workstreams/NHPA-W002/T03/outputs/interactive_map_v1/assets/cells/c_031_73.json,552915,0e602082141206de2a651bb9e5fe58e9878d32314ca8b2f81728e7aabe90a767,DEC-NHPA-W002-T03-2026-09-18-01,FALSE,FALSE
workstreams/NHPA-W002/T03/outputs/interactive_map_v1/assets/cells/c_031_74.json,319683,76dbb960e54403b0448956af2468c4bd0e273e0fa0dddd8e0f32c249187596c6,DEC-NHPA-W002-T03-2026-09-18-01,FALSE,FALSE
workstreams/NHPA-W002/T03/outputs/interactive_map_v1/assets/cells/c_032_66.json,580624,9dcc3301abd330b94668bc3e2b75470d0544b257ae75a2bb4142ecdebfef7159,DEC-NHPA-W002-T03-2026-09-18-01,FALSE,FALSE
workstreams/NHPA-W002/T03/outputs/interactive_map_v1/assets/cells/c_032_67.json,675237,b2373092e216aa598ae87986e88084696cc59395bc82257cc6b64997bbebde9c,DEC-NHPA-W002-T03-2026-09-18-01,FALSE,FALSE
workstreams/NHPA-W002/T03/outputs/interactive_map_v1/assets/cells/c_032_68.json,650226,8e35eb2dfa7beed1abdfffe2cb3196b9dde28d721de10c5cd1a7c98491cc252c,DEC-NHPA-W002-T03-2026-09-18-01,FALSE,FALSE
workstreams/NHPA-W002/T03/outputs/interactive_map_v1/assets/cells/c_032_69.json,651534,bdcdf1a281da0348f4303895ea6dffc64447697191e7343bdbbf68820ae4f107,DEC-NHPA-W002-T03-2026-09-18-01,FALSE,FALSE
workstreams/NHPA-W002/T03/outputs/interactive_map_v1/assets/cells/c_032_70.json,645765,95bcafa580e6633c10b2d656aa888177830ab647b01ee39ae2f5a7b9f2e6bdd5,DEC-NHPA-W002-T03-2026-09-18-01,FALSE,FALSE
workstreams/NHPA-W002/T03/outputs/interactive_map_v1/assets/cells/c_032_71.json,617556,937628924c4b0822abb3b5b1ef860f533330c69b44082998fcfc1b447973eae2,DEC-NHPA-W002-T03-2026-09-18-01,FALSE,FALSE
workstreams/NHPA-W002/T03/outputs/interactive_map_v1/assets/cells/c_032_72.json,588488,1f738aad1596ee54328d362fa03e674e0716b742178b5469cbfdf6ba7d6ed831,DEC-NHPA-W002-T03-2026-09-18-01,FALSE,FALSE
workstreams/NHPA-W002/T03/outputs/interactive_map_v1/assets/cells/c_032_73.json,557495,6cfebe5f413a8e5863b7f19dbd3b0c7593e1d59fb854dcbdbbdef199316284e1,DEC-NHPA-W002-T03-2026-09-18-01,FALSE,FALSE
workstreams/NHPA-W002/T03/outputs/interactive_map_v1/assets/cells/c_032_74.json,338005,118495f696e347130e48385c809501688611be10ab65ee57cfe0507e9d93b65e,DEC-NHPA-W002-T03-2026-09-18-01,FALSE,FALSE
workstreams/NHPA-W002/T03/outputs/interactive_map_v1/assets/cells/c_033_60.json,57492,1909e932f5d5816d29b1d27705b808a4a4ba8793486a3eaf626bbdffe49ec24f,DEC-NHPA-W002-T03-2026-09-18-01,FALSE,FALSE
workstreams/NHPA-W002/T03/outputs/interactive_map_v1/assets/cells/c_033_61.json,489520,bbdd75b21ca8e04357a6a98af289068aba178982ac6b01096133910971a60ffa,DEC-NHPA-W002-T03-2026-09-18-01,FALSE,FALSE
workstreams/NHPA-W002/T03/outputs/interactive_map_v1/assets/cells/c_033_62.json,605039,0b10e82c8e5208d6e8d4e08bf4d7f844eef27c67086f2136d8de210b6a6439b6,DEC-NHPA-W002-T03-2026-09-18-01,FALSE,FALSE
workstreams/NHPA-W002/T03/outputs/interactive_map_v1/assets/cells/c_033_63.json,193566,782912db9a5c367fa5c3e724c634d7962f08f2e58bb6fcaccf5d8a03698f13b3,DEC-NHPA-W002-T03-2026-09-18-01,FALSE,FALSE
workstreams/NHPA-W002/T03/outputs/interactive_map_v1/assets/cells/c_033_65.json,83247,c2de5943b424dda412dd93f9482c4372cc02d27e99d10fd021624565e1b565b3,DEC-NHPA-W002-T03-2026-09-18-01,FALSE,FALSE
workstreams/NHPA-W002/T03/outputs/interactive_map_v1/assets/cells/c_033_66.json,644569,f00222e79116e261f8ad2a82784bdd804c0b002b14533ff41530502999f4b548,DEC-NHPA-W002-T03-2026-09-18-01,FALSE,FALSE
workstreams/NHPA-W002/T03/outputs/interactive_map_v1/assets/cells/c_033_67.json,674935,169d675e4eefecdb457c8b3c0a19807eb9107aa8be4f8baee8ab8fe8f9bf2c28,DEC-NHPA-W002-T03-2026-09-18-01,FALSE,FALSE
workstreams/NHPA-W002/T03/outputs/interactive_map_v1/assets/cells/c_033_68.json,653748,313dd9b174d49b4a19868384ca7442439b8b2d6875e1138ac84e290064a1de50,DEC-NHPA-W002-T03-2026-09-18-01,FALSE,FALSE
workstreams/NHPA-W002/T03/outputs/interactive_map_v1/assets/cells/c_033_69.json,651207,8ce759dbe8a976856280e92b383ea5dbd990cda721ad7ed0a69f655e13320cf0,DEC-NHPA-W002-T03-2026-09-18-01,FALSE,FALSE
workstreams/NHPA-W002/T03/outputs/interactive_map_v1/assets/cells/c_033_70.json,649805,2202122f89def9b1391752cc390568e33ebad5afe0b4339aa95d9803e66088d5,DEC-NHPA-W002-T03-2026-09-18-01,FALSE,FALSE
workstreams/NHPA-W002/T03/outputs/interactive_map_v1/assets/cells/c_033_71.json,616476,c7974bd576fb54ff70279dcd9c1e32fea60f8b57fc4d8db46fb710e6e8c9d42d,DEC-NHPA-W002-T03-2026-09-18-01,FALSE,FALSE
workstreams/NHPA-W002/T03/outputs/interactive_map_v1/assets/cells/c_033_72.json,587740,41d2405fa19e5d3bbaacaf41abe6000df741256103ab99c599ca5892a4f15947,DEC-NHPA-W002-T03-2026-09-18-01,FALSE,FALSE
workstreams/NHPA-W002/T03/outputs/interactive_map_v1/assets/cells/c_033_73.json,558903,48d8cd0caf9b493e7994b7ba17e062679c455603638e5044191815c37bbc7e32,DEC-NHPA-W002-T03-2026-09-18-01,FALSE,FALSE
workstreams/NHPA-W002/T03/outputs/interactive_map_v1/assets/cells/c_033_74.json,292218,d08cd9fbc85eeeb89129f56d23d09dbd3b3b7f1ff2e45e9085b3c6a0788d007c,DEC-NHPA-W002-T03-2026-09-18-01,FALSE,FALSE
workstreams/NHPA-W002/T03/outputs/interactive_map_v1/assets/cells/c_034_60.json,263425,68d58bde8e75c35df4389d287410f88f2a68a3536c4c4ea22dc120cd47120fe2,DEC-NHPA-W002-T03-2026-09-18-01,FALSE,FALSE
workstreams/NHPA-W002/T03/outputs/interactive_map_v1/assets/cells/c_034_61.json,804474,02fc562c1d786b73052910354c54be10f58ca11ba94e3be0fad2f0b973003fa5,DEC-NHPA-W002-T03-2026-09-18-01,FALSE,FALSE
workstreams/NHPA-W002/T03/outputs/interactive_map_v1/assets/cells/c_034_62.json,758861,83354affbe65a8afa5005425e999ccd0e0d1329b10635f895cf550ac2c231b65,DEC-NHPA-W002-T03-2026-09-18-01,FALSE,FALSE
workstreams/NHPA-W002/T03/outputs/interactive_map_v1/assets/cells/c_034_63.json,196119,5947fee9869b925894d325c7d5f137335bfdd48751cf7a84e26ee31d0229e377,DEC-NHPA-W002-T03-2026-09-18-01,FALSE,FALSE
workstreams/NHPA-W002/T03/outputs/interactive_map_v1/assets/cells/c_034_64.json,28056,4766d8f82aa7c9ecc04bf9016a5bde2adccafc4b9ce0c6930570c0f08a0418cd,DEC-NHPA-W002-T03-2026-09-18-01,FALSE,FALSE
workstreams/NHPA-W002/T03/outputs/interactive_map_v1/assets/cells/c_034_65.json,700375,a1a4c000e2eba75a4fbdf78755063cbaab05b800e04b2c85f33c08dc86b7efca,DEC-NHPA-W002-T03-2026-09-18-01,FALSE,FALSE
workstreams/NHPA-W002/T03/outputs/interactive_map_v1/assets/cells/c_034_66.json,697393,400e3e322776fe7770ea952257c9f180442951777ca4e2254c160fcc8ed6c8c9,DEC-NHPA-W002-T03-2026-09-18-01,FALSE,FALSE
workstreams/NHPA-W002/T03/outputs/interactive_map_v1/assets/cells/c_034_67.json,669887,ffb8d32062158ecb8a3e940e5b14825140fbc14d8092c4d2bb7f6f219a95b812,DEC-NHPA-W002-T03-2026-09-18-01,FALSE,FALSE
workstreams/NHPA-W002/T03/outputs/interactive_map_v1/assets/cells/c_034_68.json,651998,d0e0c5b58012ad152bc663fd4acfd8f16f98361e8320d8635aae2b40b623414c,DEC-NHPA-W002-T03-2026-09-18-01,FALSE,FALSE
workstreams/NHPA-W002/T03/outputs/interactive_map_v1/assets/cells/c_034_69.json,652239,a8849aa0205e88b0151287e3bee389b4e152906139815ccb61c2e6cea018f247,DEC-NHPA-W002-T03-2026-09-18-01,FALSE,FALSE
workstreams/NHPA-W002/T03/outputs/interactive_map_v1/assets/cells/c_034_70.json,650873,5af57bbd700c503aef5f39e2fe295c3f580f2ce7dc4f0ef52ad149d0ca5b8d66,DEC-NHPA-W002-T03-2026-09-18-01,FALSE,FALSE
workstreams/NHPA-W002/T03/outputs/interactive_map_v1/assets/cells/c_034_71.json,620279,348797c703a8a9dfd7bb58e1c587545d2ec588d64a60e4f2d3dcb30fe33f53e9,DEC-NHPA-W002-T03-2026-09-18-01,FALSE,FALSE
workstreams/NHPA-W002/T03/outputs/interactive_map_v1/assets/cells/c_034_72.json,587875,0edef62401dd3b394a1ab7e45e28f9a5d21dfa9574603b649988fb80ed05e75b,DEC-NHPA-W002-T03-2026-09-18-01,FALSE,FALSE
workstreams/NHPA-W002/T03/outputs/interactive_map_v1/assets/cells/c_034_73.json,557761,039414e3fac58c08df8cedc4cb6e191b1078e0ab8e341d30cd65ff12b59a900b,DEC-NHPA-W002-T03-2026-09-18-01,FALSE,FALSE
workstreams/NHPA-W002/T03/outputs/interactive_map_v1/assets/cells/c_034_74.json,402670,c8a412afe500e6a719d945a672acf980bd18c636d8e135de8d1b463ed6412717,DEC-NHPA-W002-T03-2026-09-18-01,FALSE,FALSE
workstreams/NHPA-W002/T03/outputs/interactive_map_v1/assets/cells/c_035_60.json,262565,b408bffa3088891220df807a8d24bbcff5c3ae97aae08abd92d204d4602692a0,DEC-NHPA-W002-T03-2026-09-18-01,FALSE,FALSE
workstreams/NHPA-W002/T03/outputs/interactive_map_v1/assets/cells/c_035_61.json,797945,8adb1dc0e4194319e3fd327c944db28224f78db8d2858458fdc44fcdf51b0962,DEC-NHPA-W002-T03-2026-09-18-01,FALSE,FALSE
workstreams/NHPA-W002/T03/outputs/interactive_map_v1/assets/cells/c_035_62.json,508459,e86e2d45a65f7af81ac0c19fefb3ef643b7ce2a9831528ed70f6c32e9d6af110,DEC-NHPA-W002-T03-2026-09-18-01,FALSE,FALSE
workstreams/NHPA-W002/T03/outputs/interactive_map_v1/assets/cells/c_035_64.json,137374,3ee773d055e18875fd53522bf82f6fbd9a0e417fd1a1b0cc8f860223f6ec1584,DEC-NHPA-W002-T03-2026-09-18-01,FALSE,FALSE
workstreams/NHPA-W002/T03/outputs/interactive_map_v1/assets/cells/c_035_65.json,718440,0ffb81bd19316c820599844e0be2c8798b1701b017c2b5d9883e3f14d5a12279,DEC-NHPA-W002-T03-2026-09-18-01,FALSE,FALSE
workstreams/NHPA-W002/T03/outputs/interactive_map_v1/assets/cells/c_035_66.json,697938,2f66a4f70aa854d97d6d964c9ab7c428ebed6117b54b64f58da45f760bd9271c,DEC-NHPA-W002-T03-2026-09-18-01,FALSE,FALSE
workstreams/NHPA-W002/T03/outputs/interactive_map_v1/assets/cells/c_035_67.json,675592,94bbabd7655cd41fbb9b52cd84f37df96b9adcd455005331a305ece38e9889fe,DEC-NHPA-W002-T03-2026-09-18-01,FALSE,FALSE
workstreams/NHPA-W002/T03/outputs/interactive_map_v1/assets/cells/c_035_68.json,651551,a2d9b3cfa08fc6c07618fd778e5b41df5ed92586d7a700d6ac84047884b588bb,DEC-NHPA-W002-T03-2026-09-18-01,FALSE,FALSE
workstreams/NHPA-W002/T03/outputs/interactive_map_v1/assets/cells/c_035_69.json,655000,8320b0cc2c6acc0e955e70ac05c44c85237afdfa4719deb1eff7596b566768ef,DEC-NHPA-W002-T03-2026-09-18-01,FALSE,FALSE
workstreams/NHPA-W002/T03/outputs/interactive_map_v1/assets/cells/c_035_70.json,651135,a960dd19930d13716190c112ee00fb70e0dc34c63ef7c7cde8d99cf0c9d28280,DEC-NHPA-W002-T03-2026-09-18-01,FALSE,FALSE
workstreams/NHPA-W002/T03/outputs/interactive_map_v1/assets/cells/c_035_71.json,620142,9ac5781d6e6052d886e690fb7486b53d7273c9b8e93d68dd773b2bee85567e9a,DEC-NHPA-W002-T03-2026-09-18-01,FALSE,FALSE
workstreams/NHPA-W002/T03/outputs/interactive_map_v1/assets/cells/c_035_72.json,589137,0758971dfc642882506924b96df8289318ebe67f301030507c12e2b4ee939111,DEC-NHPA-W002-T03-2026-09-18-01,FALSE,FALSE
workstreams/NHPA-W002/T03/outputs/interactive_map_v1/assets/cells/c_035_73.json,559741,8df08e738c2e49ba43e73b49bea56579a43ca496040f2d858d443d624575a3b8,DEC-NHPA-W002-T03-2026-09-18-01,FALSE,FALSE
workstreams/NHPA-W002/T03/outputs/interactive_map_v1/assets/cells/c_035_74.json,529655,cecfa40c4a0ed5ee40bed25c26d7317f11a51ca25432cbc1372be10565387ad6,DEC-NHPA-W002-T03-2026-09-18-01,FALSE,FALSE
workstreams/NHPA-W002/T03/outputs/interactive_map_v1/assets/cells/c_035_75.json,4098,7deb5f92d00afc16056b8be8a358c4c2aa2c2d20673653f0be6ed9e1ec0f6be9,DEC-NHPA-W002-T03-2026-09-18-01,FALSE,FALSE
workstreams/NHPA-W002/T03/outputs/interactive_map_v1/assets/cells/c_036_60.json,119280,cc0202bb1684b03d49c90ac1ea68ae52775d35f44bb40d05ed8a76740db71bec,DEC-NHPA-W002-T03-2026-09-18-01,FALSE,FALSE
workstreams/NHPA-W002/T03/outputs/interactive_map_v1/assets/cells/c_036_61.json,798489,dbb4a848923d19dfc319253e6a7a4eca8a81d8005296ef3196d167a3c6841e6b,DEC-NHPA-W002-T03-2026-09-18-01,FALSE,FALSE
workstreams/NHPA-W002/T03/outputs/interactive_map_v1/assets/cells/c_036_62.json,411959,3d58fa9cab7f1bf2913baf1bdedf770a546f61c274353477104b1def6140cbd2,DEC-NHPA-W002-T03-2026-09-18-01,FALSE,FALSE
workstreams/NHPA-W002/T03/outputs/interactive_map_v1/assets/cells/c_036_63.json,39508,3c6485c16c98114431873471d3628433af871e7e4c99f990322a07a611188964,DEC-NHPA-W002-T03-2026-09-18-01,FALSE,FALSE
workstreams/NHPA-W002/T03/outputs/interactive_map_v1/assets/cells/c_036_64.json,555622,44548a0bfb5e27ed4197a7496ca82dd9dc91def4c7e2b7e38147e3afdad70f8d,DEC-NHPA-W002-T03-2026-09-18-01,FALSE,FALSE
workstreams/NHPA-W002/T03/outputs/interactive_map_v1/assets/cells/c_036_65.json,719707,526c6a04a8d3a7093fd1cfdbe1ceb3781070a6a4cabbde9b0a1ddadb3e428093,DEC-NHPA-W002-T03-2026-09-18-01,FALSE,FALSE
workstreams/NHPA-W002/T03/outputs/interactive_map_v1/assets/cells/c_036_66.json,698222,a4cd98d2ede62866aa1eccf1a8aa3b1044540ada6c1ffabdffc640ae36438d08,DEC-NHPA-W002-T03-2026-09-18-01,FALSE,FALSE
workstreams/NHPA-W002/T03/outputs/interactive_map_v1/assets/cells/c_036_67.json,675035,11a7e0a4878560855bddd57bce84c4b512c1d73ecab2afe6bb71daada7a2e15c,DEC-NHPA-W002-T03-2026-09-18-01,FALSE,FALSE
workstreams/NHPA-W002/T03/outputs/interactive_map_v1/assets/cells/c_036_68.json,652937,43283535b4573096e9af2ed544a0563f5d84c4ec6965e3e7073fb2a40f903b54,DEC-NHPA-W002-T03-2026-09-18-01,FALSE,FALSE
workstreams/NHPA-W002/T03/outputs/interactive_map_v1/assets/cells/c_036_69.json,653061,c9b9ec0724a32d0a36734b1bf3e7a246c747c22cf8d68b3c4610c377dc013294,DEC-NHPA-W002-T03-2026-09-18-01,FALSE,FALSE
workstreams/NHPA-W002/T03/outputs/interactive_map_v1/assets/cells/c_036_70.json,652874,cc8cedcf2955542efe122e2606367bf0389e9ba923b39881dc41480827a401e0,DEC-NHPA-W002-T03-2026-09-18-01,FALSE,FALSE
workstreams/NHPA-W002/T03/outputs/interactive_map_v1/assets/cells/c_036_71.json,621098,63adc2f40bc66c0b9241cb0f902a4b88c8849ea4f9f14fd6e7607f04eb3918af,DEC-NHPA-W002-T03-2026-09-18-01,FALSE,FALSE
workstreams/NHPA-W002/T03/outputs/interactive_map_v1/assets/cells/c_036_72.json,587707,40d68d93a808f510e21820dd73cddfa1440af24052e24797f3a2253dd64ed11e,DEC-NHPA-W002-T03-2026-09-18-01,FALSE,FALSE
workstreams/NHPA-W002/T03/outputs/interactive_map_v1/assets/cells/c_036_73.json,560987,bbe62ca74d6e91d169488cdd75a65fbda7454c114d6134967e8b6f5b09e07178,DEC-NHPA-W002-T03-2026-09-18-01,FALSE,FALSE
workstreams/NHPA-W002/T03/outputs/interactive_map_v1/assets/cells/c_036_74.json,501679,6e165455f7527f39126ca9ed2680c77c4ec09ea71ca8f5ac8de6ba42acba8db5,DEC-NHPA-W002-T03-2026-09-18-01,FALSE,FALSE
workstreams/NHPA-W002/T03/outputs/interactive_map_v1/assets/cells/c_037_59.json,69039,5e8021543a145b356ff3cd8c94ea2246057c200b0ea25c4103ba94e96f645d8c,DEC-NHPA-W002-T03-2026-09-18-01,FALSE,FALSE
workstreams/NHPA-W002/T03/outputs/interactive_map_v1/assets/cells/c_037_60.json,596524,af43fda55ef35601b44105785d076678005e1762fe751d2d98cd1d5ac00db4b4,DEC-NHPA-W002-T03-2026-09-18-01,FALSE,FALSE
workstreams/NHPA-W002/T03/outputs/interactive_map_v1/assets/cells/c_037_61.json,797486,5864b2a347159ed9807ba87744005169fbec436fa52fe15b74c1573155140ce6,DEC-NHPA-W002-T03-2026-09-18-01,FALSE,FALSE
workstreams/NHPA-W002/T03/outputs/interactive_map_v1/assets/cells/c_037_62.json,772681,74f1ec0037dc610e3d0bfe633eed5bfa6a84f85f85eff89c3ff5e2d347c0088e,DEC-NHPA-W002-T03-2026-09-18-01,FALSE,FALSE
workstreams/NHPA-W002/T03/outputs/interactive_map_v1/assets/cells/c_037_63.json,746433,ce158043ac33aa5aa98fa7310f4dce335ef7352c5f5192022b77996a7103150b,DEC-NHPA-W002-T03-2026-09-18-01,FALSE,FALSE
workstreams/NHPA-W002/T03/outputs/interactive_map_v1/assets/cells/c_037_64.json,736010,f118a8b1880933813a5970c4ef5ecb5b55c1c1bc6f649f2018ff6c8a879f0720,DEC-NHPA-W002-T03-2026-09-18-01,FALSE,FALSE
workstreams/NHPA-W002/T03/outputs/interactive_map_v1/assets/cells/c_037_65.json,716293,ba2f8900b4cf1e1b55f9fbfbb8bfaa5c7d7fef6eba747f1460c9792040432aa7,DEC-NHPA-W002-T03-2026-09-18-01,FALSE,FALSE
workstreams/NHPA-W002/T03/outputs/interactive_map_v1/assets/cells/c_037_66.json,697976,12eb92bef32ebd5572f84ca179c0d166686e2486a554103b59c28edb78c06fdb,DEC-NHPA-W002-T03-2026-09-18-01,FALSE,FALSE
workstreams/NHPA-W002/T03/outputs/interactive_map_v1/assets/cells/c_037_67.json,675136,eacfa835bfb4b0072e0c16e1351433dc9b222e60508f2ccad0b78714ed8507bb,DEC-NHPA-W002-T03-2026-09-18-01,FALSE,FALSE
workstreams/NHPA-W002/T03/outputs/interactive_map_v1/assets/cells/c_037_68.json,652743,fe85df0af1967f54918204664880496c735eddfdab1099302a0739331baf8023,DEC-NHPA-W002-T03-2026-09-18-01,FALSE,FALSE
workstreams/NHPA-W002/T03/outputs/interactive_map_v1/assets/cells/c_037_69.json,653031,6b325eb207d8e0ab9398a77943decaa182e222d50efe33e32a0fddf539dc7381,DEC-NHPA-W002-T03-2026-09-18-01,FALSE,FALSE
workstreams/NHPA-W002/T03/outputs/interactive_map_v1/assets/cells/c_037_70.json,652031,05b5d4598166f2bae893ba63fa8dbd2d2ba963d91cb38f099aa03e1c06b2bda7,DEC-NHPA-W002-T03-2026-09-18-01,FALSE,FALSE
workstreams/NHPA-W002/T03/outputs/interactive_map_v1/assets/cells/c_037_71.json,619669,1cbabc3028a87cd9fe5f8f6518f36d8a23d7627c4211855256df77296b08f57a,DEC-NHPA-W002-T03-2026-09-18-01,FALSE,FALSE
workstreams/NHPA-W002/T03/outputs/interactive_map_v1/assets/cells/c_037_72.json,589247,3e263dcab7d19bfa845f190be3660d0b725353da269544cdf2c02c0d5e4847f0,DEC-NHPA-W002-T03-2026-09-18-01,FALSE,FALSE
workstreams/NHPA-W002/T03/outputs/interactive_map_v1/assets/cells/c_037_73.json,560461,a46380a1382cbd0ff499598a3d1924e403607df50c3bef07cac8439908cd2bbc,DEC-NHPA-W002-T03-2026-09-18-01,FALSE,FALSE
workstreams/NHPA-W002/T03/outputs/interactive_map_v1/assets/cells/c_037_74.json,446236,9252886e0aca4074b5a9809753eb822b749c6b26916be84ba2207bd0fe01acb4,DEC-NHPA-W002-T03-2026-09-18-01,FALSE,FALSE
workstreams/NHPA-W002/T03/outputs/interactive_map_v1/assets/cells/c_038_59.json,261810,19ff420519020fb347a4acebbe19677b433bf6f13605a7bfc37e60db09e7172e,DEC-NHPA-W002-T03-2026-09-18-01,FALSE,FALSE
workstreams/NHPA-W002/T03/outputs/interactive_map_v1/assets/cells/c_038_60.json,815671,db1c0f27e0e06fd412dbb1dbc68185eab128b3a77fa789ba5affe4cbfe6e8fd0,DEC-NHPA-W002-T03-2026-09-18-01,FALSE,FALSE
workstreams/NHPA-W002/T03/outputs/interactive_map_v1/assets/cells/c_038_61.json,799782,d0888d2aaae4b5bb97b0776b83eac301a6322c5ea1af1004b54d95bbe39d2b9a,DEC-NHPA-W002-T03-2026-09-18-01,FALSE,FALSE
workstreams/NHPA-W002/T03/outputs/interactive_map_v1/assets/cells/c_038_62.json,779414,690f1c18d34ff62c050b827cf5db4f23e6324fbd206f6b887be8a14bdf9dc479,DEC-NHPA-W002-T03-2026-09-18-01,FALSE,FALSE
workstreams/NHPA-W002/T03/outputs/interactive_map_v1/assets/cells/c_038_63.json,761467,1059923af5a57c0719c46a6de09bf99eb273d51b47e91d4b29d169fd6fb0f698,DEC-NHPA-W002-T03-2026-09-18-01,FALSE,FALSE
workstreams/NHPA-W002/T03/outputs/interactive_map_v1/assets/cells/c_038_64.json,741080,4e676b0287b8837515a5dcb2e560934f6f4d2e650c0ff87c2751838d64bbdea1,DEC-NHPA-W002-T03-2026-09-18-01,FALSE,FALSE
workstreams/NHPA-W002/T03/outputs/interactive_map_v1/assets/cells/c_038_65.json,720022,aee10e0dc4c23cef3d227345d115159b0dce16733d7473300fbf829d60764ad8,DEC-NHPA-W002-T03-2026-09-18-01,FALSE,FALSE
workstreams/NHPA-W002/T03/outputs/interactive_map_v1/assets/cells/c_038_66.json,697123,d79a8a273ade3c4d72a4044f90e410511d79e02a496b2b62d16e139d50b69585,DEC-NHPA-W002-T03-2026-09-18-01,FALSE,FALSE
workstreams/NHPA-W002/T03/outputs/interactive_map_v1/assets/cells/c_038_67.json,676399,10469df74950b0b8bb2c8b0a7f248c5dc5c8e271b6fef27731c6fc63e766d55c,DEC-NHPA-W002-T03-2026-09-18-01,FALSE,FALSE
workstreams/NHPA-W002/T03/outputs/interactive_map_v1/assets/cells/c_038_68.json,650342,e8a2edd6843eff92ee5fcbf195b4c6f66e8de14f5fb74c37bcbf9025b640e84c,DEC-NHPA-W002-T03-2026-09-18-01,FALSE,FALSE
workstreams/NHPA-W002/T03/outputs/interactive_map_v1/assets/cells/c_038_69.json,653435,da774d1d8238624cf916a2747bc9cc3dfc0ab854025e951374e9ee21bd01ee97,DEC-NHPA-W002-T03-2026-09-18-01,FALSE,FALSE
workstreams/NHPA-W002/T03/outputs/interactive_map_v1/assets/cells/c_038_70.json,651535,a7ae6ddf6b3549ed1ae43ccba8353885e541b3dfbe5a3f7ed483bc10417f2b83,DEC-NHPA-W002-T03-2026-09-18-01,FALSE,FALSE
workstreams/NHPA-W002/T03/outputs/interactive_map_v1/assets/cells/c_038_71.json,621248,9d0da7b2ad9d405820c487f6b653f0dfc60f17f277b0be9bb9e3b9cd2749d5f6,DEC-NHPA-W002-T03-2026-09-18-01,FALSE,FALSE
workstreams/NHPA-W002/T03/outputs/interactive_map_v1/assets/cells/c_038_72.json,588406,9ea6e347f33008051b62c9e0233d9f30ebf7aa892ac8105e5b78f706c6b2a0e4,DEC-NHPA-W002-T03-2026-09-18-01,FALSE,FALSE
workstreams/NHPA-W002/T03/outputs/interactive_map_v1/assets/cells/c_038_73.json,563019,269d52de63e34aeafaea9dc5cf4036cd01001189173106750367d9b6e6b643e9,DEC-NHPA-W002-T03-2026-09-18-01,FALSE,FALSE
workstreams/NHPA-W002/T03/outputs/interactive_map_v1/assets/cells/c_038_74.json,307276,227a08dd42360e71fb32c7fbbf7e2c5effe44dde25624d0b7557c8ef7bbc9d1b,DEC-NHPA-W002-T03-2026-09-18-01,FALSE,FALSE
workstreams/NHPA-W002/T03/outputs/interactive_map_v1/assets/cells/c_039_59.json,347785,ddbdac956ff6d276f099983dc1a24f53ee8916075c6b4ee26387614027bd4f37,DEC-NHPA-W002-T03-2026-09-18-01,FALSE,FALSE
workstreams/NHPA-W002/T03/outputs/interactive_map_v1/assets/cells/c_039_60.json,815540,7c4b85e654579afb39a62f951aeb650827058e4dabadc77448ed55572016ebf1,DEC-NHPA-W002-T03-2026-09-18-01,FALSE,FALSE
workstreams/NHPA-W002/T03/outputs/interactive_map_v1/assets/cells/c_039_61.json,799490,c9917efea461bef40ba45df118f12082c04e4d631e7188e3bc436c6983c4028a,DEC-NHPA-W002-T03-2026-09-18-01,FALSE,FALSE
workstreams/NHPA-W002/T03/outputs/interactive_map_v1/assets/cells/c_039_62.json,781155,f7f339746a79d4fbc0122a258c24c5415a26b5b3ab87808cd15c716ec07e4503,DEC-NHPA-W002-T03-2026-09-18-01,FALSE,FALSE
workstreams/NHPA-W002/T03/outputs/interactive_map_v1/assets/cells/c_039_63.json,762057,efbf690fdb01685d7bae648d61ee422f7eb5f3e4a24bcaf9eef9f3d9ef5184de,DEC-NHPA-W002-T03-2026-09-18-01,FALSE,FALSE
workstreams/NHPA-W002/T03/outputs/interactive_map_v1/assets/cells/c_039_64.json,743269,c1b0674f76e1dfce5eac53c52cf7c469ef7c3e51becf75329b9313746e713b5e,DEC-NHPA-W002-T03-2026-09-18-01,FALSE,FALSE
workstreams/NHPA-W002/T03/outputs/interactive_map_v1/assets/cells/c_039_65.json,721047,79fb0da5956712e7b79fb9c9f56c4a663e3980b20db3b5abb5cd285f52e61804,DEC-NHPA-W002-T03-2026-09-18-01,FALSE,FALSE
workstreams/NHPA-W002/T03/outputs/interactive_map_v1/assets/cells/c_039_66.json,696691,ee0c7467ccc941f1ce09f543ec715445609f0a05d40a869d53f4ff68fbd0ef1a,DEC-NHPA-W002-T03-2026-09-18-01,FALSE,FALSE
workstreams/NHPA-W002/T03/outputs/interactive_map_v1/assets/cells/c_039_67.json,675203,16c43cba2d79b67896268483e60afe69647d53b23e75cce1cff704f9045d2469,DEC-NHPA-W002-T03-2026-09-18-01,FALSE,FALSE
workstreams/NHPA-W002/T03/outputs/interactive_map_v1/assets/cells/c_039_68.json,652559,8ac575e23c4581bc6262650458aa4f8656bea69633409756f2ae2168fb3e79f1,DEC-NHPA-W002-T03-2026-09-18-01,FALSE,FALSE
workstreams/NHPA-W002/T03/outputs/interactive_map_v1/assets/cells/c_039_69.json,652297,8059d3d9982ae40a0b40ffa656eb093ffb4c7dc76e5c12ace3d3ce18d9201fa5,DEC-NHPA-W002-T03-2026-09-18-01,FALSE,FALSE
workstreams/NHPA-W002/T03/outputs/interactive_map_v1/assets/cells/c_039_70.json,652724,b86b3435d27e127f0e492e5f7f33335a924f8e55f16c322a3d9567a26b8a477a,DEC-NHPA-W002-T03-2026-09-18-01,FALSE,FALSE
workstreams/NHPA-W002/T03/outputs/interactive_map_v1/assets/cells/c_039_71.json,623199,f73a6f9a79d4b431e0b7b19b74e84789ab856db01f4ebe97b6f12697dcdad5f5,DEC-NHPA-W002-T03-2026-09-18-01,FALSE,FALSE
workstreams/NHPA-W002/T03/outputs/interactive_map_v1/assets/cells/c_039_72.json,588053,cf256a7f9d193517ee49db6290d586668d261d812c3abf63b1cb97f377805b3d,DEC-NHPA-W002-T03-2026-09-18-01,FALSE,FALSE
workstreams/NHPA-W002/T03/outputs/interactive_map_v1/assets/cells/c_039_73.json,560705,865892e755e6276caaaa47ab2f20528f4aea36305680aff3497710771d076e05,DEC-NHPA-W002-T03-2026-09-18-01,FALSE,FALSE
workstreams/NHPA-W002/T03/outputs/interactive_map_v1/assets/cells/c_039_74.json,64321,6a02b212dd5644eec3196888a7eba9847fcdb246e56c10e20062ee37fe64ea8b,DEC-NHPA-W002-T03-2026-09-18-01,FALSE,FALSE
workstreams/NHPA-W002/T03/outputs/interactive_map_v1/assets/cells/c_040_58.json,573921,cd110490104db801bd84932d93e36cbf73fa8b0802f95c32e41ced9dd53f3d30,DEC-NHPA-W002-T03-2026-09-18-01,FALSE,FALSE
workstreams/NHPA-W002/T03/outputs/interactive_map_v1/assets/cells/c_040_59.json,826710,bf6ea114b4d8a5abed2ca3cdb1b38b2c857cd6ae1519acc010f74147a08a2c13,DEC-NHPA-W002-T03-2026-09-18-01,FALSE,FALSE
workstreams/NHPA-W002/T03/outputs/interactive_map_v1/assets/cells/c_040_60.json,809683,4c981121f18ec4d57044b0d7a76b83c0e734bd5f60f6c35b289b1b5693e7c2f6,DEC-NHPA-W002-T03-2026-09-18-01,FALSE,FALSE
workstreams/NHPA-W002/T03/outputs/interactive_map_v1/assets/cells/c_040_61.json,797690,7c5a1b44a90f83a060abdef735d8308f270f4f3e454bb439897c12a9698b4c2a,DEC-NHPA-W002-T03-2026-09-18-01,FALSE,FALSE
workstreams/NHPA-W002/T03/outputs/interactive_map_v1/assets/cells/c_040_62.json,778234,f54a686c2e2f4141e5bb5cb29a1aa84ea77e28d4bcad4156046b286a25cd4177,DEC-NHPA-W002-T03-2026-09-18-01,FALSE,FALSE
workstreams/NHPA-W002/T03/outputs/interactive_map_v1/assets/cells/c_040_63.json,760155,80f3904cfb309470e3350d25c0b6401bae9bde586e23180a00e3fc6ae2dff96a,DEC-NHPA-W002-T03-2026-09-18-01,FALSE,FALSE
workstreams/NHPA-W002/T03/outputs/interactive_map_v1/assets/cells/c_040_64.json,739915,2dc85018dcba82d7417816bdff51da1eb0dfc8bfc82185f6d220df112824a2a3,DEC-NHPA-W002-T03-2026-09-18-01,FALSE,FALSE
workstreams/NHPA-W002/T03/outputs/interactive_map_v1/assets/cells/c_040_65.json,719563,c5f15a15aeb13c61c41f110ab81af00cebd5818b7783b96e50a4a7b41f29f5e3,DEC-NHPA-W002-T03-2026-09-18-01,FALSE,FALSE
workstreams/NHPA-W002/T03/outputs/interactive_map_v1/assets/cells/c_040_66.json,696369,9408a8d2880f87ef95c2c8b7b5f703bb6882a8a9562d1fe6d3a053a5d298e5be,DEC-NHPA-W002-T03-2026-09-18-01,FALSE,FALSE
workstreams/NHPA-W002/T03/outputs/interactive_map_v1/assets/cells/c_040_67.json,674188,c2993aa59f36b1fa5ecb2d2526a8c8d549212d27a5339b42e22f7d274db9a368,DEC-NHPA-W002-T03-2026-09-18-01,FALSE,FALSE
workstreams/NHPA-W002/T03/outputs/interactive_map_v1/assets/cells/c_040_68.json,651097,d2c8fa3522ff2d1f35a26f32dfe3bcd2a5f9b0f9b03db01a8391a28450dd7d3c,DEC-NHPA-W002-T03-2026-09-18-01,FALSE,FALSE
workstreams/NHPA-W002/T03/outputs/interactive_map_v1/assets/cells/c_040_69.json,651731,a858ecefeca2551d74629d098bad17908919a23231187ad8b97955e9d0c9dc01,DEC-NHPA-W002-T03-2026-09-18-01,FALSE,FALSE
workstreams/NHPA-W002/T03/outputs/interactive_map_v1/assets/cells/c_040_70.json,650159,68344e79b8c137e765acd6a682756e0eb47fbf980253cc9d7ec0391354bb01d2,DEC-NHPA-W002-T03-2026-09-18-01,FALSE,FALSE
workstreams/NHPA-W002/T03/outputs/interactive_map_v1/assets/cells/c_040_71.json,622596,76728026d27d72afeede289c9f56fd557292434fe497eb426090cb2f08f42b34,DEC-NHPA-W002-T03-2026-09-18-01,FALSE,FALSE
workstreams/NHPA-W002/T03/outputs/interactive_map_v1/assets/cells/c_040_72.json,586963,3b8da20faf62a14271e6fa83be85b0dc2e3a43f4f0b537f281335516e838bbbd,DEC-NHPA-W002-T03-2026-09-18-01,FALSE,FALSE
workstreams/NHPA-W002/T03/outputs/interactive_map_v1/assets/cells/c_040_73.json,493245,40abb56ca8b680869af6cb5d68e4e20ce4622d2ad6d1058bc29fc6bbe1cc57bc,DEC-NHPA-W002-T03-2026-09-18-01,FALSE,FALSE
workstreams/NHPA-W002/T03/outputs/interactive_map_v1/assets/cells/c_040_74.json,528,164fce0515eae5cede02c2e3d5ce757f816616392d4734b27be1cb4358b89c0c,DEC-NHPA-W002-T03-2026-09-18-01,FALSE,FALSE
workstreams/NHPA-W002/T03/outputs/interactive_map_v1/assets/cells/c_041_57.json,13863,84fbd34477842a83fbf81303ddfd1d549bfe5cd5102b8e4fce4b83e1efd947e3,DEC-NHPA-W002-T03-2026-09-18-01,FALSE,FALSE
workstreams/NHPA-W002/T03/outputs/interactive_map_v1/assets/cells/c_041_58.json,308773,727d6261e7022214fdb966b1c1c1eca64fb6281bdd8c28943e89253c0f9eebdc,DEC-NHPA-W002-T03-2026-09-18-01,FALSE,FALSE
workstreams/NHPA-W002/T03/outputs/interactive_map_v1/assets/cells/c_041_59.json,756365,16de6807bf334845000b83dc84a3ed9f15b47704b3acf14ae32227306c9d8354,DEC-NHPA-W002-T03-2026-09-18-01,FALSE,FALSE
workstreams/NHPA-W002/T03/outputs/interactive_map_v1/assets/cells/c_041_60.json,817908,c2fd0158bb45a2bde49dab4c799ba101d3e10202651502e0ac87446eb40bcbab,DEC-NHPA-W002-T03-2026-09-18-01,FALSE,FALSE
workstreams/NHPA-W002/T03/outputs/interactive_map_v1/assets/cells/c_041_61.json,782749,e6dae9e241bad84c44514270d43d4f2956c75979b198de266ad5cf3e90208804,DEC-NHPA-W002-T03-2026-09-18-01,FALSE,FALSE
workstreams/NHPA-W002/T03/outputs/interactive_map_v1/assets/cells/c_041_62.json,780518,b7fe80f70079df6782965f4880e8f13b6944260ddac615bff8fef62dc8a23c9a,DEC-NHPA-W002-T03-2026-09-18-01,FALSE,FALSE
workstreams/NHPA-W002/T03/outputs/interactive_map_v1/assets/cells/c_041_63.json,759044,d05276f4396c5e1df6054ab92d5a0f4df7770ab5503225f391c552e7edb7e066,DEC-NHPA-W002-T03-2026-09-18-01,FALSE,FALSE
workstreams/NHPA-W002/T03/outputs/interactive_map_v1/assets/cells/c_041_64.json,738281,e9d3d6d17ead63c6039f76e82ee3ce01f2074311502c546210d17bdb90ace152,DEC-NHPA-W002-T03-2026-09-18-01,FALSE,FALSE
workstreams/NHPA-W002/T03/outputs/interactive_map_v1/assets/cells/c_041_65.json,718946,ac05d4e0329fc6cb9b4684b1ed6366a9a04d1f23d0957b0f2a25308397ad6930,DEC-NHPA-W002-T03-2026-09-18-01,FALSE,FALSE
workstreams/NHPA-W002/T03/outputs/interactive_map_v1/assets/cells/c_041_66.json,706295,3217e8c599000b04f9eaf8fa56b460e93dd73914a30587064a006b62e26ef620,DEC-NHPA-W002-T03-2026-09-18-01,FALSE,FALSE
workstreams/NHPA-W002/T03/outputs/interactive_map_v1/assets/cells/c_041_67.json,671295,3d2e7245f117ab60a03adb3636ebd646c2745a72bd893a166a75a12054f7df0e,DEC-NHPA-W002-T03-2026-09-18-01,FALSE,FALSE
workstreams/NHPA-W002/T03/outputs/interactive_map_v1/assets/cells/c_041_68.json,650150,e3685260acf911b15b4ae962e24917d4f14701e1a3b385309bee445f0098f3ad,DEC-NHPA-W002-T03-2026-09-18-01,FALSE,FALSE
workstreams/NHPA-W002/T03/outputs/interactive_map_v1/assets/cells/c_041_69.json,650410,6f9751ce4447a97cea13c28dfd2bc6b9b6c63225bb9a4c8f866ce4652cbe701e,DEC-NHPA-W002-T03-2026-09-18-01,FALSE,FALSE
workstreams/NHPA-W002/T03/outputs/interactive_map_v1/assets/cells/c_041_70.json,651849,6aee350ce3899c1673d5caa7b534810dc0f3181f89de890715a61c7e3de92e3f,DEC-NHPA-W002-T03-2026-09-18-01,FALSE,FALSE
workstreams/NHPA-W002/T03/outputs/interactive_map_v1/assets/cells/c_041_71.json,619279,9e71987dfeeae0903f061e2ad698ac875fc36d6d0ad4158857760aff1bf7eed4,DEC-NHPA-W002-T03-2026-09-18-01,FALSE,FALSE
workstreams/NHPA-W002/T03/outputs/interactive_map_v1/assets/cells/c_041_72.json,594053,0bb323b1732df8b17fdee4fd8e4bdd4ae0dbae87eb34d7bcc23a04e8ac31a666,DEC-NHPA-W002-T03-2026-09-18-01,FALSE,FALSE
workstreams/NHPA-W002/T03/outputs/interactive_map_v1/assets/cells/c_041_73.json,428529,cca77bebee437985a9d22314fd810e28292bb2498974d69b897fa0820ffde0ed,DEC-NHPA-W002-T03-2026-09-18-01,FALSE,FALSE
workstreams/NHPA-W002/T03/outputs/interactive_map_v1/assets/cells/c_042_59.json,343367,822e6b2b2bdb5799e658e1022e8e0f52e7c646a8e223bda72137c3ca9e784112,DEC-NHPA-W002-T03-2026-09-18-01,FALSE,FALSE
workstreams/NHPA-W002/T03/outputs/interactive_map_v1/assets/cells/c_042_60.json,821872,6bbb92ab12eb7eed59072f75484e81517099e7ce9bb753511efc9516cb1975ec,DEC-NHPA-W002-T03-2026-09-18-01,FALSE,FALSE
workstreams/NHPA-W002/T03/outputs/interactive_map_v1/assets/cells/c_042_61.json,786347,05c2e3356ff3134196840e413a2bf687baee81214355ecf6a2e72bc426c83329,DEC-NHPA-W002-T03-2026-09-18-01,FALSE,FALSE
workstreams/NHPA-W002/T03/outputs/interactive_map_v1/assets/cells/c_042_62.json,782249,d022a400c0678239c7841111d31105f48c50061dc71980d1579eac1f7f3a98ba,DEC-NHPA-W002-T03-2026-09-18-01,FALSE,FALSE
workstreams/NHPA-W002/T03/outputs/interactive_map_v1/assets/cells/c_042_63.json,765833,64682db68f9029c7f3fbd9e5f35bc9f79db20574d2468fa9455ee02b99fbae44,DEC-NHPA-W002-T03-2026-09-18-01,FALSE,FALSE
workstreams/NHPA-W002/T03/outputs/interactive_map_v1/assets/cells/c_042_64.json,739108,1a98efd1853692e0ce928895afe57f7f2c6a848bf4d416bdc36d2fdd847835ad,DEC-NHPA-W002-T03-2026-09-18-01,FALSE,FALSE
workstreams/NHPA-W002/T03/outputs/interactive_map_v1/assets/cells/c_042_65.json,716909,46cf04d4d5b9dca0b66a33b366d66c8d8c1c754154e63c0d57a0939bbbc405c8,DEC-NHPA-W002-T03-2026-09-18-01,FALSE,FALSE
workstreams/NHPA-W002/T03/outputs/interactive_map_v1/assets/cells/c_042_66.json,706597,6d86ffcdd82d2838dfcbd568e01efbf2ce1455ae93f902b2638f6e443d5369f1,DEC-NHPA-W002-T03-2026-09-18-01,FALSE,FALSE
workstreams/NHPA-W002/T03/outputs/interactive_map_v1/assets/cells/c_042_67.json,683612,13b435e7be5433d0653a9435d23c8b9df2169539b838b5849a45a69182d83d47,DEC-NHPA-W002-T03-2026-09-18-01,FALSE,FALSE
workstreams/NHPA-W002/T03/outputs/interactive_map_v1/assets/cells/c_042_68.json,678577,bf61df658c4e8a6ebf59f3b54f250d741d157565d72465e1356e8fc5cecf00e5,DEC-NHPA-W002-T03-2026-09-18-01,FALSE,FALSE
workstreams/NHPA-W002/T03/outputs/interactive_map_v1/assets/cells/c_042_69.json,660194,7868b9c89d3a0600469333fea7b07aec64c6f65084d3809a26e70bccf537a5b1,DEC-NHPA-W002-T03-2026-09-18-01,FALSE,FALSE
workstreams/NHPA-W002/T03/outputs/interactive_map_v1/assets/cells/c_042_70.json,653503,6c40c7f788eb988d8a9a90d37dc89f77bb2afddb7f3b0279c8c28a1d38db82bd,DEC-NHPA-W002-T03-2026-09-18-01,FALSE,FALSE
workstreams/NHPA-W002/T03/outputs/interactive_map_v1/assets/cells/c_042_71.json,619635,3e2b4676c55a4b783e5408d8b30e49fb83fdddc47982d08ae7f8bd220ad602cd,DEC-NHPA-W002-T03-2026-09-18-01,FALSE,FALSE
workstreams/NHPA-W002/T03/outputs/interactive_map_v1/assets/cells/c_042_72.json,596012,3744691931c36700d35f1261792c69573f1bdfabce690c2db4262e328fe0ab9b,DEC-NHPA-W002-T03-2026-09-18-01,FALSE,FALSE
workstreams/NHPA-W002/T03/outputs/interactive_map_v1/assets/cells/c_042_73.json,304193,6bd5fde661f8c0b8b90bb203cec76f8ea36cff8c51adcdbabbf86170a90fbfe1,DEC-NHPA-W002-T03-2026-09-18-01,FALSE,FALSE
workstreams/NHPA-W002/T03/outputs/interactive_map_v1/assets/cells/c_043_59.json,144819,49a0dd692b29b37d2202003606636bcc0aba4c6934147e97111d3b7cb61b7344,DEC-NHPA-W002-T03-2026-09-18-01,FALSE,FALSE
workstreams/NHPA-W002/T03/outputs/interactive_map_v1/assets/cells/c_043_60.json,815364,25b345a51ef2fb6b87d4bce0b0cbec3caff010e371bae21a6a2ab55e9e1fe783,DEC-NHPA-W002-T03-2026-09-18-01,FALSE,FALSE
workstreams/NHPA-W002/T03/outputs/interactive_map_v1/assets/cells/c_043_61.json,799021,9f141a1d8ae499bb05cf5f6f5502d4778af84c17b23a80cf8d66dd7cddddbb6b,DEC-NHPA-W002-T03-2026-09-18-01,FALSE,FALSE
workstreams/NHPA-W002/T03/outputs/interactive_map_v1/assets/cells/c_043_62.json,777052,b12ba68dfc47356361eb7db9f0f10c258e7ab9b928f2cb1480379810da983097,DEC-NHPA-W002-T03-2026-09-18-01,FALSE,FALSE
workstreams/NHPA-W002/T03/outputs/interactive_map_v1/assets/cells/c_043_63.json,760799,8b4f0a98475f7eb81799466a9f1dd69f828aee880df96ee5e0f2ba5a3e7d77eb,DEC-NHPA-W002-T03-2026-09-18-01,FALSE,FALSE
workstreams/NHPA-W002/T03/outputs/interactive_map_v1/assets/cells/c_043_64.json,740430,73f40ad97ccd671933b82363a5464f47f6191f23de602b7029f30c3fc8360118,DEC-NHPA-W002-T03-2026-09-18-01,FALSE,FALSE
workstreams/NHPA-W002/T03/outputs/interactive_map_v1/assets/cells/c_043_65.json,719863,ddd9c83002d1b191872d15b18a7ed92b186af30f268d66fa04a414111f35c5ae,DEC-NHPA-W002-T03-2026-09-18-01,FALSE,FALSE
workstreams/NHPA-W002/T03/outputs/interactive_map_v1/assets/cells/c_043_66.json,696301,399dadd4dfdccf54a027360b323867f109e94312bd23e8492e37c96ad2cf5e89,DEC-NHPA-W002-T03-2026-09-18-01,FALSE,FALSE
workstreams/NHPA-W002/T03/outputs/interactive_map_v1/assets/cells/c_043_67.json,691276,5ebe3ef4c7c264d7746dfcfa2c00db37d1882a39ce8ce78d0d437e4d4570ac7c,DEC-NHPA-W002-T03-2026-09-18-01,FALSE,FALSE
workstreams/NHPA-W002/T03/outputs/interactive_map_v1/assets/cells/c_043_68.json,682790,d9da04010c3cc8da4ba79846acb8a897b46f5f2abcf69bb234aa254e41f0e27b,DEC-NHPA-W002-T03-2026-09-18-01,FALSE,FALSE
workstreams/NHPA-W002/T03/outputs/interactive_map_v1/assets/cells/c_043_69.json,674345,3b7d628861a33455c7e47cde4fdf07161069c90cd727b3cdf8a2a96625bb9fa5,DEC-NHPA-W002-T03-2026-09-18-01,FALSE,FALSE
workstreams/NHPA-W002/T03/outputs/interactive_map_v1/assets/cells/c_043_70.json,650434,83773f79fa4e101b6fe7746ce4317dd95db6e14d91af3bca86cd2bb920ccab3d,DEC-NHPA-W002-T03-2026-09-18-01,FALSE,FALSE
workstreams/NHPA-W002/T03/outputs/interactive_map_v1/assets/cells/c_043_71.json,623289,465051570cb8924152598f0bc13bc8b1a71c159953089e20d8ccc1d96603c2b2,DEC-NHPA-W002-T03-2026-09-18-01,FALSE,FALSE
workstreams/NHPA-W002/T03/outputs/interactive_map_v1/assets/cells/c_043_72.json,591952,5944781ffa77a6be2c0dcc1b28e520e1bc3586199b252c015cd6175dc370b92c,DEC-NHPA-W002-T03-2026-09-18-01,FALSE,FALSE
workstreams/NHPA-W002/T03/outputs/interactive_map_v1/assets/cells/c_043_73.json,147047,361b8d74d89a53baab3dd2c0c78625e7ea33ac621692b9f2f71994aae97747cd,DEC-NHPA-W002-T03-2026-09-18-01,FALSE,FALSE
workstreams/NHPA-W002/T03/outputs/interactive_map_v1/assets/cells/c_044_59.json,289287,dcd7b46281e68a41835b22402c21c3110c53e5ab50fa34894e6a25211535fd4f,DEC-NHPA-W002-T03-2026-09-18-01,FALSE,FALSE
workstreams/NHPA-W002/T03/outputs/interactive_map_v1/assets/cells/c_044_60.json,815034,6b216c9bc4c869908ffa723136f0f45d8a0625d58e09cdf812fa134b613919c6,DEC-NHPA-W002-T03-2026-09-18-01,FALSE,FALSE
workstreams/NHPA-W002/T03/outputs/interactive_map_v1/assets/cells/c_044_61.json,798765,7e3cff979247887f265a32e98ae93e2049634f142637fe307d9d161cf2e7cf4c,DEC-NHPA-W002-T03-2026-09-18-01,FALSE,FALSE
workstreams/NHPA-W002/T03/outputs/interactive_map_v1/assets/cells/c_044_62.json,779029,0ac45e1f40e3dc42783955b9d73fd4bd11d3415edc1bee7154847aba899ae533,DEC-NHPA-W002-T03-2026-09-18-01,FALSE,FALSE
workstreams/NHPA-W002/T03/outputs/interactive_map_v1/assets/cells/c_044_63.json,760747,b482729daa709e69031abd427979a5b9dd16e85be7879b9efd8a9f89ad5e335f,DEC-NHPA-W002-T03-2026-09-18-01,FALSE,FALSE
workstreams/NHPA-W002/T03/outputs/interactive_map_v1/assets/cells/c_044_64.json,737676,61964fcc4f153dcf68972b4d9bc98a177e8524b8e26ecfe63e9040a3eb6da367,DEC-NHPA-W002-T03-2026-09-18-01,FALSE,FALSE
workstreams/NHPA-W002/T03/outputs/interactive_map_v1/assets/cells/c_044_65.json,717863,2972c309218d76ae7d4b01eff364653c849386ff88449439c7489b8df1492f1d,DEC-NHPA-W002-T03-2026-09-18-01,FALSE,FALSE
workstreams/NHPA-W002/T03/outputs/interactive_map_v1/assets/cells/c_044_66.json,694437,742c504d95e625953279cb51b2f687b292bb4c245df41f6869a65b54cb5ad248,DEC-NHPA-W002-T03-2026-09-18-01,FALSE,FALSE
workstreams/NHPA-W002/T03/outputs/interactive_map_v1/assets/cells/c_044_67.json,699800,2cda9e84785f22c42d908ba034e354f0d5f1dcb6c435f198d17be548c031fdb8,DEC-NHPA-W002-T03-2026-09-18-01,FALSE,FALSE
workstreams/NHPA-W002/T03/outputs/interactive_map_v1/assets/cells/c_044_68.json,488584,76c0cbc62beb3793d6540e2cd2dccc12451f3541d305d34b6d382f2ca4b68a67,DEC-NHPA-W002-T03-2026-09-18-01,FALSE,FALSE
workstreams/NHPA-W002/T03/outputs/interactive_map_v1/assets/cells/c_044_69.json,676583,7eb7256b052091e4175a0302d6235f1772050d3c07ff03b27afed9bc7842b740,DEC-NHPA-W002-T03-2026-09-18-01,FALSE,FALSE
workstreams/NHPA-W002/T03/outputs/interactive_map_v1/assets/cells/c_044_70.json,652092,e59519ec37559db003cf949e8321fab133af0020214cf861e85d7ee78a5aa521,DEC-NHPA-W002-T03-2026-09-18-01,FALSE,FALSE
workstreams/NHPA-W002/T03/outputs/interactive_map_v1/assets/cells/c_044_71.json,623172,a933d9fdfa6ef0e345b9879ce93544dbb0057d36860ef06c24d497a6668a0c49,DEC-NHPA-W002-T03-2026-09-18-01,FALSE,FALSE
workstreams/NHPA-W002/T03/outputs/interactive_map_v1/assets/cells/c_044_72.json,451910,0927a3363879aef81d0b10ade927cfba1b215684e82ef83b79472de1ef50ad4c,DEC-NHPA-W002-T03-2026-09-18-01,FALSE,FALSE
workstreams/NHPA-W002/T03/outputs/interactive_map_v1/assets/cells/c_044_73.json,5243,79c4aa49457c36f5bdbc83b94e05557fccd4e89977ced3c95f3a79d407c3a7fd,DEC-NHPA-W002-T03-2026-09-18-01,FALSE,FALSE
workstreams/NHPA-W002/T03/outputs/interactive_map_v1/assets/cells/c_045_59.json,107226,b43be99b76cdb4f500eb67139fedccea64271fcbe3bca9a1f493a7919bed275d,DEC-NHPA-W002-T03-2026-09-18-01,FALSE,FALSE
workstreams/NHPA-W002/T03/outputs/interactive_map_v1/assets/cells/c_045_60.json,724103,21071beba1857609af94030f448b69a661264aabec4dfe0015734b42fc40fed7,DEC-NHPA-W002-T03-2026-09-18-01,FALSE,FALSE
workstreams/NHPA-W002/T03/outputs/interactive_map_v1/assets/cells/c_045_61.json,799331,d7b26080f140991d8b17a0ac0e267fb46f9aed6d27d7c496e36492571cd3655f,DEC-NHPA-W002-T03-2026-09-18-01,FALSE,FALSE
workstreams/NHPA-W002/T03/outputs/interactive_map_v1/assets/cells/c_045_62.json,777283,254a77ccf6826f2feb7aa106627558e8d4c43586ac4ffbf10aabb6d33d563b7d,DEC-NHPA-W002-T03-2026-09-18-01,FALSE,FALSE
workstreams/NHPA-W002/T03/outputs/interactive_map_v1/assets/cells/c_045_63.json,762920,5438fdbad878e6580bd44b654e320334a6e0ce73be1f61cd0dd24e144af54910,DEC-NHPA-W002-T03-2026-09-18-01,FALSE,FALSE
workstreams/NHPA-W002/T03/outputs/interactive_map_v1/assets/cells/c_045_64.json,738427,9f50b3c8dfe7c1f12983e0f4a718dff664f366f271748571aff2d70805a351fc,DEC-NHPA-W002-T03-2026-09-18-01,FALSE,FALSE
workstreams/NHPA-W002/T03/outputs/interactive_map_v1/assets/cells/c_045_65.json,719258,42a56bd8a6faf3daec9bc6aef529adbdb83c13a758e1c63778aab7738a5f6813,DEC-NHPA-W002-T03-2026-09-18-01,FALSE,FALSE
workstreams/NHPA-W002/T03/outputs/interactive_map_v1/assets/cells/c_045_66.json,694807,e4c5e8fad7cd6931a89740786e70fb38c4b0fb21016fb40d1afccc91ebbd56bb,DEC-NHPA-W002-T03-2026-09-18-01,FALSE,FALSE
workstreams/NHPA-W002/T03/outputs/interactive_map_v1/assets/cells/c_045_67.json,704862,e3c656af6415fc0258fc7016460cb0bc50a1b7faf506dba501643b84bb5b4c73,DEC-NHPA-W002-T03-2026-09-18-01,FALSE,FALSE
workstreams/NHPA-W002/T03/outputs/interactive_map_v1/assets/cells/c_045_68.json,386525,0d6d5b661183c5590e3a165a858f0caae6b1650dd6dada517d4308a582442f91,DEC-NHPA-W002-T03-2026-09-18-01,FALSE,FALSE
workstreams/NHPA-W002/T03/outputs/interactive_map_v1/assets/cells/c_045_69.json,584175,6973e8d5d8bbb2c94f0b715e02db0c125191f1fd86a355f254cf4617e826f77c,DEC-NHPA-W002-T03-2026-09-18-01,FALSE,FALSE
workstreams/NHPA-W002/T03/outputs/interactive_map_v1/assets/cells/c_045_70.json,650127,8ec718f55130c0a673d49ccda1490a6fdc8dc7c1110e3187e70ee96f31887609,DEC-NHPA-W002-T03-2026-09-18-01,FALSE,FALSE
workstreams/NHPA-W002/T03/outputs/interactive_map_v1/assets/cells/c_045_71.json,623094,c8b6344c34f74f4277b75e1d0bff7eed7bba796827460cd117e400222793e7b3,DEC-NHPA-W002-T03-2026-09-18-01,FALSE,FALSE
workstreams/NHPA-W002/T03/outputs/interactive_map_v1/assets/cells/c_045_72.json,307137,acbf0c7a639627b68e8b5a49f1613a72de10fb0766ce4ec3e88caff876a76f39,DEC-NHPA-W002-T03-2026-09-18-01,FALSE,FALSE
workstreams/NHPA-W002/T03/outputs/interactive_map_v1/assets/cells/c_046_60.json,681320,56620aaf3642e682048820d4771f5e80f0c498c9ed672d76a6500cb1e5ca2072,DEC-NHPA-W002-T03-2026-09-18-01,FALSE,FALSE
workstreams/NHPA-W002/T03/outputs/interactive_map_v1/assets/cells/c_046_61.json,794541,fd351f2810b848000406df37e753c47d0567b7bc5ce8af87969ab03cfb181e3b,DEC-NHPA-W002-T03-2026-09-18-01,FALSE,FALSE
workstreams/NHPA-W002/T03/outputs/interactive_map_v1/assets/cells/c_046_62.json,777171,ab7f32b9c386b8c3c20c4d904f14090d1cd6a93736b3016a98ef3404b1314db7,DEC-NHPA-W002-T03-2026-09-18-01,FALSE,FALSE
workstreams/NHPA-W002/T03/outputs/interactive_map_v1/assets/cells/c_046_63.json,761430,f384a349881e402225d56a255ba1eec567ea357c0f8e3867e4068272676dfbef,DEC-NHPA-W002-T03-2026-09-18-01,FALSE,FALSE
workstreams/NHPA-W002/T03/outputs/interactive_map_v1/assets/cells/c_046_64.json,737507,7b4add3a9ddc0d994d990a5f57a309f081acee9e8772794167cfe782d660719a,DEC-NHPA-W002-T03-2026-09-18-01,FALSE,FALSE
workstreams/NHPA-W002/T03/outputs/interactive_map_v1/assets/cells/c_046_65.json,674746,21440ecf2c9d8a8c43cfce779c18cae510744fee76c8aac44598e536393be35a,DEC-NHPA-W002-T03-2026-09-18-01,FALSE,FALSE
workstreams/NHPA-W002/T03/outputs/interactive_map_v1/assets/cells/c_046_66.json,216391,f9a4316247214ef941ecb9e9b5af34c4205dac175521c67b7f1cb8668763b5d5,DEC-NHPA-W002-T03-2026-09-18-01,FALSE,FALSE
workstreams/NHPA-W002/T03/outputs/interactive_map_v1/assets/cells/c_046_67.json,334943,9ae2e0670d7c5aac2368932af4c141e9f8dd49cd479fd417a522601dbf5d86af,DEC-NHPA-W002-T03-2026-09-18-01,FALSE,FALSE
workstreams/NHPA-W002/T03/outputs/interactive_map_v1/assets/cells/c_046_68.json,231957,c9383d0643cec82ca1a9063564f569852e2c9371bb3b59845e06bbad1d66bcc0,DEC-NHPA-W002-T03-2026-09-18-01,FALSE,FALSE
workstreams/NHPA-W002/T03/outputs/interactive_map_v1/assets/cells/c_046_69.json,452061,53dd861a36d013ba6ee82a7ec5a969f1122c46c15921d446c468f36caf931309,DEC-NHPA-W002-T03-2026-09-18-01,FALSE,FALSE
workstreams/NHPA-W002/T03/outputs/interactive_map_v1/assets/cells/c_046_70.json,651663,92bb72298829c00e5018b0859761bce7cb8f96c3f3294a6d820ce5027b229cd0,DEC-NHPA-W002-T03-2026-09-18-01,FALSE,FALSE
workstreams/NHPA-W002/T03/outputs/interactive_map_v1/assets/cells/c_046_71.json,573964,9aacbf2158b1bc18f6da8bfcf14e562828abbb1f41b72de5556d1bd4710a4caa,DEC-NHPA-W002-T03-2026-09-18-01,FALSE,FALSE
workstreams/NHPA-W002/T03/outputs/interactive_map_v1/assets/cells/c_046_72.json,44165,b477617d4f35d4482bfed64e846cddf8e20a263d6376a41317d50989f628c167,DEC-NHPA-W002-T03-2026-09-18-01,FALSE,FALSE
workstreams/NHPA-W002/T03/outputs/interactive_map_v1/assets/cells/c_047_59.json,62883,24efc1aa486047754d3263478da3b907bdaf7945015cd547e80ec3d601ae2dfa,DEC-NHPA-W002-T03-2026-09-18-01,FALSE,FALSE
workstreams/NHPA-W002/T03/outputs/interactive_map_v1/assets/cells/c_047_60.json,800655,a616b3710d083307060b726f57c591ef057c2528a74812198160eaf9c6502a25,DEC-NHPA-W002-T03-2026-09-18-01,FALSE,FALSE
workstreams/NHPA-W002/T03/outputs/interactive_map_v1/assets/cells/c_047_61.json,797006,a40d4e8b963c444cb1e573f277e5599378c02fe62eceee4807f21241bcf820f2,DEC-NHPA-W002-T03-2026-09-18-01,FALSE,FALSE
workstreams/NHPA-W002/T03/outputs/interactive_map_v1/assets/cells/c_047_62.json,775517,1b4494b3259ce76386efcc45e880f2031338538e613c19470a52c571017db172,DEC-NHPA-W002-T03-2026-09-18-01,FALSE,FALSE
workstreams/NHPA-W002/T03/outputs/interactive_map_v1/assets/cells/c_047_63.json,760032,42c23796af943f177b44386f022200e77c03bac2e2a8fdfc4b9d069343bda57e,DEC-NHPA-W002-T03-2026-09-18-01,FALSE,FALSE
workstreams/NHPA-W002/T03/outputs/interactive_map_v1/assets/cells/c_047_64.json,736773,2f4918dd7919b7f1a1639a678ba9156f2fb9a9a0b88e395f45fde4424c5792ff,DEC-NHPA-W002-T03-2026-09-18-01,FALSE,FALSE
workstreams/NHPA-W002/T03/outputs/interactive_map_v1/assets/cells/c_047_65.json,718464,783422ced1bca0da46ab7d71ceac98133e7688411bfc5bc764424252005d5b48,DEC-NHPA-W002-T03-2026-09-18-01,FALSE,FALSE
workstreams/NHPA-W002/T03/outputs/interactive_map_v1/assets/cells/c_047_66.json,704594,43f6811236354b95795df74ba624f44aa60dee635580bb9fde2a6197891a1623,DEC-NHPA-W002-T03-2026-09-18-01,FALSE,FALSE
workstreams/NHPA-W002/T03/outputs/interactive_map_v1/assets/cells/c_047_67.json,549719,0c8cd849ad7f73090382428eefe43efe3628b594f8ea1bedab2d9c4f5bdd0e7a,DEC-NHPA-W002-T03-2026-09-18-01,FALSE,FALSE
workstreams/NHPA-W002/T03/outputs/interactive_map_v1/assets/cells/c_047_68.json,435786,68f3bf6b48b46a7593efac9f2a3dd401b1e51ea69baa5257fba9e94b3132e43f,DEC-NHPA-W002-T03-2026-09-18-01,FALSE,FALSE
workstreams/NHPA-W002/T03/outputs/interactive_map_v1/assets/cells/c_047_69.json,677684,d5b4d7e59c641e6b3fc0b83a64a5aee58542287cad2c8cfe30316f044b56338c,DEC-NHPA-W002-T03-2026-09-18-01,FALSE,FALSE
workstreams/NHPA-W002/T03/outputs/interactive_map_v1/assets/cells/c_047_70.json,389043,e92d84e09274d23a9bf4d1d636471249eafbfefcf3040984de6d984da8cb6b63,DEC-NHPA-W002-T03-2026-09-18-01,FALSE,FALSE
workstreams/NHPA-W002/T03/outputs/interactive_map_v1/assets/cells/c_047_71.json,49769,b07067bbc98e562c2483d2c749f6cc62e556cccf40d60037c06b3978b7d11ad5,DEC-NHPA-W002-T03-2026-09-18-01,FALSE,FALSE
workstreams/NHPA-W002/T03/outputs/interactive_map_v1/assets/cells/c_048_57.json,1095,e18dc3582cb4afc5ecc726ed502ac1f5d1a558ec6d8cf5cbedeb00bf35ce9ce7,DEC-NHPA-W002-T03-2026-09-18-01,FALSE,FALSE
workstreams/NHPA-W002/T03/outputs/interactive_map_v1/assets/cells/c_048_58.json,169589,e6d97e9e349000fd0e4f6b2278f8ece06427543b7c9a55c1d47f1cfffa234db6,DEC-NHPA-W002-T03-2026-09-18-01,FALSE,FALSE
workstreams/NHPA-W002/T03/outputs/interactive_map_v1/assets/cells/c_048_59.json,429642,819202920c2500b221c197d683db1499e88956a90cb88f6ae863b8c472cac514,DEC-NHPA-W002-T03-2026-09-18-01,FALSE,FALSE
workstreams/NHPA-W002/T03/outputs/interactive_map_v1/assets/cells/c_048_60.json,815065,1cf28dccc28b40a759f6bb9565428bc693952be8cbff528f5859fc81c344536e,DEC-NHPA-W002-T03-2026-09-18-01,FALSE,FALSE
workstreams/NHPA-W002/T03/outputs/interactive_map_v1/assets/cells/c_048_61.json,796771,895380810f0e61a5a928d40e3ce82caf3910256f534b4a4e4370935eb18e227e,DEC-NHPA-W002-T03-2026-09-18-01,FALSE,FALSE
workstreams/NHPA-W002/T03/outputs/interactive_map_v1/assets/cells/c_048_62.json,776981,4124ac7f4e886e3de047030b5c83bfa77abd05f1e9c21e2c864df7966e262c0d,DEC-NHPA-W002-T03-2026-09-18-01,FALSE,FALSE
workstreams/NHPA-W002/T03/outputs/interactive_map_v1/assets/cells/c_048_63.json,762169,1fcc5ea3be7a9b3e3ab8fbbe9be77d095c30326f0a00a5b67dc3eed483c02a86,DEC-NHPA-W002-T03-2026-09-18-01,FALSE,FALSE
workstreams/NHPA-W002/T03/outputs/interactive_map_v1/assets/cells/c_048_64.json,737377,d4a3863895770368fe780389ab3f1d42e85e04f713bc7b3af8e6635efa13e298,DEC-NHPA-W002-T03-2026-09-18-01,FALSE,FALSE
workstreams/NHPA-W002/T03/outputs/interactive_map_v1/assets/cells/c_048_65.json,612753,1bef9a93fec4bd3159f0e9c9baf029c1c1dd83b4342afa05089d514de3b7d925,DEC-NHPA-W002-T03-2026-09-18-01,FALSE,FALSE
workstreams/NHPA-W002/T03/outputs/interactive_map_v1/assets/cells/c_048_66.json,569359,5d59fe86e4f48ca52c3f026c711f9c1b29aecd4881fd24c05038b62a79ef5b9d,DEC-NHPA-W002-T03-2026-09-18-01,FALSE,FALSE
workstreams/NHPA-W002/T03/outputs/interactive_map_v1/assets/cells/c_048_67.json,242349,d56fac41a847eb2e647ca1c15c6f1e98016f765aa5b44d29aa0cd3e41ec0b49d,DEC-NHPA-W002-T03-2026-09-18-01,FALSE,FALSE
workstreams/NHPA-W002/T03/outputs/interactive_map_v1/assets/cells/c_048_68.json,654551,eab6680237fc8e31ce4901897b62c1254323517c00a5f5fde649b3e1324eebd6,DEC-NHPA-W002-T03-2026-09-18-01,FALSE,FALSE
workstreams/NHPA-W002/T03/outputs/interactive_map_v1/assets/cells/c_048_69.json,678919,bc18cd0f6f1e49c0f31f585d4f16941643da8a0ad20429408f9c4ea4eda629db,DEC-NHPA-W002-T03-2026-09-18-01,FALSE,FALSE
workstreams/NHPA-W002/T03/outputs/interactive_map_v1/assets/cells/c_048_70.json,192812,a0c24c59ff37b1f41bb939c022d66392ae2dc355de2e1f7cc90e0bac990171fe,DEC-NHPA-W002-T03-2026-09-18-01,FALSE,FALSE
workstreams/NHPA-W002/T03/outputs/interactive_map_v1/assets/cells/c_049_57.json,232721,4bb182e76ae0271aac47c8519ca5dd8327e1eee98ccf54d419b027557be13872,DEC-NHPA-W002-T03-2026-09-18-01,FALSE,FALSE
workstreams/NHPA-W002/T03/outputs/interactive_map_v1/assets/cells/c_049_58.json,761824,a5978d714fe1e0a54286b3e894ab7e21a0dae6862785017852a3528718c88a91,DEC-NHPA-W002-T03-2026-09-18-01,FALSE,FALSE
workstreams/NHPA-W002/T03/outputs/interactive_map_v1/assets/cells/c_049_59.json,474093,b94a0e4a5fc53e4ab83ea2f94cc537098bbea24cd9e9493898f51ce4b11ccca8,DEC-NHPA-W002-T03-2026-09-18-01,FALSE,FALSE
workstreams/NHPA-W002/T03/outputs/interactive_map_v1/assets/cells/c_049_60.json,300101,79a5ca770a71262bf21fa34ec1fb7ef9583305ea05a9347a8428f552f64e4c28,DEC-NHPA-W002-T03-2026-09-18-01,FALSE,FALSE
workstreams/NHPA-W002/T03/outputs/interactive_map_v1/assets/cells/c_049_61.json,734848,c8284763e619a8b512e6878ab2314d3ee035e2a4c53905966eb866f05827bb43,DEC-NHPA-W002-T03-2026-09-18-01,FALSE,FALSE
workstreams/NHPA-W002/T03/outputs/interactive_map_v1/assets/cells/c_049_62.json,778279,82ba42d8bf95aa45f3920e20ea5effa8a49ce773d0d4b7325829b3e50b2699ac,DEC-NHPA-W002-T03-2026-09-18-01,FALSE,FALSE
workstreams/NHPA-W002/T03/outputs/interactive_map_v1/assets/cells/c_049_63.json,760980,b2265241f2ece4017a33af3d50bbb92b876086477a16d78c568c63328c5cf346,DEC-NHPA-W002-T03-2026-09-18-01,FALSE,FALSE
workstreams/NHPA-W002/T03/outputs/interactive_map_v1/assets/cells/c_049_64.json,739681,47bbe475db5adb4bbfc7deabaf816b512aca0c1f4eb0dd1c74bd576ca93c031e,DEC-NHPA-W002-T03-2026-09-18-01,FALSE,FALSE
workstreams/NHPA-W002/T03/outputs/interactive_map_v1/assets/cells/c_049_65.json,646581,7950313320904d9cd4e7eb346df42d103f32cd17870884e90c9bfdc6643fda00,DEC-NHPA-W002-T03-2026-09-18-01,FALSE,FALSE
workstreams/NHPA-W002/T03/outputs/interactive_map_v1/assets/cells/c_049_66.json,511560,1ea19ebcda3b44d7f9e072d7a76edc13faabf2f646efd03c8ee3af1daa4f1af5,DEC-NHPA-W002-T03-2026-09-18-01,FALSE,FALSE
workstreams/NHPA-W002/T03/outputs/interactive_map_v1/assets/cells/c_049_67.json,358668,e1f041b0d9714eacc02c846482de6d624c30a17d224c6b62fa44bea4f19c81a9,DEC-NHPA-W002-T03-2026-09-18-01,FALSE,FALSE
workstreams/NHPA-W002/T03/outputs/interactive_map_v1/assets/cells/c_049_68.json,702134,3df4c709a0a33c6d78c64b0296efc9ad39e146437986273aab5e54a8a92f1791,DEC-NHPA-W002-T03-2026-09-18-01,FALSE,FALSE
workstreams/NHPA-W002/T03/outputs/interactive_map_v1/assets/cells/c_049_69.json,677585,1b95c1cfb2438770d4b9449f550d9d729990dfaa0f7fc279ef4b5be7a5e59257,DEC-NHPA-W002-T03-2026-09-18-01,FALSE,FALSE
workstreams/NHPA-W002/T03/outputs/interactive_map_v1/assets/cells/c_049_70.json,278663,969f3f97d658a1cd41b2e3372b4fb8f835165fe2a2bbfb86853e374a4ad7681c,DEC-NHPA-W002-T03-2026-09-18-01,FALSE,FALSE
workstreams/NHPA-W002/T03/outputs/interactive_map_v1/assets/cells/c_050_61.json,243205,02aec1f13950c04462fc9655f78680fd4092fb9b635e5aa57805711b44614f3e,DEC-NHPA-W002-T03-2026-09-18-01,FALSE,FALSE
workstreams/NHPA-W002/T03/outputs/interactive_map_v1/assets/cells/c_050_62.json,782855,ffdeb8f5791552c82acfd1b2b5e89a044efd81a805277664184097ad9c5da70d,DEC-NHPA-W002-T03-2026-09-18-01,FALSE,FALSE
workstreams/NHPA-W002/T03/outputs/interactive_map_v1/assets/cells/c_050_63.json,760337,15dc0509cc44989bc18a38cbdc4049dd49f3529a3d1933441f74562eea3f3edd,DEC-NHPA-W002-T03-2026-09-18-01,FALSE,FALSE
workstreams/NHPA-W002/T03/outputs/interactive_map_v1/assets/cells/c_050_64.json,739398,23824907ed831be2feafc99027718f94ca98d7c694fb1f4dac5ac5a3bbba2114,DEC-NHPA-W002-T03-2026-09-18-01,FALSE,FALSE
workstreams/NHPA-W002/T03/outputs/interactive_map_v1/assets/cells/c_050_65.json,726378,5d1294e3aaf367394efea3d7bee3f0e6951dd3728a3abc66d50aa144fb678623,DEC-NHPA-W002-T03-2026-09-18-01,FALSE,FALSE
workstreams/NHPA-W002/T03/outputs/interactive_map_v1/assets/cells/c_050_66.json,510198,94c59274f1af673db1b968dc3dfb8c1ba7c9666876904045d35927c7f1b0bf68,DEC-NHPA-W002-T03-2026-09-18-01,FALSE,FALSE
workstreams/NHPA-W002/T03/outputs/interactive_map_v1/assets/cells/c_050_67.json,715665,a8b15e403009e5f0e3d672948b3eabe9f0fc149a62efbdba964e0bf574ab1d0f,DEC-NHPA-W002-T03-2026-09-18-01,FALSE,FALSE
workstreams/NHPA-W002/T03/outputs/interactive_map_v1/assets/cells/c_050_68.json,703368,95726aa7eade6550b26f168a580170580becf04d6c5be01d4ee891034d1c74ff,DEC-NHPA-W002-T03-2026-09-18-01,FALSE,FALSE
workstreams/NHPA-W002/T03/outputs/interactive_map_v1/assets/cells/c_050_69.json,678578,11ff0cd1277bb63a82be0705d7998cfc0108dabaf234310101a70016ee111c7f,DEC-NHPA-W002-T03-2026-09-18-01,FALSE,FALSE
workstreams/NHPA-W002/T03/outputs/interactive_map_v1/assets/cells/c_050_70.json,356236,2674c322ffac6043d4f338cc4ca1a6623e530fc294576e9a5cc4ca8740caac24,DEC-NHPA-W002-T03-2026-09-18-01,FALSE,FALSE
workstreams/NHPA-W002/T03/outputs/interactive_map_v1/assets/cells/c_051_61.json,1917,ab5015d1ff33e8f8ed58df68ec64e478c84ad4ab934be746a32bfb62b1942751,DEC-NHPA-W002-T03-2026-09-18-01,FALSE,FALSE
workstreams/NHPA-W002/T03/outputs/interactive_map_v1/assets/cells/c_051_62.json,525156,4d5381aa1b8e54ea54f1d31dd278a8efc5809ebad5d775ca190381ce6bda4149,DEC-NHPA-W002-T03-2026-09-18-01,FALSE,FALSE
workstreams/NHPA-W002/T03/outputs/interactive_map_v1/assets/cells/c_051_63.json,697413,90f30967f4aa2f5d930648cef838f731639f01413803d67ead043b08be67df42,DEC-NHPA-W002-T03-2026-09-18-01,FALSE,FALSE
workstreams/NHPA-W002/T03/outputs/interactive_map_v1/assets/cells/c_051_64.json,703974,22b90ba57375a4e990601a92f6eabac1c47b22d30631a92787b92ec8d5e5e290,DEC-NHPA-W002-T03-2026-09-18-01,FALSE,FALSE
workstreams/NHPA-W002/T03/outputs/interactive_map_v1/assets/cells/c_051_65.json,731549,0109cbfba03dd1c803d0546579c5674bb07e9f4d6651aa59a101677066d82736,DEC-NHPA-W002-T03-2026-09-18-01,FALSE,FALSE
workstreams/NHPA-W002/T03/outputs/interactive_map_v1/assets/cells/c_051_66.json,545118,575c45ca893e05f4c973c6012dcd10fe516e7848a5aa32a66ec9a24ed8c82262,DEC-NHPA-W002-T03-2026-09-18-01,FALSE,FALSE
workstreams/NHPA-W002/T03/outputs/interactive_map_v1/assets/cells/c_051_67.json,711079,95541ed3a91a2dfb80a4a65b22ba730b0d9dd9b57985fcd52b29237bdae7f1eb,DEC-NHPA-W002-T03-2026-09-18-01,FALSE,FALSE
workstreams/NHPA-W002/T03/outputs/interactive_map_v1/assets/cells/c_051_68.json,703776,5db2ef2f8e569007b67577a3596c46205c1c0ab11e0fe2cec074b1de21e6a682,DEC-NHPA-W002-T03-2026-09-18-01,FALSE,FALSE
workstreams/NHPA-W002/T03/outputs/interactive_map_v1/assets/cells/c_051_69.json,679955,a56ddaeceafa9341571686f58083f99db6b5f82ef117201f8ae292fcaf00708c,DEC-NHPA-W002-T03-2026-09-18-01,FALSE,FALSE
workstreams/NHPA-W002/T03/outputs/interactive_map_v1/assets/cells/c_051_70.json,651287,3cee60731ace2b0a9b53bec6bc3fb5525fa3962e1e6b269ee711821e3ebbe593,DEC-NHPA-W002-T03-2026-09-18-01,FALSE,FALSE
workstreams/NHPA-W002/T03/outputs/interactive_map_v1/assets/cells/c_051_71.json,90812,2e84a16f25a633e6be053ccb2d2986d102c675a1dc62e20c2ebea66a9cdf9b98,DEC-NHPA-W002-T03-2026-09-18-01,FALSE,FALSE
workstreams/NHPA-W002/T03/outputs/interactive_map_v1/assets/cells/c_052_62.json,45634,442ffe583257fe20d81a190323bc6359e13851016ce0a6b8fb5b7d1161075305,DEC-NHPA-W002-T03-2026-09-18-01,FALSE,FALSE
workstreams/NHPA-W002/T03/outputs/interactive_map_v1/assets/cells/c_052_63.json,88018,0765fed4ac2373df2612a2c41bc7e69adea4b3f27918d5019df5d9a0050f68f4,DEC-NHPA-W002-T03-2026-09-18-01,FALSE,FALSE
workstreams/NHPA-W002/T03/outputs/interactive_map_v1/assets/cells/c_052_64.json,456504,63ed631270dc2c01c83d29de67fd1641bd969a191d4070cf07661b887de45705,DEC-NHPA-W002-T03-2026-09-18-01,FALSE,FALSE
workstreams/NHPA-W002/T03/outputs/interactive_map_v1/assets/cells/c_052_65.json,725746,19dec39d0c783519874fb90060df4d81f269fda04945ca00c507c284c97f88f7,DEC-NHPA-W002-T03-2026-09-18-01,FALSE,FALSE
workstreams/NHPA-W002/T03/outputs/interactive_map_v1/assets/cells/c_052_66.json,730393,b18448a8cd2d093031ea88f6b2b0fd8cf0cd7c2dcac0c392e0b3d28921d0bdcd,DEC-NHPA-W002-T03-2026-09-18-01,FALSE,FALSE
workstreams/NHPA-W002/T03/outputs/interactive_map_v1/assets/cells/c_052_67.json,716067,c21322409006913ea23f167e7652ce3400677ef2001b7ebef0b3938ab150987a,DEC-NHPA-W002-T03-2026-09-18-01,FALSE,FALSE
workstreams/NHPA-W002/T03/outputs/interactive_map_v1/assets/cells/c_052_68.json,703448,baab00ce9c2d2ba6cd3d8af3c6ded79386b576688d11ab678400aec7ef78593a,DEC-NHPA-W002-T03-2026-09-18-01,FALSE,FALSE
workstreams/NHPA-W002/T03/outputs/interactive_map_v1/assets/cells/c_052_69.json,681314,a773e8449c51265696406be0a47c216665ed1169823cf27b5458cfb9ae7b14ca,DEC-NHPA-W002-T03-2026-09-18-01,FALSE,FALSE
workstreams/NHPA-W002/T03/outputs/interactive_map_v1/assets/cells/c_052_70.json,656452,574a0f3466fee49fc9051cffe358dd231451d6597a9b022561a9a63941d15f31,DEC-NHPA-W002-T03-2026-09-18-01,FALSE,FALSE
workstreams/NHPA-W002/T03/outputs/interactive_map_v1/assets/cells/c_052_71.json,200960,ceb9c344769b407cbb95e61fe87e6836fc5379a8524f8708b6dac68efbe9d238,DEC-NHPA-W002-T03-2026-09-18-01,FALSE,FALSE
workstreams/NHPA-W002/T03/outputs/interactive_map_v1/assets/cells/c_053_65.json,430414,36e2d0098627fa543584a970b5800263e78254f2921dae980656d57ce8de0066,DEC-NHPA-W002-T03-2026-09-18-01,FALSE,FALSE
workstreams/NHPA-W002/T03/outputs/interactive_map_v1/assets/cells/c_053_66.json,720440,c0ad3ec7b1fa2796a7413b00280797056aafbef65fa6345de69dd56c3fab1eea,DEC-NHPA-W002-T03-2026-09-18-01,FALSE,FALSE
workstreams/NHPA-W002/T03/outputs/interactive_map_v1/assets/cells/c_053_67.json,710063,48276a38867e42c601b6264ad450587adcbfa3a23206235c62edde0c6bbbdb5a,DEC-NHPA-W002-T03-2026-09-18-01,FALSE,FALSE
workstreams/NHPA-W002/T03/outputs/interactive_map_v1/assets/cells/c_053_68.json,704226,06487d1b34f837a52fe023caed5b2d05406c754259140f9cbab2eb06babefd9b,DEC-NHPA-W002-T03-2026-09-18-01,FALSE,FALSE
workstreams/NHPA-W002/T03/outputs/interactive_map_v1/assets/cells/c_053_69.json,685593,d5c217e7cf0f3dd6676e4186d6e7ed4be93946020f4a7c719e8c12623f732d06,DEC-NHPA-W002-T03-2026-09-18-01,FALSE,FALSE
workstreams/NHPA-W002/T03/outputs/interactive_map_v1/assets/cells/c_053_70.json,652955,a0ab51f61879a4d13b47887a057994707a1bf9003101197f21d3b544bd5db3f2,DEC-NHPA-W002-T03-2026-09-18-01,FALSE,FALSE
workstreams/NHPA-W002/T03/outputs/interactive_map_v1/assets/cells/c_053_71.json,247560,557163e1c0b5e3a75d264fbeb5aae1aca5133f44ecd9bde05fb9741b5254e15c,DEC-NHPA-W002-T03-2026-09-18-01,FALSE,FALSE
workstreams/NHPA-W002/T03/outputs/interactive_map_v1/assets/cells/c_054_65.json,196770,8e329e9ed790428d764fc3eb7887be0c514327b3f47cca83950adca4a6fda5a3,DEC-NHPA-W002-T03-2026-09-18-01,FALSE,FALSE
workstreams/NHPA-W002/T03/outputs/interactive_map_v1/assets/cells/c_054_66.json,531162,3f93eab34471482652172a14b256b625ea77899d2afa17e45658e052693869a2,DEC-NHPA-W002-T03-2026-09-18-01,FALSE,FALSE
workstreams/NHPA-W002/T03/outputs/interactive_map_v1/assets/cells/c_054_67.json,712502,7c93a64da3e5e74e78544752b4f3bf6fc6154e660fe1a42d3ad722561452aebc,DEC-NHPA-W002-T03-2026-09-18-01,FALSE,FALSE
workstreams/NHPA-W002/T03/outputs/interactive_map_v1/assets/cells/c_054_68.json,681716,645f54b2b76adecfa54a87222282111241608dd62052c847b8780176f44ecbc4,DEC-NHPA-W002-T03-2026-09-18-01,FALSE,FALSE
workstreams/NHPA-W002/T03/outputs/interactive_map_v1/assets/cells/c_054_69.json,681885,c5cf36bd7d2816a914bcc8d1f6871a426792c24d978dad944161f3bdd4c2282d,DEC-NHPA-W002-T03-2026-09-18-01,FALSE,FALSE
workstreams/NHPA-W002/T03/outputs/interactive_map_v1/assets/cells/c_054_70.json,652965,cc1f56b5616fe9001a700862440d6f4256ec19cdd0bece1c8c47155a16b82229,DEC-NHPA-W002-T03-2026-09-18-01,FALSE,FALSE
workstreams/NHPA-W002/T03/outputs/interactive_map_v1/assets/cells/c_054_71.json,326648,a5b9a6dfc330ce0cd2d0c66728965e29b5c34c2c031bca46097e37a36cef43e3,DEC-NHPA-W002-T03-2026-09-18-01,FALSE,FALSE
workstreams/NHPA-W002/T03/outputs/interactive_map_v1/assets/cells/c_055_65.json,7296,5960fafbafd4c3599ea54c6c5c4493b952ea274df9484689aaccd05bb7e24a31,DEC-NHPA-W002-T03-2026-09-18-01,FALSE,FALSE
workstreams/NHPA-W002/T03/outputs/interactive_map_v1/assets/cells/c_055_66.json,30659,2e7a4b8b3a339d00d918e0961e81dcc108712f806dc429fb4e5fc56ee6659600,DEC-NHPA-W002-T03-2026-09-18-01,FALSE,FALSE
workstreams/NHPA-W002/T03/outputs/interactive_map_v1/assets/cells/c_055_67.json,692728,3675c02a93b31f2afe4364a60f6df9598979466325868aa63036d5beb28b2a90,DEC-NHPA-W002-T03-2026-09-18-01,FALSE,FALSE
workstreams/NHPA-W002/T03/outputs/interactive_map_v1/assets/cells/c_055_68.json,714500,392b6043d1d229fbdf768447a0bbbb9753e7bd38b551b770319979d62bb05ca8,DEC-NHPA-W002-T03-2026-09-18-01,FALSE,FALSE
workstreams/NHPA-W002/T03/outputs/interactive_map_v1/assets/cells/c_055_69.json,566066,e7798264c692aeedf79b31551ebe695fd2e296697e3bfc486b2048be92ceb887,DEC-NHPA-W002-T03-2026-09-18-01,FALSE,FALSE
workstreams/NHPA-W002/T03/outputs/interactive_map_v1/assets/cells/c_055_70.json,651749,df3f3cbf4ca1c1ae2a338293a738a892bea2cb2bb52ff5b10344cec2f3b8e322,DEC-NHPA-W002-T03-2026-09-18-01,FALSE,FALSE
workstreams/NHPA-W002/T03/outputs/interactive_map_v1/assets/cells/c_055_71.json,425389,3649356e88ece796297f8fa4fc3ce6813789dbf91c86ba009edb9f6367dea8ad,DEC-NHPA-W002-T03-2026-09-18-01,FALSE,FALSE
workstreams/NHPA-W002/T03/outputs/interactive_map_v1/assets/cells/c_056_66.json,9929,f83704fda360590f6b98f7c5c86c27f05626a78f7274ee01d052be811ea8a9c3,DEC-NHPA-W002-T03-2026-09-18-01,FALSE,FALSE
workstreams/NHPA-W002/T03/outputs/interactive_map_v1/assets/cells/c_056_67.json,475918,db68b3b84d37ff0c66495a2efc2f773ba0d0fd65ff2604c37a635aba59001ea5,DEC-NHPA-W002-T03-2026-09-18-01,FALSE,FALSE
workstreams/NHPA-W002/T03/outputs/interactive_map_v1/assets/cells/c_056_68.json,712391,1e31bfe32fcc2a97cd387d045f279c6c7e8889a8206ec5442e10b12d791b1173,DEC-NHPA-W002-T03-2026-09-18-01,FALSE,FALSE
workstreams/NHPA-W002/T03/outputs/interactive_map_v1/assets/cells/c_056_69.json,450333,bb4dc48b8de59e5a83ddfc3461b80271d9403f58900daa8fa285933edbb50e58,DEC-NHPA-W002-T03-2026-09-18-01,FALSE,FALSE
workstreams/NHPA-W002/T03/outputs/interactive_map_v1/assets/cells/c_056_70.json,634945,89aeb74803bb56722b1ff4a5ac661dbd0aece4335fae69658b290c507f565965,DEC-NHPA-W002-T03-2026-09-18-01,FALSE,FALSE
workstreams/NHPA-W002/T03/outputs/interactive_map_v1/assets/cells/c_056_71.json,348180,f9fd9feaa7401994f62970c4b4c1e2b21f68511ff025a80f2aa14f856eaeea71,DEC-NHPA-W002-T03-2026-09-18-01,FALSE,FALSE
workstreams/NHPA-W002/T03/outputs/interactive_map_v1/assets/cells/c_057_66.json,91538,4bec563253db2f22b5c3ecaac9c923d337f6487ada79d138d47efa608ba8b678,DEC-NHPA-W002-T03-2026-09-18-01,FALSE,FALSE
workstreams/NHPA-W002/T03/outputs/interactive_map_v1/assets/cells/c_057_67.json,582983,f60fa9fbe49bfe2c9f95afe31478ecfdfb02868feb012735cd0f931a00025b00,DEC-NHPA-W002-T03-2026-09-18-01,FALSE,FALSE
workstreams/NHPA-W002/T03/outputs/interactive_map_v1/assets/cells/c_057_68.json,434926,0949ad02f2ecb29712304b0ae33f61eb43a4645e31e9a01e9beb7c2df76f1b42,DEC-NHPA-W002-T03-2026-09-18-01,FALSE,FALSE
workstreams/NHPA-W002/T03/outputs/interactive_map_v1/assets/cells/c_057_69.json,335275,96df3d5ada29876bfeab8367d4738aee92be26fb4ba1bfaa663f0b7abbe8d10b,DEC-NHPA-W002-T03-2026-09-18-01,FALSE,FALSE
workstreams/NHPA-W002/T03/outputs/interactive_map_v1/assets/cells/c_057_70.json,532683,b286c0fe9cc89ac86a0cf5631f4862c827a93a27afd5a0f2a07f6a1139d11341,DEC-NHPA-W002-T03-2026-09-18-01,FALSE,FALSE
workstreams/NHPA-W002/T03/outputs/interactive_map_v1/assets/cells/c_057_71.json,26568,070990c4704ff358e7c7b6cf94e4a01f575cd1fbb6a4e9670adb817f1c50f5b2,DEC-NHPA-W002-T03-2026-09-18-01,FALSE,FALSE
workstreams/NHPA-W002/T03/outputs/interactive_map_v1/assets/cells/c_058_67.json,412221,0490a2a5d93c79c2f476c7ca731bd5dfca74a153b225903cae2caee0e61b5641,DEC-NHPA-W002-T03-2026-09-18-01,FALSE,FALSE
workstreams/NHPA-W002/T03/outputs/interactive_map_v1/assets/cells/c_058_68.json,5790,dd209a3fa6fa566de2209046eb9f3cd87f500fd381255779e29ab96fe5e64c8b,DEC-NHPA-W002-T03-2026-09-18-01,FALSE,FALSE
workstreams/NHPA-W002/T03/outputs/interactive_map_v1/assets/cells/c_058_69.json,159612,85799f1f644f0bd40551d3a2d05f183767d43a0db494a6ae95a6af76cdfdecf3,DEC-NHPA-W002-T03-2026-09-18-01,FALSE,FALSE
workstreams/NHPA-W002/T03/outputs/interactive_map_v1/assets/cells/c_058_70.json,575641,1233a387e6fe41a405cb435bd97292aa00c66717abca0a3ff403763a64ecc3f2,DEC-NHPA-W002-T03-2026-09-18-01,FALSE,FALSE
workstreams/NHPA-W002/T03/outputs/interactive_map_v1/assets/cells/c_058_71.json,23908,adfa8981f54fbb1eef679add3333f1c58922aefda896685182bf432fb3c40604,DEC-NHPA-W002-T03-2026-09-18-01,FALSE,FALSE
workstreams/NHPA-W002/T03/outputs/interactive_map_v1/assets/cells/c_059_66.json,1523,370519365502feb780ddbd9791ba54da4b6d27f78045e930a73731e8174e1426,DEC-NHPA-W002-T03-2026-09-18-01,FALSE,FALSE
workstreams/NHPA-W002/T03/outputs/interactive_map_v1/assets/cells/c_059_67.json,188222,8125ed2b4a54d4fe817f36ee795d51ec3d99364ba9a515d3230dfdd756756f47,DEC-NHPA-W002-T03-2026-09-18-01,FALSE,FALSE
workstreams/NHPA-W002/T03/outputs/interactive_map_v1/assets/cells/c_059_68.json,178787,4356bfaae5f8939ee9513582f966e9f45b3d01b647868d9c9b0edbb645cf62e7,DEC-NHPA-W002-T03-2026-09-18-01,FALSE,FALSE
workstreams/NHPA-W002/T03/outputs/interactive_map_v1/assets/cells/c_059_69.json,14740,608482a72792c063fae6af14d552f9477be19ea58ba4a8305acd3adaa258fe52,DEC-NHPA-W002-T03-2026-09-18-01,FALSE,FALSE
workstreams/NHPA-W002/T03/outputs/interactive_map_v1/assets/cells/c_059_70.json,594913,ac2bad0b012d2a9c344f7bdbae9d330864a80876372c4ab67beceb64712a9593,DEC-NHPA-W002-T03-2026-09-18-01,FALSE,FALSE
workstreams/NHPA-W002/T03/outputs/interactive_map_v1/assets/cells/c_059_71.json,6791,25bc9cd40eabf9c0009901eccf9321c42e2d755f50428387a576c3a2bf15bd8c,DEC-NHPA-W002-T03-2026-09-18-01,FALSE,FALSE
workstreams/NHPA-W002/T03/outputs/interactive_map_v1/assets/cells/c_060_66.json,2584,07136df18204abea4992d8568bb34006a98f025106321a684501a67ecf02c11e,DEC-NHPA-W002-T03-2026-09-18-01,FALSE,FALSE
workstreams/NHPA-W002/T03/outputs/interactive_map_v1/assets/cells/c_060_67.json,3637,280f6c2c75cd8b6a465b54ec8562ef8ed3946d7a6acfcee97f5f599cbb993d5e,DEC-NHPA-W002-T03-2026-09-18-01,FALSE,FALSE
workstreams/NHPA-W002/T03/outputs/interactive_map_v1/assets/cells/c_060_68.json,9844,97fbba7763f4973736e0c2d5a82c3d67f33588f55de127bfa5edf947cccba0b3,DEC-NHPA-W002-T03-2026-09-18-01,FALSE,FALSE
workstreams/NHPA-W002/T03/outputs/interactive_map_v1/assets/cells/c_060_70.json,390028,0c1c9c5f3e8e598421b1c0bdad81374ae6d7fa7b51b277e449fa76fe5be2a5f1,DEC-NHPA-W002-T03-2026-09-18-01,FALSE,FALSE
workstreams/NHPA-W002/T03/outputs/interactive_map_v1/assets/cells/c_060_71.json,6799,b3d153486a39384b08fcb6dbf5239433f500c325885f3ca2a4fb398ca8773c4a,DEC-NHPA-W002-T03-2026-09-18-01,FALSE,FALSE
workstreams/NHPA-W002/T03/outputs/interactive_map_v1/assets/cells/c_061_70.json,91003,01194d8a072393d56463c0c445ed43e45a5fefffa8905300d74f029e5b5eb9eb,DEC-NHPA-W002-T03-2026-09-18-01,FALSE,FALSE
workstreams/NHPA-W002/T03/outputs/interactive_map_v1/assets/cells/c_061_71.json,3140,cca0c5284049d7ef6e7dafe7631616c47a2234f3e502bd9cefd4cb1d5099078a,DEC-NHPA-W002-T03-2026-09-18-01,FALSE,FALSE
workstreams/NHPA-W002/T03/outputs/interactive_map_v1/assets/experimental_1km_qa.geojson,430822,17898234e1b207d63905f84e31ada0f8daad38a05ce1265020065bbadbe9daa4,DEC-NHPA-W002-T03-2026-09-18-01,FALSE,FALSE
workstreams/NHPA-W002/T03/outputs/interactive_map_v1/assets/map-config.json,1168,96204d93a124ec6a09233c080b126029d15a3d566817e65c29737d61dea764c3,DEC-NHPA-W002-T03-2026-09-18-01,FALSE,FALSE
workstreams/NHPA-W002/T03/outputs/interactive_map_v1/assets/styles.css,1198,6284fbf0ce3020b7b7deb609e5ec70bf93118c917cfda25c63a8395799427e19,DEC-NHPA-W002-T03-2026-09-18-01,FALSE,FALSE
workstreams/NHPA-W002/T03/outputs/interactive_map_v1/assets/tiles/baseline/3/0/2.png,667,1fb2b5b76124fdddaaae8043b52b12959a2d086a820c6b6bdcf9a2aa5244f980,DEC-NHPA-W002-T03-2026-09-18-01,FALSE,FALSE
workstreams/NHPA-W002/T03/outputs/interactive_map_v1/assets/tiles/baseline/3/1/2.png,10764,a056b95a12013bde7671c918402ae6a10348b895af84c98b86b2477d19f8f3cc,DEC-NHPA-W002-T03-2026-09-18-01,FALSE,FALSE
workstreams/NHPA-W002/T03/outputs/interactive_map_v1/assets/tiles/baseline/3/1/3.png,8248,971931ff12efc34aa8dbcf81a64041de965d1e606707199b0bc21914eb27747b,DEC-NHPA-W002-T03-2026-09-18-01,FALSE,FALSE
workstreams/NHPA-W002/T03/outputs/interactive_map_v1/assets/tiles/baseline/3/2/2.png,8330,9b0fe38055dc9dc3fe716b87a10c446f760307224b0966ee9c080493c3c3b7d0,DEC-NHPA-W002-T03-2026-09-18-01,FALSE,FALSE
workstreams/NHPA-W002/T03/outputs/interactive_map_v1/assets/tiles/baseline/3/2/3.png,4549,152df31ed4b7a6d4dd2d209d4d0b18af264295469787eaf0e5a2f5b9b95c8656,DEC-NHPA-W002-T03-2026-09-18-01,FALSE,FALSE
workstreams/NHPA-W002/T03/outputs/interactive_map_v1/assets/tiles/baseline/4/1/4.png,718,7e4f85a8df8741fb2d2d6fd13d7e357a2971624883fdea4bb168b3f62f76e528,DEC-NHPA-W002-T03-2026-09-18-01,FALSE,FALSE
workstreams/NHPA-W002/T03/outputs/interactive_map_v1/assets/tiles/baseline/4/2/4.png,918,864827bf3e1265ede9eb6a72be3dee72db000936126dab44aeaa681dc4d30bc1,DEC-NHPA-W002-T03-2026-09-18-01,FALSE,FALSE
workstreams/NHPA-W002/T03/outputs/interactive_map_v1/assets/tiles/baseline/4/2/5.png,8458,30a67a9c8eb4b1902f4beeff88f12cd869d78cababea15a5dd18963758febfe1,DEC-NHPA-W002-T03-2026-09-18-01,FALSE,FALSE
workstreams/NHPA-W002/T03/outputs/interactive_map_v1/assets/tiles/baseline/4/2/6.png,1319,2894a5044a2c019194a32a5e6451f2e17900f3304d5ceb3ceb0e95ff4ca211f8,DEC-NHPA-W002-T03-2026-09-18-01,FALSE,FALSE
workstreams/NHPA-W002/T03/outputs/interactive_map_v1/assets/tiles/baseline/4/3/4.png,869,fb3f3fb819a3258e785e0f1ee10dcb665ffe2ff36b6e1e6c4ebedeb223651147,DEC-NHPA-W002-T03-2026-09-18-01,FALSE,FALSE
workstreams/NHPA-W002/T03/outputs/interactive_map_v1/assets/tiles/baseline/4/3/5.png,13826,8c1b2848d09e5b933b35dcc36dc88a7785025cb4086c1cfc30e338ef3ab0d9d0,DEC-NHPA-W002-T03-2026-09-18-01,FALSE,FALSE
workstreams/NHPA-W002/T03/outputs/interactive_map_v1/assets/tiles/baseline/4/3/6.png,15360,d3ec5f98c2c2cbdfa1d3c8a6b8865a4649658ef2e854e8790790ced1ae77698c,DEC-NHPA-W002-T03-2026-09-18-01,FALSE,FALSE
workstreams/NHPA-W002/T03/outputs/interactive_map_v1/assets/tiles/baseline/4/4/5.png,14359,6ed983e9952717ae7dbab171dfae147c4ca221ac9d6f07775c73d080e09bb69a,DEC-NHPA-W002-T03-2026-09-18-01,FALSE,FALSE
workstreams/NHPA-W002/T03/outputs/interactive_map_v1/assets/tiles/baseline/4/4/6.png,8576,446b066d94099d253b92b03e7862d960960d22622f99807dbbda50565aa7a755,DEC-NHPA-W002-T03-2026-09-18-01,FALSE,FALSE
workstreams/NHPA-W002/T03/outputs/interactive_map_v1/assets/tiles/baseline/4/5/5.png,3649,80135dc9b03f3a51ff4eb8371b2599c3c6f4abd5889aa5f482da368f75d1070e,DEC-NHPA-W002-T03-2026-09-18-01,FALSE,FALSE
workstreams/NHPA-W002/T03/outputs/interactive_map_v1/assets/tiles/baseline/5/10/10.png,1298,b0192be9c7a8f83170f6d1de1aa6f61ee6b5af8e05ca788b3df84c0c3b0c35c1,DEC-NHPA-W002-T03-2026-09-18-01,FALSE,FALSE
workstreams/NHPA-W002/T03/outputs/interactive_map_v1/assets/tiles/baseline/5/10/11.png,5640,ec6386a6623061dce753da09a6024118384a19957287ec34689955a2eb42494b,DEC-NHPA-W002-T03-2026-09-18-01,FALSE,FALSE
workstreams/NHPA-W002/T03/outputs/interactive_map_v1/assets/tiles/baseline/5/3/9.png,877,a6c25bdc032aff2212209a7533361d01ca806f697036049cfe32a2351a5582a6,DEC-NHPA-W002-T03-2026-09-18-01,FALSE,FALSE
workstreams/NHPA-W002/T03/outputs/interactive_map_v1/assets/tiles/baseline/5/4/10.png,947,47886a2ccc8005cff05a0899de1fd5d425355162cab5b5862b9d74c9a58e35fb,DEC-NHPA-W002-T03-2026-09-18-01,FALSE,FALSE
workstreams/NHPA-W002/T03/outputs/interactive_map_v1/assets/tiles/baseline/5/4/11.png,710,2894fa981b744851c75802abd6eb700a975bc46cb5df4fff61d74ace101b96cd,DEC-NHPA-W002-T03-2026-09-18-01,FALSE,FALSE
workstreams/NHPA-W002/T03/outputs/interactive_map_v1/assets/tiles/baseline/5/4/9.png,869,b3b53610ab83a7f55d3700c695c96b90e4cc7886ef4a0a78ebb3805584055bd0,DEC-NHPA-W002-T03-2026-09-18-01,FALSE,FALSE
workstreams/NHPA-W002/T03/outputs/interactive_map_v1/assets/tiles/baseline/5/5/10.png,7180,4232390776395de7979fd8730f3e656dfbdcbc07b72cc21e3183c6c89c15364c,DEC-NHPA-W002-T03-2026-09-18-01,FALSE,FALSE
workstreams/NHPA-W002/T03/outputs/interactive_map_v1/assets/tiles/baseline/5/5/11.png,10245,39da0f5ef987b0ba79b86b4fa944f71fbb981021a7e29922ac25d78db7433366,DEC-NHPA-W002-T03-2026-09-18-01,FALSE,FALSE
workstreams/NHPA-W002/T03/outputs/interactive_map_v1/assets/tiles/baseline/5/5/12.png,1855,28ee2f409deccdb5acbf0021c3fca620e36347e10b37e51ab7b715d7e342a0dc,DEC-NHPA-W002-T03-2026-09-18-01,FALSE,FALSE
workstreams/NHPA-W002/T03/outputs/interactive_map_v1/assets/tiles/baseline/5/5/13.png,653,9496cad0d7dc8231407fae6344aabb83ef975f76b6c1a8adddf25a9fa1aa08e0,DEC-NHPA-W002-T03-2026-09-18-01,FALSE,FALSE
workstreams/NHPA-W002/T03/outputs/interactive_map_v1/assets/tiles/baseline/5/5/9.png,909,bb3f1b5a042bca9af425cd4d961b5f70d6be549a8a38a862a29d99f30b65f6a5,DEC-NHPA-W002-T03-2026-09-18-01,FALSE,FALSE
workstreams/NHPA-W002/T03/outputs/interactive_map_v1/assets/tiles/baseline/5/6/10.png,5934,61b7cb26a01f4cd83b88a53483f09a8912b4b3a9f2ba479251eacf5b3f75bd33,DEC-NHPA-W002-T03-2026-09-18-01,FALSE,FALSE
workstreams/NHPA-W002/T03/outputs/interactive_map_v1/assets/tiles/baseline/5/6/11.png,14882,1dc03dee5fb29f8d3d6c7adaebb52f47c3ce0ba3e1ad66947254625bfbbac1e1,DEC-NHPA-W002-T03-2026-09-18-01,FALSE,FALSE
workstreams/NHPA-W002/T03/outputs/interactive_map_v1/assets/tiles/baseline/5/6/12.png,12673,1f9634099293a6efabf2b8484a48b6fe3e39cbeaa8b7d67987ccf0aaae30490c,DEC-NHPA-W002-T03-2026-09-18-01,FALSE,FALSE
workstreams/NHPA-W002/T03/outputs/interactive_map_v1/assets/tiles/baseline/5/6/13.png,3120,95eeca32d48aa41e26d429af1a02db6a9571da43a8c54afd7d942b76e384a152,DEC-NHPA-W002-T03-2026-09-18-01,FALSE,FALSE
workstreams/NHPA-W002/T03/outputs/interactive_map_v1/assets/tiles/baseline/5/6/9.png,749,5a1c4bad1a46be1080c87d184175a991ce66285e624c0c8460ec80db41f53b9c,DEC-NHPA-W002-T03-2026-09-18-01,FALSE,FALSE
workstreams/NHPA-W002/T03/outputs/interactive_map_v1/assets/tiles/baseline/5/7/10.png,4188,24046889d6a149360e8b56ebe373aab53aa25f27b8aa5cd5d77ed7ebf9752511,DEC-NHPA-W002-T03-2026-09-18-01,FALSE,FALSE
workstreams/NHPA-W002/T03/outputs/interactive_map_v1/assets/tiles/baseline/5/7/11.png,5683,3d2dc45ecf9e86660009f365d80606a0eba348b1d113f84c9d3c32e7c90c9b2f,DEC-NHPA-W002-T03-2026-09-18-01,FALSE,FALSE
workstreams/NHPA-W002/T03/outputs/interactive_map_v1/assets/tiles/baseline/5/7/12.png,6778,308272d0964dc7ba7aae5a2e95ae58cb97a66e8a3f0d0c68fd87fc407b72e8b7,DEC-NHPA-W002-T03-2026-09-18-01,FALSE,FALSE
workstreams/NHPA-W002/T03/outputs/interactive_map_v1/assets/tiles/baseline/5/7/13.png,3568,6cc95a64d889e1270a0575f8ba640620ef2b13a91e47ddba9c358c18ddb502a1,DEC-NHPA-W002-T03-2026-09-18-01,FALSE,FALSE
workstreams/NHPA-W002/T03/outputs/interactive_map_v1/assets/tiles/baseline/5/7/9.png,755,790bbe88b18271034f05e8f49644c9283b79c8a0054e56dcdd5cdf5be72c16ff,DEC-NHPA-W002-T03-2026-09-18-01,FALSE,FALSE
workstreams/NHPA-W002/T03/outputs/interactive_map_v1/assets/tiles/baseline/5/8/10.png,5585,4518836c5c26397b2e9707145dd9eed3b4ec530613ff722613eb3072faaa21b6,DEC-NHPA-W002-T03-2026-09-18-01,FALSE,FALSE
workstreams/NHPA-W002/T03/outputs/interactive_map_v1/assets/tiles/baseline/5/8/11.png,10415,767b769b4e02c37b17b67e47da408ae4812b4cbe7f332ea33ff8c5e25c5400de,DEC-NHPA-W002-T03-2026-09-18-01,FALSE,FALSE
workstreams/NHPA-W002/T03/outputs/interactive_map_v1/assets/tiles/baseline/5/8/12.png,9393,84f7b33822d4ae13c68af659c8294723460b1c86cea1b047bad050f3454d9406,DEC-NHPA-W002-T03-2026-09-18-01,FALSE,FALSE
workstreams/NHPA-W002/T03/outputs/interactive_map_v1/assets/tiles/baseline/5/8/13.png,5122,9e191cf7af3b341c60091cbf5d8ecceecc276244542b173ace5852e4bb82ec46,DEC-NHPA-W002-T03-2026-09-18-01,FALSE,FALSE
workstreams/NHPA-W002/T03/outputs/interactive_map_v1/assets/tiles/baseline/5/9/10.png,1899,2e20155b28a6962649aa4e8ec1374dee8f6103a2d07c0c7bbd0577f8ca5db81e,DEC-NHPA-W002-T03-2026-09-18-01,FALSE,FALSE
workstreams/NHPA-W002/T03/outputs/interactive_map_v1/assets/tiles/baseline/5/9/11.png,14678,6dee5ce84663cacc9d37fb89701a5b6ccce7c4a469b6eca46eefa66a01107e05,DEC-NHPA-W002-T03-2026-09-18-01,FALSE,FALSE
workstreams/NHPA-W002/T03/outputs/interactive_map_v1/assets/tiles/baseline/5/9/12.png,4566,d2e66fbdf72bf942e25ca973184ab911ff557b682ee0dabb0055fd02dfb6cca3,DEC-NHPA-W002-T03-2026-09-18-01,FALSE,FALSE
workstreams/NHPA-W002/T03/outputs/interactive_map_v1/assets/tiles/baseline/6/10/18.png,687,edf5d757500f0743af4f868f8b9fad188a68cb06844843a893af20e22bcafe69,DEC-NHPA-W002-T03-2026-09-18-01,FALSE,FALSE
workstreams/NHPA-W002/T03/outputs/interactive_map_v1/assets/tiles/baseline/6/10/19.png,830,9bb3fe929e09f354bc7a4e29a7f5c02100e2f4b3d61cf71f663f9eb32fcc8e29,DEC-NHPA-W002-T03-2026-09-18-01,FALSE,FALSE
workstreams/NHPA-W002/T03/outputs/interactive_map_v1/assets/tiles/baseline/6/10/20.png,467,dbb6cbb183c92042fa0c3e8c97e5871bf07e2693bf4b719e9a027d0bbce44f45,DEC-NHPA-W002-T03-2026-09-18-01,FALSE,FALSE
workstreams/NHPA-W002/T03/outputs/interactive_map_v1/assets/tiles/baseline/6/10/21.png,2742,6a5a5351d1f46ac22a9f90b80e87593f52c234e2b310d4c39ead8a01bada82e7,DEC-NHPA-W002-T03-2026-09-18-01,FALSE,FALSE
workstreams/NHPA-W002/T03/outputs/interactive_map_v1/assets/tiles/baseline/6/10/22.png,5384,bd150b51618acb15a8d0c3d6f90ebdb14d5a73cd3ba4fdf9d36e6b3a9e51b5ec,DEC-NHPA-W002-T03-2026-09-18-01,FALSE,FALSE
workstreams/NHPA-W002/T03/outputs/interactive_map_v1/assets/tiles/baseline/6/10/23.png,1967,f813fd115c9749c15715f2c7546daf03b362f2cda9d7ce39e8a73c8808fefc0e,DEC-NHPA-W002-T03-2026-09-18-01,FALSE,FALSE
workstreams/NHPA-W002/T03/outputs/interactive_map_v1/assets/tiles/baseline/6/11/18.png,863,dea2c7ce5d1b915a5c0630b28a852c4eac9ceea563146b98cbe50ac284a56465,DEC-NHPA-W002-T03-2026-09-18-01,FALSE,FALSE
workstreams/NHPA-W002/T03/outputs/interactive_map_v1/assets/tiles/baseline/6/11/19.png,475,7905ec67e2c2ee11040a5c79e54a62f4e146e0f50465fa4e49a8a5d083af949e,DEC-NHPA-W002-T03-2026-09-18-01,FALSE,FALSE
workstreams/NHPA-W002/T03/outputs/interactive_map_v1/assets/tiles/baseline/6/11/20.png,1398,cda2a5a993560505b329df49c81d667a5ae270b673ad42649c275b7b7b62ad4e,DEC-NHPA-W002-T03-2026-09-18-01,FALSE,FALSE
workstreams/NHPA-W002/T03/outputs/interactive_map_v1/assets/tiles/baseline/6/11/21.png,10165,f88930fa976906e57f1a97470641e8263fa9f75e174ba9066b3f0463a549192c,DEC-NHPA-W002-T03-2026-09-18-01,FALSE,FALSE
workstreams/NHPA-W002/T03/outputs/interactive_map_v1/assets/tiles/baseline/6/11/22.png,10286,4db9ada60ee11f0ee9a172c1ec4174516d1c343d23d06bfb242b504c9a46db3f,DEC-NHPA-W002-T03-2026-09-18-01,FALSE,FALSE
workstreams/NHPA-W002/T03/outputs/interactive_map_v1/assets/tiles/baseline/6/11/23.png,3927,960fc5a29d27cc3c447e490e92e9b54238ab622272ce1d552e9cf4c38171c383,DEC-NHPA-W002-T03-2026-09-18-01,FALSE,FALSE
workstreams/NHPA-W002/T03/outputs/interactive_map_v1/assets/tiles/baseline/6/11/24.png,659,05a7c21e1548cb2d26ced7e16ec1c0364a2206dd732d97cf206b14f72d31f08e,DEC-NHPA-W002-T03-2026-09-18-01,FALSE,FALSE
workstreams/NHPA-W002/T03/outputs/interactive_map_v1/assets/tiles/baseline/6/11/25.png,2672,0de6052c24a6698e58690d24e49ee9fe3ffe0a8b4bf1d518fa10972adcfc9def,DEC-NHPA-W002-T03-2026-09-18-01,FALSE,FALSE
workstreams/NHPA-W002/T03/outputs/interactive_map_v1/assets/tiles/baseline/6/11/26.png,686,174f10a6a781f55e4500b3f9102afa3f94f3891453bd66da0f7355a7a743dfee,DEC-NHPA-W002-T03-2026-09-18-01,FALSE,FALSE
workstreams/NHPA-W002/T03/outputs/interactive_map_v1/assets/tiles/baseline/6/12/18.png,795,c7dd0dc0ddc63eaa91e44fe0e3f8ed185a9dd30306a7521485300bc43ea102b6,DEC-NHPA-W002-T03-2026-09-18-01,FALSE,FALSE
workstreams/NHPA-W002/T03/outputs/interactive_map_v1/assets/tiles/baseline/6/12/19.png,482,bd3b0d295c32cafc631f62f6be3bc7914afa13f3e4d77f070a82c607eafda228,DEC-NHPA-W002-T03-2026-09-18-01,FALSE,FALSE
workstreams/NHPA-W002/T03/outputs/interactive_map_v1/assets/tiles/baseline/6/12/20.png,1387,07ee4b1669626c6024066ea023bed06283326a51e6086bc300f1d4cfc5641245,DEC-NHPA-W002-T03-2026-09-18-01,FALSE,FALSE
workstreams/NHPA-W002/T03/outputs/interactive_map_v1/assets/tiles/baseline/6/12/21.png,7991,3c94b392d8dc889bcd5361bc7cb041c34c93e697c42ba775e50d70f55ad27106,DEC-NHPA-W002-T03-2026-09-18-01,FALSE,FALSE
workstreams/NHPA-W002/T03/outputs/interactive_map_v1/assets/tiles/baseline/6/12/22.png,10051,65d4cc7ec952a10bba9ba4b04b818e7d3849e0ce4b31cec3c308d837a442f2ec,DEC-NHPA-W002-T03-2026-09-18-01,FALSE,FALSE
workstreams/NHPA-W002/T03/outputs/interactive_map_v1/assets/tiles/baseline/6/12/23.png,7098,3f40f29ab86777880595b1964d424879a127c10fba5d8ff41d0f2b61a751bc46,DEC-NHPA-W002-T03-2026-09-18-01,FALSE,FALSE
workstreams/NHPA-W002/T03/outputs/interactive_map_v1/assets/tiles/baseline/6/12/24.png,1133,b8638f3830cbd41d22f68be630f5ba3ac33fb80e404f9086cdf683c96bde8c6c,DEC-NHPA-W002-T03-2026-09-18-01,FALSE,FALSE
workstreams/NHPA-W002/T03/outputs/interactive_map_v1/assets/tiles/baseline/6/12/25.png,6709,4f616a2a6303ce6908dd13d5e552812cd95e3e10e82fe267f5298ca1c370aaf2,DEC-NHPA-W002-T03-2026-09-18-01,FALSE,FALSE
workstreams/NHPA-W002/T03/outputs/interactive_map_v1/assets/tiles/baseline/6/12/26.png,2078,a39dd6f913ab917bceb5e08d06445de4502205d96aedd0687b19ed28a3e15aab,DEC-NHPA-W002-T03-2026-09-18-01,FALSE,FALSE
workstreams/NHPA-W002/T03/outputs/interactive_map_v1/assets/tiles/baseline/6/13/18.png,727,fdfaf8d3809afb18c0d85a5b845f051d7b006cb156bfcb9ce1590936d1037c8a,DEC-NHPA-W002-T03-2026-09-18-01,FALSE,FALSE
workstreams/NHPA-W002/T03/outputs/interactive_map_v1/assets/tiles/baseline/6/13/19.png,487,8d50c8199adfa923615464cc4e54cee2e31ed924e255d60a10a7d95923feab03,DEC-NHPA-W002-T03-2026-09-18-01,FALSE,FALSE
workstreams/NHPA-W002/T03/outputs/interactive_map_v1/assets/tiles/baseline/6/13/20.png,713,6b916d187402a382b0474a97efe2906e5f8b3359986be8f30105a1906d46e52e,DEC-NHPA-W002-T03-2026-09-18-01,FALSE,FALSE
workstreams/NHPA-W002/T03/outputs/interactive_map_v1/assets/tiles/baseline/6/13/21.png,1993,1cf964589fc6a3cf77086344c5484a5b79bf039f275fb848894c32db5c83cdb7,DEC-NHPA-W002-T03-2026-09-18-01,FALSE,FALSE
workstreams/NHPA-W002/T03/outputs/interactive_map_v1/assets/tiles/baseline/6/13/22.png,7066,254fa4902c908a58360df362507209e7fc73d96cd787abdc180589a1752c401e,DEC-NHPA-W002-T03-2026-09-18-01,FALSE,FALSE
workstreams/NHPA-W002/T03/outputs/interactive_map_v1/assets/tiles/baseline/6/13/23.png,8518,ed32f82b94ae3bed7001627b099020d395837e36e58ad546a703a098e153b5a9,DEC-NHPA-W002-T03-2026-09-18-01,FALSE,FALSE
workstreams/NHPA-W002/T03/outputs/interactive_map_v1/assets/tiles/baseline/6/13/24.png,9109,042babf5d0e019d5d3ed6f1c7f81abd03764ac68d76f03bb2820955ec0afadb0,DEC-NHPA-W002-T03-2026-09-18-01,FALSE,FALSE
workstreams/NHPA-W002/T03/outputs/interactive_map_v1/assets/tiles/baseline/6/13/25.png,9551,766d2d5ea9d19b0c418159f13acab99965cad14223b13ee34e7b4629bc501862,DEC-NHPA-W002-T03-2026-09-18-01,FALSE,FALSE
workstreams/NHPA-W002/T03/outputs/interactive_map_v1/assets/tiles/baseline/6/13/26.png,3432,5d2ca8ca0f8cf5caf4dc6f466d7140c90997d4989385d08293ea1f35f8968303,DEC-NHPA-W002-T03-2026-09-18-01,FALSE,FALSE
workstreams/NHPA-W002/T03/outputs/interactive_map_v1/assets/tiles/baseline/6/14/19.png,618,04cc31b3134092588d0d0855df900067a4372164555a76ce339f38f17cffcc75,DEC-NHPA-W002-T03-2026-09-18-01,FALSE,FALSE
workstreams/NHPA-W002/T03/outputs/interactive_map_v1/assets/tiles/baseline/6/14/20.png,693,56e71dd16c91eefe84d9ec947a1ff453074bb45c27c36a9297c3e632ad1bdff1,DEC-NHPA-W002-T03-2026-09-18-01,FALSE,FALSE
workstreams/NHPA-W002/T03/outputs/interactive_map_v1/assets/tiles/baseline/6/14/21.png,4055,b2532ff0bd095567c0e995a3b8cac5416d0661051d0013d551637887699c44b0,DEC-NHPA-W002-T03-2026-09-18-01,FALSE,FALSE
workstreams/NHPA-W002/T03/outputs/interactive_map_v1/assets/tiles/baseline/6/14/22.png,4941,482af196f0edd2634be63f610916d9d93cd5e077baa5c59d1ce0a120a7dab89b,DEC-NHPA-W002-T03-2026-09-18-01,FALSE,FALSE
workstreams/NHPA-W002/T03/outputs/interactive_map_v1/assets/tiles/baseline/6/14/23.png,2143,b940b1cf6ea0e7f9a40aaa30f39f59816f915e965270b07081ade7074ec55c7f,DEC-NHPA-W002-T03-2026-09-18-01,FALSE,FALSE
workstreams/NHPA-W002/T03/outputs/interactive_map_v1/assets/tiles/baseline/6/14/24.png,4807,e6699992b7e3d40db3bad4b2f255f38652ff0ff2c82d06e5a228ff65e0b32e15,DEC-NHPA-W002-T03-2026-09-18-01,FALSE,FALSE
workstreams/NHPA-W002/T03/outputs/interactive_map_v1/assets/tiles/baseline/6/14/25.png,3581,5e6662198aefcd703911f8a9738611ef9e3dfef64cd59b0eb348f9d4a54975f9,DEC-NHPA-W002-T03-2026-09-18-01,FALSE,FALSE
workstreams/NHPA-W002/T03/outputs/interactive_map_v1/assets/tiles/baseline/6/14/26.png,2632,dbfda23ab30b6f25a0787c3d925c9a4f8ee7ba95f3a68b823328f66761c3805a,DEC-NHPA-W002-T03-2026-09-18-01,FALSE,FALSE
workstreams/NHPA-W002/T03/outputs/interactive_map_v1/assets/tiles/baseline/6/14/27.png,960,35ccb331d2480c0503575254e339b52f1b2931923962dd5fbd0fc2d446c04e85,DEC-NHPA-W002-T03-2026-09-18-01,FALSE,FALSE
workstreams/NHPA-W002/T03/outputs/interactive_map_v1/assets/tiles/baseline/6/15/19.png,675,23c32bb549fc2c5153ac470c5e538dea8792a890918390752d6357e144f39625,DEC-NHPA-W002-T03-2026-09-18-01,FALSE,FALSE
workstreams/NHPA-W002/T03/outputs/interactive_map_v1/assets/tiles/baseline/6/15/20.png,818,58e3bf713a0fe3718a56e924ac2027d1461e786b361401005dd1c83a610eae0d,DEC-NHPA-W002-T03-2026-09-18-01,FALSE,FALSE
workstreams/NHPA-W002/T03/outputs/interactive_map_v1/assets/tiles/baseline/6/15/21.png,3269,f1647364ff3f52441c5e4ab6dc4c3cf622b3445d6c002aa5eea1ab5dd9de50db,DEC-NHPA-W002-T03-2026-09-18-01,FALSE,FALSE
workstreams/NHPA-W002/T03/outputs/interactive_map_v1/assets/tiles/baseline/6/15/22.png,2928,ff22862f412197fa66dea54264a2b99f18c2b9c28b34dd5bd8999d103b8d6044,DEC-NHPA-W002-T03-2026-09-18-01,FALSE,FALSE
workstreams/NHPA-W002/T03/outputs/interactive_map_v1/assets/tiles/baseline/6/15/23.png,1531,1ebb991c4bf64eac7470ab72076694d127edeeea491083f79ddfeb508bed5478,DEC-NHPA-W002-T03-2026-09-18-01,FALSE,FALSE
workstreams/NHPA-W002/T03/outputs/interactive_map_v1/assets/tiles/baseline/6/15/24.png,1450,7c1a28218547048338572fb580841f7affbf8cffb34b5b63b1ceb75216fccfa4,DEC-NHPA-W002-T03-2026-09-18-01,FALSE,FALSE
workstreams/NHPA-W002/T03/outputs/interactive_map_v1/assets/tiles/baseline/6/15/25.png,4081,b63b2435dfc1674796631da77952a8fad4d4527fc833aad4306127fbecea7800,DEC-NHPA-W002-T03-2026-09-18-01,FALSE,FALSE
workstreams/NHPA-W002/T03/outputs/interactive_map_v1/assets/tiles/baseline/6/15/26.png,2943,ae0ab18bbb9ba852e17bbbbf6c8a7f3e3905a1eaa7142a52169303e1614407d8,DEC-NHPA-W002-T03-2026-09-18-01,FALSE,FALSE
workstreams/NHPA-W002/T03/outputs/interactive_map_v1/assets/tiles/baseline/6/16/20.png,1155,7be19838eaeafd3c59753fde83a062e7277a853db998fe99039b2c139957d458,DEC-NHPA-W002-T03-2026-09-18-01,FALSE,FALSE
workstreams/NHPA-W002/T03/outputs/interactive_map_v1/assets/tiles/baseline/6/16/21.png,4782,2479ef9773124d7c65add8eeee2c0c47d3ebaae23b248950b80cf8efc5c9a0eb,DEC-NHPA-W002-T03-2026-09-18-01,FALSE,FALSE
workstreams/NHPA-W002/T03/outputs/interactive_map_v1/assets/tiles/baseline/6/16/22.png,4013,08d110f270a81c37e29fb1ca38b17d077de5b291a5debbc5e0531d9fe5ef045c,DEC-NHPA-W002-T03-2026-09-18-01,FALSE,FALSE
workstreams/NHPA-W002/T03/outputs/interactive_map_v1/assets/tiles/baseline/6/16/23.png,2791,53c29f1503e134c91306614789e1561aec8aab35160a9f562900489a658459dc,DEC-NHPA-W002-T03-2026-09-18-01,FALSE,FALSE
workstreams/NHPA-W002/T03/outputs/interactive_map_v1/assets/tiles/baseline/6/16/24.png,2731,5f394d6af858e44270ce3897e91eb8258c8abd7338b617d76ced5f5d8d7bd43f,DEC-NHPA-W002-T03-2026-09-18-01,FALSE,FALSE
workstreams/NHPA-W002/T03/outputs/interactive_map_v1/assets/tiles/baseline/6/16/25.png,6040,51baa122adccf85e8183b24e6c0a371ef5f62b983e79f358982a5aff6e3232f4,DEC-NHPA-W002-T03-2026-09-18-01,FALSE,FALSE
workstreams/NHPA-W002/T03/outputs/interactive_map_v1/assets/tiles/baseline/6/16/26.png,3744,b1f835a2c456614b65e1c03ea3ce03949304ee50b1b2b3221d88dc92be659d1d,DEC-NHPA-W002-T03-2026-09-18-01,FALSE,FALSE
workstreams/NHPA-W002/T03/outputs/interactive_map_v1/assets/tiles/baseline/6/17/21.png,4755,b9877e424c8e901418485e5dae17457e9eeac713adaf8b44c1a257df7c929372,DEC-NHPA-W002-T03-2026-09-18-01,FALSE,FALSE
workstreams/NHPA-W002/T03/outputs/interactive_map_v1/assets/tiles/baseline/6/17/22.png,8548,44cf8c574b7ca4ba26137b717962e2425e11635783060cfb4b0476db6c5e087e,DEC-NHPA-W002-T03-2026-09-18-01,FALSE,FALSE
workstreams/NHPA-W002/T03/outputs/interactive_map_v1/assets/tiles/baseline/6/17/23.png,5470,ac43e0e2ced99e1573045e9a6c2fd1a1514423c6873569f577e3d1dfa6fa3db5,DEC-NHPA-W002-T03-2026-09-18-01,FALSE,FALSE
workstreams/NHPA-W002/T03/outputs/interactive_map_v1/assets/tiles/baseline/6/17/24.png,4222,b5d76d24f020abd3fccb591e9938a3680af5c6fadf1e85ec346a8983c5c67f0f,DEC-NHPA-W002-T03-2026-09-18-01,FALSE,FALSE
workstreams/NHPA-W002/T03/outputs/interactive_map_v1/assets/tiles/baseline/6/17/25.png,6872,d01bf16b2f11fc73a65030722d36617128722f4aa342ffdb8058a7b4d99bd09c,DEC-NHPA-W002-T03-2026-09-18-01,FALSE,FALSE
workstreams/NHPA-W002/T03/outputs/interactive_map_v1/assets/tiles/baseline/6/17/26.png,2846,53ed6a91ce19fc1c80b0be9d3bb0cb1a3de2d52f2075044b22efc32b5f90077d,DEC-NHPA-W002-T03-2026-09-18-01,FALSE,FALSE
workstreams/NHPA-W002/T03/outputs/interactive_map_v1/assets/tiles/baseline/6/17/27.png,3589,d365168100fe933663af0bfcbf38aeec398669d2b7aec5c3b7afa0788327535b,DEC-NHPA-W002-T03-2026-09-18-01,FALSE,FALSE
workstreams/NHPA-W002/T03/outputs/interactive_map_v1/assets/tiles/baseline/6/18/20.png,769,2026f9a291624e4e18363ce6008836bd573a7350ef5016fd6c7fc1b10b9e8455,DEC-NHPA-W002-T03-2026-09-18-01,FALSE,FALSE
workstreams/NHPA-W002/T03/outputs/interactive_map_v1/assets/tiles/baseline/6/18/21.png,2377,e6a48168f50964da4e218857fb79dc86de6ce1b99af9126b61d208b3ba475e4a,DEC-NHPA-W002-T03-2026-09-18-01,FALSE,FALSE
workstreams/NHPA-W002/T03/outputs/interactive_map_v1/assets/tiles/baseline/6/18/22.png,10092,474f33a06f0f6c9002c6270d23f6b2bb0048faf6f354c117d3afc7aa49f89ea3,DEC-NHPA-W002-T03-2026-09-18-01,FALSE,FALSE
workstreams/NHPA-W002/T03/outputs/interactive_map_v1/assets/tiles/baseline/6/18/23.png,7296,c586c5d7efc029fba715cfa711ca876f37aaafa051fa515101e36038ad1b8d00,DEC-NHPA-W002-T03-2026-09-18-01,FALSE,FALSE
workstreams/NHPA-W002/T03/outputs/interactive_map_v1/assets/tiles/baseline/6/18/24.png,5619,ee99507765914e0f07ee01c8636f15d3be8471094ee41c9ef1641a2cb3a89c1f,DEC-NHPA-W002-T03-2026-09-18-01,FALSE,FALSE
workstreams/NHPA-W002/T03/outputs/interactive_map_v1/assets/tiles/baseline/6/18/25.png,3095,38be1b4e7c223fff9c2bcc058a53713c8ed69cedb72827a52d0f572257ba0cce,DEC-NHPA-W002-T03-2026-09-18-01,FALSE,FALSE
workstreams/NHPA-W002/T03/outputs/interactive_map_v1/assets/tiles/baseline/6/19/20.png,831,6f974aaaec4fbcc14829a02bffb9cc13baf9da3cb3b68782d71d3e066769a94d,DEC-NHPA-W002-T03-2026-09-18-01,FALSE,FALSE
workstreams/NHPA-W002/T03/outputs/interactive_map_v1/assets/tiles/baseline/6/19/21.png,574,c21f6490cd20eb94bf44574a080578535ba6ea8f65186eaf61bbd1f5ec1c51b1,DEC-NHPA-W002-T03-2026-09-18-01,FALSE,FALSE
workstreams/NHPA-W002/T03/outputs/interactive_map_v1/assets/tiles/baseline/6/19/22.png,6680,a6b83bd22815ef6fd90dc3fe3db47d141351c96651f967e81f70f22cd08d3fee,DEC-NHPA-W002-T03-2026-09-18-01,FALSE,FALSE
workstreams/NHPA-W002/T03/outputs/interactive_map_v1/assets/tiles/baseline/6/19/23.png,7415,c052863e112daf166c8b4e4fb8af4cd985be62de3ec178c49fe2cf93660927ca,DEC-NHPA-W002-T03-2026-09-18-01,FALSE,FALSE
workstreams/NHPA-W002/T03/outputs/interactive_map_v1/assets/tiles/baseline/6/19/24.png,813,7a0ba3f45a0c8b770a55c5fef252103ffac615945754d3a41933ab74ab429457,DEC-NHPA-W002-T03-2026-09-18-01,FALSE,FALSE
workstreams/NHPA-W002/T03/outputs/interactive_map_v1/assets/tiles/baseline/6/20/20.png,831,88c0662bae724011498b5668185976cf20bb3363eb8f0bd29b45cf5b4346a322,DEC-NHPA-W002-T03-2026-09-18-01,FALSE,FALSE
workstreams/NHPA-W002/T03/outputs/interactive_map_v1/assets/tiles/baseline/6/20/21.png,1385,3bf6a287c0019109598520cbfcf3a087dfa1a82b68c599aca6fade70b76f5d11,DEC-NHPA-W002-T03-2026-09-18-01,FALSE,FALSE
workstreams/NHPA-W002/T03/outputs/interactive_map_v1/assets/tiles/baseline/6/20/22.png,5916,bd04db121f7e3191882ce55b1c65df9e8343e7133c6b214c43e8f53597a86281,DEC-NHPA-W002-T03-2026-09-18-01,FALSE,FALSE
workstreams/NHPA-W002/T03/outputs/interactive_map_v1/assets/tiles/baseline/6/20/23.png,4004,20ecaa4835fa80016e8675712af91fc3ed76b71c7219bf095c8f6ed98415dc29,DEC-NHPA-W002-T03-2026-09-18-01,FALSE,FALSE
workstreams/NHPA-W002/T03/outputs/interactive_map_v1/assets/tiles/baseline/6/21/21.png,1047,c4da99b73107f60daafadb45717e73d53b6dea21a272560c668df2f380592069,DEC-NHPA-W002-T03-2026-09-18-01,FALSE,FALSE
workstreams/NHPA-W002/T03/outputs/interactive_map_v1/assets/tiles/baseline/6/21/22.png,1749,ab93e38844caf25a43a1d169a93ec914b57620be69ec0f9ebb59e1c9c47f8c48,DEC-NHPA-W002-T03-2026-09-18-01,FALSE,FALSE
workstreams/NHPA-W002/T03/outputs/interactive_map_v1/assets/tiles/baseline/6/21/23.png,713,9b56f21cdba1b8d0edc9f4ed0ff0563a81d90afec3283dd9365b4ba8db0fbeb9,DEC-NHPA-W002-T03-2026-09-18-01,FALSE,FALSE
workstreams/NHPA-W002/T03/outputs/interactive_map_v1/assets/tiles/baseline/6/7/18.png,1068,ff9f65d90361ff025721c558c6569548698bcb049b021b42880fdd9c133902df,DEC-NHPA-W002-T03-2026-09-18-01,FALSE,FALSE
workstreams/NHPA-W002/T03/outputs/interactive_map_v1/assets/tiles/baseline/6/8/18.png,746,dbeda11cb960937bfe974b072d2e35a5d90d77e6d44e77a6144da0918088d9e3,DEC-NHPA-W002-T03-2026-09-18-01,FALSE,FALSE
workstreams/NHPA-W002/T03/outputs/interactive_map_v1/assets/tiles/baseline/6/8/19.png,913,27f9309ef383f3dd7c0f46aa3edb5e866636352d69d17bec13fd647c18539d48,DEC-NHPA-W002-T03-2026-09-18-01,FALSE,FALSE
workstreams/NHPA-W002/T03/outputs/interactive_map_v1/assets/tiles/baseline/6/8/20.png,629,63c2500a5bc2a9d31423768cac4835d598978d335a253e0d03a686604f0df2c3,DEC-NHPA-W002-T03-2026-09-18-01,FALSE,FALSE
workstreams/NHPA-W002/T03/outputs/interactive_map_v1/assets/tiles/baseline/6/9/18.png,645,3a4924d3f2e42668e3dc138102c13d9980f2bde988807c2cd2c7d770a8fc717b,DEC-NHPA-W002-T03-2026-09-18-01,FALSE,FALSE
workstreams/NHPA-W002/T03/outputs/interactive_map_v1/assets/tiles/baseline/6/9/19.png,451,ce0832653789c2c44188b3fb63f1b4c6fb08195f3909293e9a9f4504aa801b0c,DEC-NHPA-W002-T03-2026-09-18-01,FALSE,FALSE
workstreams/NHPA-W002/T03/outputs/interactive_map_v1/assets/tiles/baseline/6/9/20.png,813,9d8bf744f1248bb9ae1fea656885cf5186592b4fb615bcbfe4ec4c532298df6f,DEC-NHPA-W002-T03-2026-09-18-01,FALSE,FALSE
workstreams/NHPA-W002/T03/outputs/interactive_map_v1/assets/tiles/baseline/6/9/21.png,854,31e62a3d54d0df36951a189787541e19d4cf82223d21c245197b60e88d275614,DEC-NHPA-W002-T03-2026-09-18-01,FALSE,FALSE
workstreams/NHPA-W002/T03/outputs/interactive_map_v1/assets/tiles/baseline/6/9/22.png,721,611dbff4007f2b9e0b3f61af47831dcfb825e62dcd29ac178152755d2e5e5a14,DEC-NHPA-W002-T03-2026-09-18-01,FALSE,FALSE
workstreams/NHPA-W002/T03/outputs/interactive_map_v1/assets/tiles/baseline/6/9/23.png,836,a42ec7c7c07681803debc51e5f61f2c3143cacd810d3b92f15e68eca9b91244b,DEC-NHPA-W002-T03-2026-09-18-01,FALSE,FALSE
workstreams/NHPA-W002/T03/outputs/interactive_map_v1/assets/tiles/country/3/0/2.png,667,9530016ed86e7b73f3f072d5db927bb9c266295f7c1562e20001f4739c0c21dc,DEC-NHPA-W002-T03-2026-09-18-01,FALSE,FALSE
workstreams/NHPA-W002/T03/outputs/interactive_map_v1/assets/tiles/country/3/1/2.png,1278,6ccdd5080890e58157b6bcd542f9affae1db6a529c9d3d47bc5dd0cefc6840af,DEC-NHPA-W002-T03-2026-09-18-01,FALSE,FALSE
workstreams/NHPA-W002/T03/outputs/interactive_map_v1/assets/tiles/country/3/1/3.png,928,1665cdd681492197c526562bbf15bd31fbde6d17deebd2fa2e804d4c64f6a0be,DEC-NHPA-W002-T03-2026-09-18-01,FALSE,FALSE
workstreams/NHPA-W002/T03/outputs/interactive_map_v1/assets/tiles/country/3/2/2.png,1572,5dd6d9b765b4e64ec99f83188671eec214d6880bb3cd174d7e75a74c7ddc99d0,DEC-NHPA-W002-T03-2026-09-18-01,FALSE,FALSE
workstreams/NHPA-W002/T03/outputs/interactive_map_v1/assets/tiles/country/3/2/3.png,882,30bdc37c17d54a31e5f3696ee445cad1f13a124dde70742c778b9b753335c6d6,DEC-NHPA-W002-T03-2026-09-18-01,FALSE,FALSE
workstreams/NHPA-W002/T03/outputs/interactive_map_v1/assets/tiles/country/4/1/4.png,718,e2ca75f6a1502e2eaa0a4154c624a828e709164ba00ae69894a1e3b964c0c662,DEC-NHPA-W002-T03-2026-09-18-01,FALSE,FALSE
workstreams/NHPA-W002/T03/outputs/interactive_map_v1/assets/tiles/country/4/2/4.png,918,120e6016c091338f405e19279af0604f87625f089748e6c9d0d126b6f7f51e3d,DEC-NHPA-W002-T03-2026-09-18-01,FALSE,FALSE
workstreams/NHPA-W002/T03/outputs/interactive_map_v1/assets/tiles/country/4/2/5.png,1168,f62ba1aa93b698b9f1b57c4c52c9c3fb29e0b560d408a7bff8c4a0ca6947b63d,DEC-NHPA-W002-T03-2026-09-18-01,FALSE,FALSE
workstreams/NHPA-W002/T03/outputs/interactive_map_v1/assets/tiles/country/4/2/6.png,643,3ad99f9e04641ea5a7e38712743ec0906c423f54edcaf913757338f379e1e8d7,DEC-NHPA-W002-T03-2026-09-18-01,FALSE,FALSE
workstreams/NHPA-W002/T03/outputs/interactive_map_v1/assets/tiles/country/4/3/4.png,869,8a9524f48af47389d6549a67a78c7485f1dc769185dbdf031803da94fb2c6f9d,DEC-NHPA-W002-T03-2026-09-18-01,FALSE,FALSE
workstreams/NHPA-W002/T03/outputs/interactive_map_v1/assets/tiles/country/4/3/5.png,641,74842386c11fa5ad602ff587b7c9e56404040e673c7e5cd58a8d2da249b1b698,DEC-NHPA-W002-T03-2026-09-18-01,FALSE,FALSE
workstreams/NHPA-W002/T03/outputs/interactive_map_v1/assets/tiles/country/4/3/6.png,1145,a3d20fe10f316e3d51f08784dbc28b8e57627d271f1fc945d713af06318fdcef,DEC-NHPA-W002-T03-2026-09-18-01,FALSE,FALSE
workstreams/NHPA-W002/T03/outputs/interactive_map_v1/assets/tiles/country/4/4/5.png,2078,8c30774b3ef21f2a32a15f520c1b82cf80f18efdcb0b936cef3b69c196eee3b0,DEC-NHPA-W002-T03-2026-09-18-01,FALSE,FALSE
workstreams/NHPA-W002/T03/outputs/interactive_map_v1/assets/tiles/country/4/4/6.png,1188,3e43fab8d7bb9dcf9f9a49e462c956fa52b8a99d07e5979f7119b0954d7dd3be,DEC-NHPA-W002-T03-2026-09-18-01,FALSE,FALSE
workstreams/NHPA-W002/T03/outputs/interactive_map_v1/assets/tiles/country/4/5/5.png,1352,44591f2b5163364a5864461c6e5ac6fa76ce6764a2bad87755eda2ecc73de3ca,DEC-NHPA-W002-T03-2026-09-18-01,FALSE,FALSE
workstreams/NHPA-W002/T03/outputs/interactive_map_v1/assets/tiles/country/5/10/10.png,1298,6d497ed85ac57c0403de2571996fe83385ad130bdd3ecf7d7eb56ed8e1cfd92d,DEC-NHPA-W002-T03-2026-09-18-01,FALSE,FALSE
workstreams/NHPA-W002/T03/outputs/interactive_map_v1/assets/tiles/country/5/10/11.png,1550,733699f0243b25a71405e4f442efd6ae414d804959fde1d496e7d4eccbaa8399,DEC-NHPA-W002-T03-2026-09-18-01,FALSE,FALSE
workstreams/NHPA-W002/T03/outputs/interactive_map_v1/assets/tiles/country/5/3/9.png,877,7c6bbe0b19ea507f0e5819baa2035156fd10dafadfae9566abba5ccf50895522,DEC-NHPA-W002-T03-2026-09-18-01,FALSE,FALSE
workstreams/NHPA-W002/T03/outputs/interactive_map_v1/assets/tiles/country/5/4/10.png,947,e8ed02ad073103f09a281980a862741e01c92fd639cb83632e63491afc0594d0,DEC-NHPA-W002-T03-2026-09-18-01,FALSE,FALSE
workstreams/NHPA-W002/T03/outputs/interactive_map_v1/assets/tiles/country/5/4/11.png,666,e353953895b12d7619706297942bd390fe51bb17ff79dbc2262362692dd5a8dc,DEC-NHPA-W002-T03-2026-09-18-01,FALSE,FALSE
workstreams/NHPA-W002/T03/outputs/interactive_map_v1/assets/tiles/country/5/4/9.png,869,5915844eeeeb432ead639645989b58142940a08894cc1f10b14682c3bff8b921,DEC-NHPA-W002-T03-2026-09-18-01,FALSE,FALSE
workstreams/NHPA-W002/T03/outputs/interactive_map_v1/assets/tiles/country/5/5/10.png,819,cdf562435178981edd82fcbb192fd98510fd5d37224a8c4d414a150f13a3f957,DEC-NHPA-W002-T03-2026-09-18-01,FALSE,FALSE
workstreams/NHPA-W002/T03/outputs/interactive_map_v1/assets/tiles/country/5/5/11.png,1261,d6112d9b9f7411241d0e04f541aff74525f4152cf1019d2bf6b3a032ff190e11,DEC-NHPA-W002-T03-2026-09-18-01,FALSE,FALSE
workstreams/NHPA-W002/T03/outputs/interactive_map_v1/assets/tiles/country/5/5/12.png,716,f3ed18085133ecdd6c548097a7f60bc16ef32e1ee206dd0e8950a3e53057b73e,DEC-NHPA-W002-T03-2026-09-18-01,FALSE,FALSE
workstreams/NHPA-W002/T03/outputs/interactive_map_v1/assets/tiles/country/5/5/13.png,634,bad7ba39413d0aad68e5ef9016b9951d3b087a9827c0d1475b91e3e2060223e5,DEC-NHPA-W002-T03-2026-09-18-01,FALSE,FALSE
workstreams/NHPA-W002/T03/outputs/interactive_map_v1/assets/tiles/country/5/5/9.png,909,2b9efd7d3fdeafd5cefda91332108ddae2639ea511acf720ac367424184b2212,DEC-NHPA-W002-T03-2026-09-18-01,FALSE,FALSE
workstreams/NHPA-W002/T03/outputs/interactive_map_v1/assets/tiles/country/5/6/10.png,576,48d7894ad06e17183c029406fbbb71d26d5598a9e505727a800509b072235938,DEC-NHPA-W002-T03-2026-09-18-01,FALSE,FALSE
workstreams/NHPA-W002/T03/outputs/interactive_map_v1/assets/tiles/country/5/6/11.png,477,d295326da118b181a8eccd4eae67afcfbccfe6af53c09681f5438986208253e3,DEC-NHPA-W002-T03-2026-09-18-01,FALSE,FALSE
workstreams/NHPA-W002/T03/outputs/interactive_map_v1/assets/tiles/country/5/6/12.png,972,de8f8a7e9d21eb612d1dad8732f4570f23997d9971e710faaef6ff590e3a316e,DEC-NHPA-W002-T03-2026-09-18-01,FALSE,FALSE
workstreams/NHPA-W002/T03/outputs/interactive_map_v1/assets/tiles/country/5/6/13.png,913,1178d45b719e8872f37f7ed479d2a5db9a6a65ed7e7b3b84ee4dee8674619851,DEC-NHPA-W002-T03-2026-09-18-01,FALSE,FALSE
workstreams/NHPA-W002/T03/outputs/interactive_map_v1/assets/tiles/country/5/6/9.png,749,5458dc99ad96b3b6b9f0858864f6c778254a91f2d2898618cad194ad961b781a,DEC-NHPA-W002-T03-2026-09-18-01,FALSE,FALSE
workstreams/NHPA-W002/T03/outputs/interactive_map_v1/assets/tiles/country/5/7/10.png,543,65330e19c8011dc9c96d741c89042e769de64cce44458b9f0a46559cbab27812,DEC-NHPA-W002-T03-2026-09-18-01,FALSE,FALSE
workstreams/NHPA-W002/T03/outputs/interactive_map_v1/assets/tiles/country/5/7/11.png,735,1c57f65aef53a25b8c2cb1e41b14f9ee445a476ba46de35a9dfe07c7787af5ec,DEC-NHPA-W002-T03-2026-09-18-01,FALSE,FALSE
workstreams/NHPA-W002/T03/outputs/interactive_map_v1/assets/tiles/country/5/7/12.png,451,949e378c9fae4601e56e28f95ec60c9143d5996fe1afb27c8b2b1cf40ed8f721,DEC-NHPA-W002-T03-2026-09-18-01,FALSE,FALSE
workstreams/NHPA-W002/T03/outputs/interactive_map_v1/assets/tiles/country/5/7/13.png,1087,1d6adf441a49f521e33ec29fbea426994a4582bbca7b314d79a1ac24eb2e7590,DEC-NHPA-W002-T03-2026-09-18-01,FALSE,FALSE
workstreams/NHPA-W002/T03/outputs/interactive_map_v1/assets/tiles/country/5/7/9.png,755,9eb2d03671c0e65fa727bef96a38f7757fd17dffc423fe5a9d19141487c2785c,DEC-NHPA-W002-T03-2026-09-18-01,FALSE,FALSE
workstreams/NHPA-W002/T03/outputs/interactive_map_v1/assets/tiles/country/5/8/10.png,816,294c069632599a1a5249713d32bfa34c728a28c0b5603d7861d7357e3de438a0,DEC-NHPA-W002-T03-2026-09-18-01,FALSE,FALSE
workstreams/NHPA-W002/T03/outputs/interactive_map_v1/assets/tiles/country/5/8/11.png,2084,30a483aaf46e008b45e38c1a94498f22afdef8c3695bcaec2668916fa61d700b,DEC-NHPA-W002-T03-2026-09-18-01,FALSE,FALSE
workstreams/NHPA-W002/T03/outputs/interactive_map_v1/assets/tiles/country/5/8/12.png,553,88caeeaa9b58c1cb3e6b6dc2489c611dd720ce3711b003fc3571abcb898e36b0,DEC-NHPA-W002-T03-2026-09-18-01,FALSE,FALSE
workstreams/NHPA-W002/T03/outputs/interactive_map_v1/assets/tiles/country/5/8/13.png,1251,80fd4d1a5005ede3e46f5a6a6367f5883941a8dbf28d564090e5b6cb7fecfab7,DEC-NHPA-W002-T03-2026-09-18-01,FALSE,FALSE
workstreams/NHPA-W002/T03/outputs/interactive_map_v1/assets/tiles/country/5/9/10.png,866,ec04f97fc7ac933d411c51287ea167931a7e54bdf3ad01eed7c81318a60ebb39,DEC-NHPA-W002-T03-2026-09-18-01,FALSE,FALSE
workstreams/NHPA-W002/T03/outputs/interactive_map_v1/assets/tiles/country/5/9/11.png,1612,560e13432272f1784a3ff7efadbb79c7cc37e1b77dd664886d453269e92058fd,DEC-NHPA-W002-T03-2026-09-18-01,FALSE,FALSE
workstreams/NHPA-W002/T03/outputs/interactive_map_v1/assets/tiles/country/5/9/12.png,1247,564ad481e33b44c58c89b1557e29a482abe62123e5da76c9e9f5c8cd2d7eddd5,DEC-NHPA-W002-T03-2026-09-18-01,FALSE,FALSE
workstreams/NHPA-W002/T03/outputs/interactive_map_v1/assets/tiles/country/6/10/18.png,687,2ac3e7e3f40fdd133618f053517a9d662746092e6c3df7212d22d65e5fb2487e,DEC-NHPA-W002-T03-2026-09-18-01,FALSE,FALSE
workstreams/NHPA-W002/T03/outputs/interactive_map_v1/assets/tiles/country/6/10/19.png,830,0198fd3d8e8437d6c8883f8d6aee48c99f309db698f6e8dc430b251e585c9913,DEC-NHPA-W002-T03-2026-09-18-01,FALSE,FALSE
workstreams/NHPA-W002/T03/outputs/interactive_map_v1/assets/tiles/country/6/10/20.png,451,354a41098de809ecd9816a8bbc0e71eb3d1a7c816d097f323e5dc576a9ffbb7c,DEC-NHPA-W002-T03-2026-09-18-01,FALSE,FALSE
workstreams/NHPA-W002/T03/outputs/interactive_map_v1/assets/tiles/country/6/10/21.png,1056,7201f0463bd28b213c9b8b8c397b627b528a9da3bbb35e61dfcbb5a4f5a59aa6,DEC-NHPA-W002-T03-2026-09-18-01,FALSE,FALSE
workstreams/NHPA-W002/T03/outputs/interactive_map_v1/assets/tiles/country/6/10/22.png,1106,84ef5e3e2df7d6b049dc3c6bad33ab6bfd613f66b044b9b3dd80f095bd9f6b78,DEC-NHPA-W002-T03-2026-09-18-01,FALSE,FALSE
workstreams/NHPA-W002/T03/outputs/interactive_map_v1/assets/tiles/country/6/10/23.png,1072,92a080a91df78265a1fea90724d34f2909bf9400513fa30cbf7ef834fb315f34,DEC-NHPA-W002-T03-2026-09-18-01,FALSE,FALSE
workstreams/NHPA-W002/T03/outputs/interactive_map_v1/assets/tiles/country/6/11/18.png,863,023bc1b84951a65b3bbfda3dfbe64d757a9dc55281ae272af7cb773613683c18,DEC-NHPA-W002-T03-2026-09-18-01,FALSE,FALSE
workstreams/NHPA-W002/T03/outputs/interactive_map_v1/assets/tiles/country/6/11/19.png,475,764b54eaded55dfacd28e69a607ae6c6755706ae8beaa3de44bead9011fac0e5,DEC-NHPA-W002-T03-2026-09-18-01,FALSE,FALSE
workstreams/NHPA-W002/T03/outputs/interactive_map_v1/assets/tiles/country/6/11/20.png,451,354a41098de809ecd9816a8bbc0e71eb3d1a7c816d097f323e5dc576a9ffbb7c,DEC-NHPA-W002-T03-2026-09-18-01,FALSE,FALSE
workstreams/NHPA-W002/T03/outputs/interactive_map_v1/assets/tiles/country/6/11/21.png,641,ae36ae2f55556ad9e2d0c3533723470759f6ae9c4fcddb8d05aaef17b098c369,DEC-NHPA-W002-T03-2026-09-18-01,FALSE,FALSE
workstreams/NHPA-W002/T03/outputs/interactive_map_v1/assets/tiles/country/6/11/22.png,451,949e378c9fae4601e56e28f95ec60c9143d5996fe1afb27c8b2b1cf40ed8f721,DEC-NHPA-W002-T03-2026-09-18-01,FALSE,FALSE
workstreams/NHPA-W002/T03/outputs/interactive_map_v1/assets/tiles/country/6/11/23.png,808,d7ea6671eaf280db1ed5ac7521f205687402d9adfcdb2d24f6b1d2cf7c3fce57,DEC-NHPA-W002-T03-2026-09-18-01,FALSE,FALSE
workstreams/NHPA-W002/T03/outputs/interactive_map_v1/assets/tiles/country/6/11/24.png,654,e4f073241eda8c8df3e769cec4ffc27da3ddef9b61bc543d0fd8bab96a7acb97,DEC-NHPA-W002-T03-2026-09-18-01,FALSE,FALSE
workstreams/NHPA-W002/T03/outputs/interactive_map_v1/assets/tiles/country/6/11/25.png,815,5d22c66dfc2a62efb57f7bcb352ea4bb7eb0811675b6512070ed51a274e6ed28,DEC-NHPA-W002-T03-2026-09-18-01,FALSE,FALSE
workstreams/NHPA-W002/T03/outputs/interactive_map_v1/assets/tiles/country/6/11/26.png,646,9470baa4f91bdfec0880de3642a92801e1290d627d435cad16128837b3906055,DEC-NHPA-W002-T03-2026-09-18-01,FALSE,FALSE
workstreams/NHPA-W002/T03/outputs/interactive_map_v1/assets/tiles/country/6/12/18.png,795,f4fbf3d921c51672f0697306fbba5c6828d65aed321ab2af77f12b626b5ab247,DEC-NHPA-W002-T03-2026-09-18-01,FALSE,FALSE
workstreams/NHPA-W002/T03/outputs/interactive_map_v1/assets/tiles/country/6/12/19.png,482,5977c8c64f6877a5d192cae671eab2ca4971ce830ecfc2357e4944c5237b73cd,DEC-NHPA-W002-T03-2026-09-18-01,FALSE,FALSE
workstreams/NHPA-W002/T03/outputs/interactive_map_v1/assets/tiles/country/6/12/20.png,451,354a41098de809ecd9816a8bbc0e71eb3d1a7c816d097f323e5dc576a9ffbb7c,DEC-NHPA-W002-T03-2026-09-18-01,FALSE,FALSE
workstreams/NHPA-W002/T03/outputs/interactive_map_v1/assets/tiles/country/6/12/21.png,604,6e6759fde5b1808f79e1d8d84fd03da61ceb50916e2b6c35875464935840dd08,DEC-NHPA-W002-T03-2026-09-18-01,FALSE,FALSE
workstreams/NHPA-W002/T03/outputs/interactive_map_v1/assets/tiles/country/6/12/22.png,451,949e378c9fae4601e56e28f95ec60c9143d5996fe1afb27c8b2b1cf40ed8f721,DEC-NHPA-W002-T03-2026-09-18-01,FALSE,FALSE
workstreams/NHPA-W002/T03/outputs/interactive_map_v1/assets/tiles/country/6/12/23.png,506,185da9d39c4cc2b0b7e0d6600f1395ed3debf6c71bd59f0c239833d43be9f68a,DEC-NHPA-W002-T03-2026-09-18-01,FALSE,FALSE
workstreams/NHPA-W002/T03/outputs/interactive_map_v1/assets/tiles/country/6/12/24.png,888,ade50312af0db4dd19144e4a7c3c7ca086a10bc8a11bbe4ba9b4e45ffdace88e,DEC-NHPA-W002-T03-2026-09-18-01,FALSE,FALSE
workstreams/NHPA-W002/T03/outputs/interactive_map_v1/assets/tiles/country/6/12/25.png,652,6e7136fa0e4ff994056edb6097a0fa227ba97496aa2566a4f1e85d8b1d07a04a,DEC-NHPA-W002-T03-2026-09-18-01,FALSE,FALSE
workstreams/NHPA-W002/T03/outputs/interactive_map_v1/assets/tiles/country/6/12/26.png,734,ebc81188e282861151907e0f1e58ca70e7e7ea7a054925cdf94f62a2221ce317,DEC-NHPA-W002-T03-2026-09-18-01,FALSE,FALSE
workstreams/NHPA-W002/T03/outputs/interactive_map_v1/assets/tiles/country/6/13/18.png,727,5aabf43f36de096d589c907ecf3bda0f0c93085582d584c7915faf2311a6f7a8,DEC-NHPA-W002-T03-2026-09-18-01,FALSE,FALSE
workstreams/NHPA-W002/T03/outputs/interactive_map_v1/assets/tiles/country/6/13/19.png,487,49b018f449b01477bf5518dad75af7e9d44bfb7bc487a886eba9b5105056b129,DEC-NHPA-W002-T03-2026-09-18-01,FALSE,FALSE
workstreams/NHPA-W002/T03/outputs/interactive_map_v1/assets/tiles/country/6/13/20.png,451,354a41098de809ecd9816a8bbc0e71eb3d1a7c816d097f323e5dc576a9ffbb7c,DEC-NHPA-W002-T03-2026-09-18-01,FALSE,FALSE
workstreams/NHPA-W002/T03/outputs/interactive_map_v1/assets/tiles/country/6/13/21.png,604,0f2b4a0b18335ac1bf124c8ede2bda00a8d455a156223bec3ee37524a6014805,DEC-NHPA-W002-T03-2026-09-18-01,FALSE,FALSE
workstreams/NHPA-W002/T03/outputs/interactive_map_v1/assets/tiles/country/6/13/22.png,451,949e378c9fae4601e56e28f95ec60c9143d5996fe1afb27c8b2b1cf40ed8f721,DEC-NHPA-W002-T03-2026-09-18-01,FALSE,FALSE
workstreams/NHPA-W002/T03/outputs/interactive_map_v1/assets/tiles/country/6/13/23.png,451,949e378c9fae4601e56e28f95ec60c9143d5996fe1afb27c8b2b1cf40ed8f721,DEC-NHPA-W002-T03-2026-09-18-01,FALSE,FALSE
workstreams/NHPA-W002/T03/outputs/interactive_map_v1/assets/tiles/country/6/13/24.png,551,4f62cc6c61471aa5af09d681f17cef70b50369a6c0230685d6a620e45a9f91d4,DEC-NHPA-W002-T03-2026-09-18-01,FALSE,FALSE
workstreams/NHPA-W002/T03/outputs/interactive_map_v1/assets/tiles/country/6/13/25.png,600,055ec5347901873708e97703a818e4d7e76590340114dcbae2e0859a07fc40e1,DEC-NHPA-W002-T03-2026-09-18-01,FALSE,FALSE
workstreams/NHPA-W002/T03/outputs/interactive_map_v1/assets/tiles/country/6/13/26.png,833,2c947de27e674e4466a91f23ed15db0b8771c3618bf74ce3e9cc7068bca01321,DEC-NHPA-W002-T03-2026-09-18-01,FALSE,FALSE
workstreams/NHPA-W002/T03/outputs/interactive_map_v1/assets/tiles/country/6/14/19.png,618,846e6f8a2ea17bf533dbfda84c50284d7baa6ca9ccbbf76354fc4bebe898b48b,DEC-NHPA-W002-T03-2026-09-18-01,FALSE,FALSE
workstreams/NHPA-W002/T03/outputs/interactive_map_v1/assets/tiles/country/6/14/20.png,451,354a41098de809ecd9816a8bbc0e71eb3d1a7c816d097f323e5dc576a9ffbb7c,DEC-NHPA-W002-T03-2026-09-18-01,FALSE,FALSE
workstreams/NHPA-W002/T03/outputs/interactive_map_v1/assets/tiles/country/6/14/21.png,537,ce36f4760b49236a384b145d97db931afaacee12f25c9f0caf79c3a67fe110be,DEC-NHPA-W002-T03-2026-09-18-01,FALSE,FALSE
workstreams/NHPA-W002/T03/outputs/interactive_map_v1/assets/tiles/country/6/14/22.png,451,949e378c9fae4601e56e28f95ec60c9143d5996fe1afb27c8b2b1cf40ed8f721,DEC-NHPA-W002-T03-2026-09-18-01,FALSE,FALSE
workstreams/NHPA-W002/T03/outputs/interactive_map_v1/assets/tiles/country/6/14/23.png,451,949e378c9fae4601e56e28f95ec60c9143d5996fe1afb27c8b2b1cf40ed8f721,DEC-NHPA-W002-T03-2026-09-18-01,FALSE,FALSE
workstreams/NHPA-W002/T03/outputs/interactive_map_v1/assets/tiles/country/6/14/24.png,451,949e378c9fae4601e56e28f95ec60c9143d5996fe1afb27c8b2b1cf40ed8f721,DEC-NHPA-W002-T03-2026-09-18-01,FALSE,FALSE
workstreams/NHPA-W002/T03/outputs/interactive_map_v1/assets/tiles/country/6/14/25.png,451,949e378c9fae4601e56e28f95ec60c9143d5996fe1afb27c8b2b1cf40ed8f721,DEC-NHPA-W002-T03-2026-09-18-01,FALSE,FALSE
workstreams/NHPA-W002/T03/outputs/interactive_map_v1/assets/tiles/country/6/14/26.png,738,c1ba12b9d8ee83c41b6d1f76037120bd425ee8fb48195bf837ef94d411313406,DEC-NHPA-W002-T03-2026-09-18-01,FALSE,FALSE
workstreams/NHPA-W002/T03/outputs/interactive_map_v1/assets/tiles/country/6/14/27.png,738,dc67478b73a95a01ee1f3224cf07f175420dfef0f608222a56553c7c77f47886,DEC-NHPA-W002-T03-2026-09-18-01,FALSE,FALSE
workstreams/NHPA-W002/T03/outputs/interactive_map_v1/assets/tiles/country/6/15/19.png,675,5b615e3d2ff1941b85251bef5680d48786745e87ab703e2b0ffa06171380f2a9,DEC-NHPA-W002-T03-2026-09-18-01,FALSE,FALSE
workstreams/NHPA-W002/T03/outputs/interactive_map_v1/assets/tiles/country/6/15/20.png,491,03a936460275c618ecaa86c64925715a241a7bec6a9ca0b555ac5d25df2f1b99,DEC-NHPA-W002-T03-2026-09-18-01,FALSE,FALSE
workstreams/NHPA-W002/T03/outputs/interactive_map_v1/assets/tiles/country/6/15/21.png,505,d064b53d3d6e9f51aac1edcdced606c6a30231a96393205575cbdf6c97096ee3,DEC-NHPA-W002-T03-2026-09-18-01,FALSE,FALSE
workstreams/NHPA-W002/T03/outputs/interactive_map_v1/assets/tiles/country/6/15/22.png,904,b963ec965fdbf80e8ddfa85c930fbcc9fe3a4a5ca7424437d932ab8f33e5b019,DEC-NHPA-W002-T03-2026-09-18-01,FALSE,FALSE
workstreams/NHPA-W002/T03/outputs/interactive_map_v1/assets/tiles/country/6/15/23.png,451,949e378c9fae4601e56e28f95ec60c9143d5996fe1afb27c8b2b1cf40ed8f721,DEC-NHPA-W002-T03-2026-09-18-01,FALSE,FALSE
workstreams/NHPA-W002/T03/outputs/interactive_map_v1/assets/tiles/country/6/15/24.png,451,949e378c9fae4601e56e28f95ec60c9143d5996fe1afb27c8b2b1cf40ed8f721,DEC-NHPA-W002-T03-2026-09-18-01,FALSE,FALSE
workstreams/NHPA-W002/T03/outputs/interactive_map_v1/assets/tiles/country/6/15/25.png,451,949e378c9fae4601e56e28f95ec60c9143d5996fe1afb27c8b2b1cf40ed8f721,DEC-NHPA-W002-T03-2026-09-18-01,FALSE,FALSE
workstreams/NHPA-W002/T03/outputs/interactive_map_v1/assets/tiles/country/6/15/26.png,817,152a23e63eee6ea231f0fcc3aa3463848bcdeb37adf0c9d43348b8096c174d95,DEC-NHPA-W002-T03-2026-09-18-01,FALSE,FALSE
workstreams/NHPA-W002/T03/outputs/interactive_map_v1/assets/tiles/country/6/16/20.png,709,583f9c8bf75c17dc4772b85257a5b96e9180ab92391b1ed4aa57c3f65f4b4c2c,DEC-NHPA-W002-T03-2026-09-18-01,FALSE,FALSE
workstreams/NHPA-W002/T03/outputs/interactive_map_v1/assets/tiles/country/6/16/21.png,568,e9863cfb83f353c6f47e98f2ee8d7e2ef14f81e06001cc0dbeb8298a9110ebac,DEC-NHPA-W002-T03-2026-09-18-01,FALSE,FALSE
workstreams/NHPA-W002/T03/outputs/interactive_map_v1/assets/tiles/country/6/16/22.png,1583,e33f1893d1279884cee16b7c3f537874f0bbb324fb9ed50d3e61952f1059b8a8,DEC-NHPA-W002-T03-2026-09-18-01,FALSE,FALSE
workstreams/NHPA-W002/T03/outputs/interactive_map_v1/assets/tiles/country/6/16/23.png,873,a51cbfd4f6ab56131ad2d15d2be4f5f1097c2991287cba9713dcd445415ace19,DEC-NHPA-W002-T03-2026-09-18-01,FALSE,FALSE
workstreams/NHPA-W002/T03/outputs/interactive_map_v1/assets/tiles/country/6/16/24.png,451,949e378c9fae4601e56e28f95ec60c9143d5996fe1afb27c8b2b1cf40ed8f721,DEC-NHPA-W002-T03-2026-09-18-01,FALSE,FALSE
workstreams/NHPA-W002/T03/outputs/interactive_map_v1/assets/tiles/country/6/16/25.png,451,949e378c9fae4601e56e28f95ec60c9143d5996fe1afb27c8b2b1cf40ed8f721,DEC-NHPA-W002-T03-2026-09-18-01,FALSE,FALSE
workstreams/NHPA-W002/T03/outputs/interactive_map_v1/assets/tiles/country/6/16/26.png,1055,821af38d925acbe2382e1358e5ddc2aa1beab31e5a419718c09446608290d669,DEC-NHPA-W002-T03-2026-09-18-01,FALSE,FALSE
workstreams/NHPA-W002/T03/outputs/interactive_map_v1/assets/tiles/country/6/17/21.png,764,7c6edde79267d97f4187ea59fb731c6f3776fb942b0046b92a744f38446d3d56,DEC-NHPA-W002-T03-2026-09-18-01,FALSE,FALSE
workstreams/NHPA-W002/T03/outputs/interactive_map_v1/assets/tiles/country/6/17/22.png,1008,81bdd51d520d9c598dd378ba1abf8b1bd7fef116afa9faa2e33ec6f8becd834c,DEC-NHPA-W002-T03-2026-09-18-01,FALSE,FALSE
workstreams/NHPA-W002/T03/outputs/interactive_map_v1/assets/tiles/country/6/17/23.png,1473,f79f9de30b33979eb7bd1d2639549a7393f0eedb9b6920acb5357eeee78c04b3,DEC-NHPA-W002-T03-2026-09-18-01,FALSE,FALSE
workstreams/NHPA-W002/T03/outputs/interactive_map_v1/assets/tiles/country/6/17/24.png,451,949e378c9fae4601e56e28f95ec60c9143d5996fe1afb27c8b2b1cf40ed8f721,DEC-NHPA-W002-T03-2026-09-18-01,FALSE,FALSE
workstreams/NHPA-W002/T03/outputs/interactive_map_v1/assets/tiles/country/6/17/25.png,592,7f26d0374561f0ca45b21ed484990d920d26d83f59e36563c39a3d01fe11ec94,DEC-NHPA-W002-T03-2026-09-18-01,FALSE,FALSE
workstreams/NHPA-W002/T03/outputs/interactive_map_v1/assets/tiles/country/6/17/26.png,944,a0095ca3643400c75a4fb19a16e043930b281f5ca0e7d364b8e2b79d69e585a0,DEC-NHPA-W002-T03-2026-09-18-01,FALSE,FALSE
workstreams/NHPA-W002/T03/outputs/interactive_map_v1/assets/tiles/country/6/17/27.png,985,b6fa3da62c938cd55bb55a60ab6e24351ab97e7d4c8122387a4914fc5ba3672d,DEC-NHPA-W002-T03-2026-09-18-01,FALSE,FALSE
workstreams/NHPA-W002/T03/outputs/interactive_map_v1/assets/tiles/country/6/18/20.png,769,07431ad6e3447926c6d77783a6530dfcfd859d2ae29c339bea69e605c241f3b9,DEC-NHPA-W002-T03-2026-09-18-01,FALSE,FALSE
workstreams/NHPA-W002/T03/outputs/interactive_map_v1/assets/tiles/country/6/18/21.png,639,b522f366a56d30261cfcaabdafdaf5af501251c1b1ad6de80dbb845da0953da9,DEC-NHPA-W002-T03-2026-09-18-01,FALSE,FALSE
workstreams/NHPA-W002/T03/outputs/interactive_map_v1/assets/tiles/country/6/18/22.png,451,354a41098de809ecd9816a8bbc0e71eb3d1a7c816d097f323e5dc576a9ffbb7c,DEC-NHPA-W002-T03-2026-09-18-01,FALSE,FALSE
workstreams/NHPA-W002/T03/outputs/interactive_map_v1/assets/tiles/country/6/18/23.png,987,3c84d56579277824f20c850581ec25bfa7516c0bd54e32b298cbc021c789c661,DEC-NHPA-W002-T03-2026-09-18-01,FALSE,FALSE
workstreams/NHPA-W002/T03/outputs/interactive_map_v1/assets/tiles/country/6/18/24.png,1230,0bc97167cb350e9b46e318d5183156b0e3b77ac7d8903c2172b9b6563427376d,DEC-NHPA-W002-T03-2026-09-18-01,FALSE,FALSE
workstreams/NHPA-W002/T03/outputs/interactive_map_v1/assets/tiles/country/6/18/25.png,1051,20a3fa83020bf06dc6d69468981de1fd93ef4f9b68b093a1fca6536c7b8f0ac2,DEC-NHPA-W002-T03-2026-09-18-01,FALSE,FALSE
workstreams/NHPA-W002/T03/outputs/interactive_map_v1/assets/tiles/country/6/19/20.png,831,a0d465b3414086a2f0f60317730dc09bb38ddea8d626ea8b8efb1cde78b26f44,DEC-NHPA-W002-T03-2026-09-18-01,FALSE,FALSE
workstreams/NHPA-W002/T03/outputs/interactive_map_v1/assets/tiles/country/6/19/21.png,522,35f7d962017b87b79c911396c0ecb41c4bc65df0bc25b35e2f18dbfc3d04935a,DEC-NHPA-W002-T03-2026-09-18-01,FALSE,FALSE
workstreams/NHPA-W002/T03/outputs/interactive_map_v1/assets/tiles/country/6/19/22.png,1565,50c52cc89f55b2f846149b3be2fd4a05c54953821424b22220bfe7ea4d02d51e,DEC-NHPA-W002-T03-2026-09-18-01,FALSE,FALSE
workstreams/NHPA-W002/T03/outputs/interactive_map_v1/assets/tiles/country/6/19/23.png,1355,bdf5103e9a48b50d11732fc970ea5af1f15a74178cd50603ad4544297101bee0,DEC-NHPA-W002-T03-2026-09-18-01,FALSE,FALSE
workstreams/NHPA-W002/T03/outputs/interactive_map_v1/assets/tiles/country/6/19/24.png,701,4a82dfa009a818b0f05105a61a974545dd25d412eb29283aba8ec883548f3bb3,DEC-NHPA-W002-T03-2026-09-18-01,FALSE,FALSE
workstreams/NHPA-W002/T03/outputs/interactive_map_v1/assets/tiles/country/6/20/20.png,831,a77568e2a1b00517f7e1958fb02d81681e374efb10f9b15ec02fc4eaebdb31e8,DEC-NHPA-W002-T03-2026-09-18-01,FALSE,FALSE
workstreams/NHPA-W002/T03/outputs/interactive_map_v1/assets/tiles/country/6/20/21.png,1385,9161cace5bb43ecbbf3e3659a502a489c16ba732a7bce28198a70e472c37d6d9,DEC-NHPA-W002-T03-2026-09-18-01,FALSE,FALSE
workstreams/NHPA-W002/T03/outputs/interactive_map_v1/assets/tiles/country/6/20/22.png,1504,137a493026dbfe1e93a3d68c8159f7c6ea88270e8cb19647738af2aa8bbac265,DEC-NHPA-W002-T03-2026-09-18-01,FALSE,FALSE
workstreams/NHPA-W002/T03/outputs/interactive_map_v1/assets/tiles/country/6/20/23.png,1187,5d9895fa9ca09d6b60025f0198f8c7cb4e62a23d1c8b33fec247f7166da9ce5d,DEC-NHPA-W002-T03-2026-09-18-01,FALSE,FALSE
workstreams/NHPA-W002/T03/outputs/interactive_map_v1/assets/tiles/country/6/21/21.png,1047,128621d405872c3e394f4b7aa1a75222001ec706f1e1f2b4876a8ba794707785,DEC-NHPA-W002-T03-2026-09-18-01,FALSE,FALSE
workstreams/NHPA-W002/T03/outputs/interactive_map_v1/assets/tiles/country/6/21/22.png,1182,79b7c9233dc79e9e503f0b131e5bc56e6b9f7aa4739226770dfbd2d8bb4b3d4a,DEC-NHPA-W002-T03-2026-09-18-01,FALSE,FALSE
workstreams/NHPA-W002/T03/outputs/interactive_map_v1/assets/tiles/country/6/21/23.png,677,e19829702c8be7d01643af560cac9ea0b9353b701fbd697dc60b6f3f38ce4309,DEC-NHPA-W002-T03-2026-09-18-01,FALSE,FALSE
workstreams/NHPA-W002/T03/outputs/interactive_map_v1/assets/tiles/country/6/7/18.png,1068,ac258fcbe71b4d5605817be383d22ac94a33a07b3c1704e566e9a47c79764203,DEC-NHPA-W002-T03-2026-09-18-01,FALSE,FALSE
workstreams/NHPA-W002/T03/outputs/interactive_map_v1/assets/tiles/country/6/8/18.png,746,dd2813c878a6840b5ddc0073f16a77fddfdac7fe78856ae150cacf7a5810012c,DEC-NHPA-W002-T03-2026-09-18-01,FALSE,FALSE
workstreams/NHPA-W002/T03/outputs/interactive_map_v1/assets/tiles/country/6/8/19.png,913,077ed610e949de6e7471cf20af5649d28e56a380bf0f4eb5a54550f8e75906ff,DEC-NHPA-W002-T03-2026-09-18-01,FALSE,FALSE
workstreams/NHPA-W002/T03/outputs/interactive_map_v1/assets/tiles/country/6/8/20.png,629,18a7fd9a6d33c70693c2cfadc9a0e4fa1f1e96acb69c157257096c5e4bc20436,DEC-NHPA-W002-T03-2026-09-18-01,FALSE,FALSE
workstreams/NHPA-W002/T03/outputs/interactive_map_v1/assets/tiles/country/6/9/18.png,645,3094d9199b9eddaa9955631c8841c159f66992004501ded31693c1a8f370bbc5,DEC-NHPA-W002-T03-2026-09-18-01,FALSE,FALSE
workstreams/NHPA-W002/T03/outputs/interactive_map_v1/assets/tiles/country/6/9/19.png,451,354a41098de809ecd9816a8bbc0e71eb3d1a7c816d097f323e5dc576a9ffbb7c,DEC-NHPA-W002-T03-2026-09-18-01,FALSE,FALSE
workstreams/NHPA-W002/T03/outputs/interactive_map_v1/assets/tiles/country/6/9/20.png,813,4bdb22e6af87a005f62844dd309c08869ecbeae372b2b82e0f7b6fc399c6ddaa,DEC-NHPA-W002-T03-2026-09-18-01,FALSE,FALSE
workstreams/NHPA-W002/T03/outputs/interactive_map_v1/assets/tiles/country/6/9/21.png,854,88d571bc42649c71327941b2b4c4e36cf27ad49783ba77d25fa37765698b8a5c,DEC-NHPA-W002-T03-2026-09-18-01,FALSE,FALSE
workstreams/NHPA-W002/T03/outputs/interactive_map_v1/assets/tiles/country/6/9/22.png,721,1124669108e36d65e057630b7d5f3828dfc2ef48d709aca80316ce7ec9f7f94d,DEC-NHPA-W002-T03-2026-09-18-01,FALSE,FALSE
workstreams/NHPA-W002/T03/outputs/interactive_map_v1/assets/tiles/country/6/9/23.png,759,26be4812609b80b190a89f9dcac15174bf963fb41be738a40cb6c2c830e9a5de,DEC-NHPA-W002-T03-2026-09-18-01,FALSE,FALSE
workstreams/NHPA-W002/T03/outputs/interactive_map_v1/assets/tiles/priority/3/0/2.png,681,8c4cf7ff56dd28fadff14a73a6b0f63518c2a2700e97c36e5e1668b02fca51c3,DEC-NHPA-W002-T03-2026-09-18-01,FALSE,FALSE
workstreams/NHPA-W002/T03/outputs/interactive_map_v1/assets/tiles/priority/3/1/2.png,2357,49e6c20de490d0a851bd4e5aee40ef3b8b85a5fe267b60f3285f07aa9ef00d77,DEC-NHPA-W002-T03-2026-09-18-01,FALSE,FALSE
workstreams/NHPA-W002/T03/outputs/interactive_map_v1/assets/tiles/priority/3/1/3.png,2078,e6fe381d77ed281cd47b63ecd29428da2df0e41c635881550ab9946b305ebb3b,DEC-NHPA-W002-T03-2026-09-18-01,FALSE,FALSE
workstreams/NHPA-W002/T03/outputs/interactive_map_v1/assets/tiles/priority/3/2/2.png,2140,26d52f0321c6f0ef7d3f51b164a7c31672a78cf470c41e5eb9c95e74e93e90bb,DEC-NHPA-W002-T03-2026-09-18-01,FALSE,FALSE
workstreams/NHPA-W002/T03/outputs/interactive_map_v1/assets/tiles/priority/3/2/3.png,2073,ee097cb03b8e1734029c6e3dfcbfe4072c122257b1b1d849ba8b898a1aa000f7,DEC-NHPA-W002-T03-2026-09-18-01,FALSE,FALSE
workstreams/NHPA-W002/T03/outputs/interactive_map_v1/assets/tiles/priority/4/1/4.png,731,e0c1add83366fa2ec08f83e1c79a2aebbf9203102c1060bc63e9ecc789c01e43,DEC-NHPA-W002-T03-2026-09-18-01,FALSE,FALSE
workstreams/NHPA-W002/T03/outputs/interactive_map_v1/assets/tiles/priority/4/2/4.png,918,e046a2a5f5208ae483078e7868a6eaacb0b2e13463cffa9410d702fa1e3253a4,DEC-NHPA-W002-T03-2026-09-18-01,FALSE,FALSE
workstreams/NHPA-W002/T03/outputs/interactive_map_v1/assets/tiles/priority/4/2/5.png,2787,396e848db123a99e8714cb1dde86271841efc6ab96c9cffeb1ee2f50e277622c,DEC-NHPA-W002-T03-2026-09-18-01,FALSE,FALSE
workstreams/NHPA-W002/T03/outputs/interactive_map_v1/assets/tiles/priority/4/2/6.png,704,7c4bf577231773b1cfc0c760695c0d9a32d00d58beecc9066266645f816b9bd8,DEC-NHPA-W002-T03-2026-09-18-01,FALSE,FALSE
workstreams/NHPA-W002/T03/outputs/interactive_map_v1/assets/tiles/priority/4/3/4.png,869,a847eb933f8514689fc1d0cfb907300f4e7b70b53fe2e88d830b14c740df2ba0,DEC-NHPA-W002-T03-2026-09-18-01,FALSE,FALSE
workstreams/NHPA-W002/T03/outputs/interactive_map_v1/assets/tiles/priority/4/3/5.png,2877,bb9c23bfb5c3aa7630bcd48b592b4c4ab1e6542a6acb0d87efc414a43a0ad04f,DEC-NHPA-W002-T03-2026-09-18-01,FALSE,FALSE
workstreams/NHPA-W002/T03/outputs/interactive_map_v1/assets/tiles/priority/4/3/6.png,4490,f876f7afe0698f4c4af85baca069405619c6df16708a8ca82210e7c34a2befba,DEC-NHPA-W002-T03-2026-09-18-01,FALSE,FALSE
workstreams/NHPA-W002/T03/outputs/interactive_map_v1/assets/tiles/priority/4/4/5.png,4074,32ad730137e58ae4aaaa8796b0342611c9a414c3bd97f74e11614d77732cd99d,DEC-NHPA-W002-T03-2026-09-18-01,FALSE,FALSE
workstreams/NHPA-W002/T03/outputs/interactive_map_v1/assets/tiles/priority/4/4/6.png,4581,f028ed0ad430dfa18f47a2c1b0129c798b1db70ef3319d1adfd05bba379e65df,DEC-NHPA-W002-T03-2026-09-18-01,FALSE,FALSE
workstreams/NHPA-W002/T03/outputs/interactive_map_v1/assets/tiles/priority/4/5/5.png,1348,e78b4f9d24de143e2d3452a22ebe335ad874687685dae3688f1106d054a3c6a5,DEC-NHPA-W002-T03-2026-09-18-01,FALSE,FALSE
workstreams/NHPA-W002/T03/outputs/interactive_map_v1/assets/tiles/priority/5/10/10.png,1298,3b2315776f1ef61db3732ad7d449ab3bce205066dae42466360aee111a60e02f,DEC-NHPA-W002-T03-2026-09-18-01,FALSE,FALSE
workstreams/NHPA-W002/T03/outputs/interactive_map_v1/assets/tiles/priority/5/10/11.png,1534,fa5282d3522839dce9804c218d9e004ccf734b52e72f172769e63e93a187b963,DEC-NHPA-W002-T03-2026-09-18-01,FALSE,FALSE
workstreams/NHPA-W002/T03/outputs/interactive_map_v1/assets/tiles/priority/5/3/9.png,891,fecaa1e908bb45069a168b9c9a993ba19eabaa9bb0d80de77b44bd8c7383c341,DEC-NHPA-W002-T03-2026-09-18-01,FALSE,FALSE
workstreams/NHPA-W002/T03/outputs/interactive_map_v1/assets/tiles/priority/5/4/10.png,947,5448cb817184b9fc24ef5aa793c6b725679bde1f3ad2ee4fd1a8c53dc44d3038,DEC-NHPA-W002-T03-2026-09-18-01,FALSE,FALSE
workstreams/NHPA-W002/T03/outputs/interactive_map_v1/assets/tiles/priority/5/4/11.png,966,591c6ca8f4373f3b0a2e54f1a19a43dfd160a5bb61bd7d2232d9eef2a9c871f3,DEC-NHPA-W002-T03-2026-09-18-01,FALSE,FALSE
workstreams/NHPA-W002/T03/outputs/interactive_map_v1/assets/tiles/priority/5/4/9.png,869,2d953cd2a2935a5884fee59925f9cd3e9f3d449b9034a0cb9b66e07ad40c4e62,DEC-NHPA-W002-T03-2026-09-18-01,FALSE,FALSE
workstreams/NHPA-W002/T03/outputs/interactive_map_v1/assets/tiles/priority/5/5/10.png,830,00357ba0ea3958ae5ec771bff8623e9d44562610114ab5ed4bd1bb7067954d5a,DEC-NHPA-W002-T03-2026-09-18-01,FALSE,FALSE
workstreams/NHPA-W002/T03/outputs/interactive_map_v1/assets/tiles/priority/5/5/11.png,5482,4db82f272c7604bee73739b5721131113a507f0a8182b1bcc3b78df83e5a123c,DEC-NHPA-W002-T03-2026-09-18-01,FALSE,FALSE
workstreams/NHPA-W002/T03/outputs/interactive_map_v1/assets/tiles/priority/5/5/12.png,918,e1bc816a41c618ed69e88fe26d981ef2a8dfc441edcb68faa314954b5f11e364,DEC-NHPA-W002-T03-2026-09-18-01,FALSE,FALSE
workstreams/NHPA-W002/T03/outputs/interactive_map_v1/assets/tiles/priority/5/5/13.png,644,8b2b666ec0af465fa25f4686aba2533b0b73938396c1984dff89ddf1f8a03d49,DEC-NHPA-W002-T03-2026-09-18-01,FALSE,FALSE
workstreams/NHPA-W002/T03/outputs/interactive_map_v1/assets/tiles/priority/5/5/9.png,909,744c82bb0ae1029e16e8025f714a3b825ca639dad89e7506663e296cfe73d4ba,DEC-NHPA-W002-T03-2026-09-18-01,FALSE,FALSE
workstreams/NHPA-W002/T03/outputs/interactive_map_v1/assets/tiles/priority/5/6/10.png,553,30d33c7da7a9907361ebb3aa2bb7650f2372c88ecd581f2df71d0f65747229b2,DEC-NHPA-W002-T03-2026-09-18-01,FALSE,FALSE
workstreams/NHPA-W002/T03/outputs/interactive_map_v1/assets/tiles/priority/5/6/11.png,3805,48949485449c0f86017283effe080d1c85e781762c28fa4847e8678936a932a6,DEC-NHPA-W002-T03-2026-09-18-01,FALSE,FALSE
workstreams/NHPA-W002/T03/outputs/interactive_map_v1/assets/tiles/priority/5/6/12.png,4773,52a7f6ddd65dd3511b09c869f90ffa08c808439ad609ca837aead96da5d1474c,DEC-NHPA-W002-T03-2026-09-18-01,FALSE,FALSE
workstreams/NHPA-W002/T03/outputs/interactive_map_v1/assets/tiles/priority/5/6/13.png,1592,24505b6fc14ece4cb70a13d1221c53a02c9ede3cbf6db69f2fb4c3f884d92ac2,DEC-NHPA-W002-T03-2026-09-18-01,FALSE,FALSE
workstreams/NHPA-W002/T03/outputs/interactive_map_v1/assets/tiles/priority/5/6/9.png,749,b229f36996e65fcd37f67b69389f599d20b26510ae0f0ea907f4f0ddcbf4dfa2,DEC-NHPA-W002-T03-2026-09-18-01,FALSE,FALSE
workstreams/NHPA-W002/T03/outputs/interactive_map_v1/assets/tiles/priority/5/7/10.png,525,7b6846290077074d9df44611d98c4f5e78903410a7f603b175fe03c3c41f1203,DEC-NHPA-W002-T03-2026-09-18-01,FALSE,FALSE
workstreams/NHPA-W002/T03/outputs/interactive_map_v1/assets/tiles/priority/5/7/11.png,3841,38ff1f39bc42a28424c40006d5ccfbbff59321263637e3367641f5e35cea1850,DEC-NHPA-W002-T03-2026-09-18-01,FALSE,FALSE
workstreams/NHPA-W002/T03/outputs/interactive_map_v1/assets/tiles/priority/5/7/12.png,4710,7589b5f604bd00abb129e341bb5cf6d8f9ed27c985310072e0f0abd353a5ef43,DEC-NHPA-W002-T03-2026-09-18-01,FALSE,FALSE
workstreams/NHPA-W002/T03/outputs/interactive_map_v1/assets/tiles/priority/5/7/13.png,3469,85db16dfe076c34b4ff5885685586817700f0f8a2a83950a99d7cd9996f33029,DEC-NHPA-W002-T03-2026-09-18-01,FALSE,FALSE
workstreams/NHPA-W002/T03/outputs/interactive_map_v1/assets/tiles/priority/5/7/9.png,755,1624e27816bbdf4d3c42bee6a8c3e1cd0a0b23d58f60e6e41f3dea2e4060eb97,DEC-NHPA-W002-T03-2026-09-18-01,FALSE,FALSE
workstreams/NHPA-W002/T03/outputs/interactive_map_v1/assets/tiles/priority/5/8/10.png,816,2cb1338b984a3e6baf70af6d1e09a3335d69b2d14d6006daabb6dd637b0d2e0f,DEC-NHPA-W002-T03-2026-09-18-01,FALSE,FALSE
workstreams/NHPA-W002/T03/outputs/interactive_map_v1/assets/tiles/priority/5/8/11.png,5323,91764fa337275d51c64abef010d9f42365a9b455958e7e68a9cdb5c4666adbd6,DEC-NHPA-W002-T03-2026-09-18-01,FALSE,FALSE
workstreams/NHPA-W002/T03/outputs/interactive_map_v1/assets/tiles/priority/5/8/12.png,7207,fa53e0520d892dc2fbd15dfeca30f6e7ab304fc362918ab62a35276c8782ca80,DEC-NHPA-W002-T03-2026-09-18-01,FALSE,FALSE
workstreams/NHPA-W002/T03/outputs/interactive_map_v1/assets/tiles/priority/5/8/13.png,3168,613172095ac9782023a18b92b63818c64ef4d52c2505a3d2c4443ee3078513be,DEC-NHPA-W002-T03-2026-09-18-01,FALSE,FALSE
workstreams/NHPA-W002/T03/outputs/interactive_map_v1/assets/tiles/priority/5/9/10.png,866,9852c998cfc015e44dffde9ea20ae0eebea56064ca802ccb841646b20e1de208,DEC-NHPA-W002-T03-2026-09-18-01,FALSE,FALSE
workstreams/NHPA-W002/T03/outputs/interactive_map_v1/assets/tiles/priority/5/9/11.png,4686,9e797ea40ebb612a76f04faa8468b60427e1a9a4e7e646f01adb8c774499682f,DEC-NHPA-W002-T03-2026-09-18-01,FALSE,FALSE
workstreams/NHPA-W002/T03/outputs/interactive_map_v1/assets/tiles/priority/5/9/12.png,3745,523c0c3a6555f98b4d39037ca94addff6baed892df5815676404921335f581be,DEC-NHPA-W002-T03-2026-09-18-01,FALSE,FALSE
workstreams/NHPA-W002/T03/outputs/interactive_map_v1/assets/tiles/priority/6/10/18.png,687,fc576f28dcd030bae88bc296615b7123631710194c243fc5b3da2c11700ba1a3,DEC-NHPA-W002-T03-2026-09-18-01,FALSE,FALSE
workstreams/NHPA-W002/T03/outputs/interactive_map_v1/assets/tiles/priority/6/10/19.png,830,f3c975ab4657a77a849e945bf690776876a7f65e7cb6558e2fa94e7ce8e2dd03,DEC-NHPA-W002-T03-2026-09-18-01,FALSE,FALSE
workstreams/NHPA-W002/T03/outputs/interactive_map_v1/assets/tiles/priority/6/10/20.png,451,85b88cc3d479e5549358d333018edb954089b226690080610b809aaefddcc3a3,DEC-NHPA-W002-T03-2026-09-18-01,FALSE,FALSE
workstreams/NHPA-W002/T03/outputs/interactive_map_v1/assets/tiles/priority/6/10/21.png,1076,199b5488183d9ab1ce12b6f7a6c57b96b40e2d5475f1ee8fed62856585487b36,DEC-NHPA-W002-T03-2026-09-18-01,FALSE,FALSE
workstreams/NHPA-W002/T03/outputs/interactive_map_v1/assets/tiles/priority/6/10/22.png,4301,27785f488dbbb21b27aaf2cd83145059409eb9a4a3595b8e5bef7e4140fea5c9,DEC-NHPA-W002-T03-2026-09-18-01,FALSE,FALSE
workstreams/NHPA-W002/T03/outputs/interactive_map_v1/assets/tiles/priority/6/10/23.png,3329,7cd5fe5ae58275a3e0ddeb443a020f39cc75afd3a1647515a3e57410c234896d,DEC-NHPA-W002-T03-2026-09-18-01,FALSE,FALSE
workstreams/NHPA-W002/T03/outputs/interactive_map_v1/assets/tiles/priority/6/11/18.png,863,d4d0b89cd124f905ba29f0dbb6ee3ada50ad564faaf304debd8cbb6d899c663a,DEC-NHPA-W002-T03-2026-09-18-01,FALSE,FALSE
workstreams/NHPA-W002/T03/outputs/interactive_map_v1/assets/tiles/priority/6/11/19.png,475,f04c95835ee92345f38c2f7084afa45f5eb8c30405b3df7ec6818ff678fdab9c,DEC-NHPA-W002-T03-2026-09-18-01,FALSE,FALSE
workstreams/NHPA-W002/T03/outputs/interactive_map_v1/assets/tiles/priority/6/11/20.png,451,85b88cc3d479e5549358d333018edb954089b226690080610b809aaefddcc3a3,DEC-NHPA-W002-T03-2026-09-18-01,FALSE,FALSE
workstreams/NHPA-W002/T03/outputs/interactive_map_v1/assets/tiles/priority/6/11/21.png,640,abfa4fb3fcb29ad41aef31424e0bbde564d2b60cde577c95b1df607653ae7194,DEC-NHPA-W002-T03-2026-09-18-01,FALSE,FALSE
workstreams/NHPA-W002/T03/outputs/interactive_map_v1/assets/tiles/priority/6/11/22.png,4015,2c514bfa02923d3943e177d9e1a65dec9f7caa05e96b4930a29c1781855add71,DEC-NHPA-W002-T03-2026-09-18-01,FALSE,FALSE
workstreams/NHPA-W002/T03/outputs/interactive_map_v1/assets/tiles/priority/6/11/23.png,2768,ea5fec6fe2533d81b5d4d17709b114397d0e0599a1f12d00b04168e26112a762,DEC-NHPA-W002-T03-2026-09-18-01,FALSE,FALSE
workstreams/NHPA-W002/T03/outputs/interactive_map_v1/assets/tiles/priority/6/11/24.png,654,41e931e660f971dfce6387ab7db106cf94a97adbfd296303f6a9a9154230f9ac,DEC-NHPA-W002-T03-2026-09-18-01,FALSE,FALSE
workstreams/NHPA-W002/T03/outputs/interactive_map_v1/assets/tiles/priority/6/11/25.png,1197,705f34a32850a632b5672dcd41cdfd4e1d59720b8efe9abd3aa6fb3bad943479,DEC-NHPA-W002-T03-2026-09-18-01,FALSE,FALSE
workstreams/NHPA-W002/T03/outputs/interactive_map_v1/assets/tiles/priority/6/11/26.png,662,398c4aff233474e22c49ffc220172b66a3437fdde736799511088419761a1b53,DEC-NHPA-W002-T03-2026-09-18-01,FALSE,FALSE
workstreams/NHPA-W002/T03/outputs/interactive_map_v1/assets/tiles/priority/6/12/18.png,795,fc52c572b96106d66ce11273d7b969830bc28ea32a63368535f90f9694a797ee,DEC-NHPA-W002-T03-2026-09-18-01,FALSE,FALSE
workstreams/NHPA-W002/T03/outputs/interactive_map_v1/assets/tiles/priority/6/12/19.png,482,a037a986f4e0c9a0b01741b9b1a162cc1792aea189285a6d533f75ecb32ac8a4,DEC-NHPA-W002-T03-2026-09-18-01,FALSE,FALSE
workstreams/NHPA-W002/T03/outputs/interactive_map_v1/assets/tiles/priority/6/12/20.png,451,85b88cc3d479e5549358d333018edb954089b226690080610b809aaefddcc3a3,DEC-NHPA-W002-T03-2026-09-18-01,FALSE,FALSE
workstreams/NHPA-W002/T03/outputs/interactive_map_v1/assets/tiles/priority/6/12/21.png,563,d46094beee77a36ca178b0a117911e9e5d791f1b2ebff27fb4fa614e67915b3b,DEC-NHPA-W002-T03-2026-09-18-01,FALSE,FALSE
workstreams/NHPA-W002/T03/outputs/interactive_map_v1/assets/tiles/priority/6/12/22.png,2348,e1e2cc2fce6742ed0eb46dacc775759bb1ad5fafb8bccffcd4b3b4cc89255f7b,DEC-NHPA-W002-T03-2026-09-18-01,FALSE,FALSE
workstreams/NHPA-W002/T03/outputs/interactive_map_v1/assets/tiles/priority/6/12/23.png,3375,45cf55f803ef2fa4784c65ab5704125db397a9d889ea2837494ce6e7b8901cf5,DEC-NHPA-W002-T03-2026-09-18-01,FALSE,FALSE
workstreams/NHPA-W002/T03/outputs/interactive_map_v1/assets/tiles/priority/6/12/24.png,2056,201686676de199ed19dd0b879bcacf0b0ba7e6b5e5e857a52dcd31db2b1c16da,DEC-NHPA-W002-T03-2026-09-18-01,FALSE,FALSE
workstreams/NHPA-W002/T03/outputs/interactive_map_v1/assets/tiles/priority/6/12/25.png,3702,b00ceb719eda30b8b6a9048cea530ce548d4c1bc6a9444e739d7374f68579940,DEC-NHPA-W002-T03-2026-09-18-01,FALSE,FALSE
workstreams/NHPA-W002/T03/outputs/interactive_map_v1/assets/tiles/priority/6/12/26.png,1293,6906e4d5e1915322f1d8870f7a75835de9b7cef6a65126ed19461d69636e3327,DEC-NHPA-W002-T03-2026-09-18-01,FALSE,FALSE
workstreams/NHPA-W002/T03/outputs/interactive_map_v1/assets/tiles/priority/6/13/18.png,727,23664e58238fec8441cd9a595edd76e0302fd60b674356ebaf25ced9981a24a1,DEC-NHPA-W002-T03-2026-09-18-01,FALSE,FALSE
workstreams/NHPA-W002/T03/outputs/interactive_map_v1/assets/tiles/priority/6/13/19.png,487,cd4de523e03e74bb7688044967abc0a2bc726965b4a788a82f70af6ef50c4bb2,DEC-NHPA-W002-T03-2026-09-18-01,FALSE,FALSE
workstreams/NHPA-W002/T03/outputs/interactive_map_v1/assets/tiles/priority/6/13/20.png,451,85b88cc3d479e5549358d333018edb954089b226690080610b809aaefddcc3a3,DEC-NHPA-W002-T03-2026-09-18-01,FALSE,FALSE
workstreams/NHPA-W002/T03/outputs/interactive_map_v1/assets/tiles/priority/6/13/21.png,568,ea98bd995498060c4748d7aceb622ed0d54a066fa98687c1b741205681e4d444,DEC-NHPA-W002-T03-2026-09-18-01,FALSE,FALSE
workstreams/NHPA-W002/T03/outputs/interactive_map_v1/assets/tiles/priority/6/13/22.png,1311,e361a9a134da456403811f2277081664e47f046c4eed72be731c42e29b80c14b,DEC-NHPA-W002-T03-2026-09-18-01,FALSE,FALSE
workstreams/NHPA-W002/T03/outputs/interactive_map_v1/assets/tiles/priority/6/13/23.png,2334,e02948e930f73a294953d9ec40ad5710ea3199a83078ee9b285702eaf61df21c,DEC-NHPA-W002-T03-2026-09-18-01,FALSE,FALSE
workstreams/NHPA-W002/T03/outputs/interactive_map_v1/assets/tiles/priority/6/13/24.png,3580,5708ae91d13bd659dd62b85275d38890d76e1298e5c5af8d2a260a1af7a04e4c,DEC-NHPA-W002-T03-2026-09-18-01,FALSE,FALSE
workstreams/NHPA-W002/T03/outputs/interactive_map_v1/assets/tiles/priority/6/13/25.png,2766,331592d509d59d97b58e81df1ed7a79b889b98d081762e57b8f91db397ee92b5,DEC-NHPA-W002-T03-2026-09-18-01,FALSE,FALSE
workstreams/NHPA-W002/T03/outputs/interactive_map_v1/assets/tiles/priority/6/13/26.png,1745,976b08f02d6b97a578f5cde51ec13cc360de0e406c2f4b6003eefbde0fffc495,DEC-NHPA-W002-T03-2026-09-18-01,FALSE,FALSE
workstreams/NHPA-W002/T03/outputs/interactive_map_v1/assets/tiles/priority/6/14/19.png,618,7ed45537a247c79de93b3cfc27704fcb4540c42aa06a77416dd51c1191f43168,DEC-NHPA-W002-T03-2026-09-18-01,FALSE,FALSE
workstreams/NHPA-W002/T03/outputs/interactive_map_v1/assets/tiles/priority/6/14/20.png,451,85b88cc3d479e5549358d333018edb954089b226690080610b809aaefddcc3a3,DEC-NHPA-W002-T03-2026-09-18-01,FALSE,FALSE
workstreams/NHPA-W002/T03/outputs/interactive_map_v1/assets/tiles/priority/6/14/21.png,505,227738a222233fb3b63c27c334ca23b5daa248a0801f8e1a0ad2af96f17d7104,DEC-NHPA-W002-T03-2026-09-18-01,FALSE,FALSE
workstreams/NHPA-W002/T03/outputs/interactive_map_v1/assets/tiles/priority/6/14/22.png,1307,f32f85f1d381518cd82ebae17b6880a89246b62cdf0768d432fa5f42ac1d78c3,DEC-NHPA-W002-T03-2026-09-18-01,FALSE,FALSE
workstreams/NHPA-W002/T03/outputs/interactive_map_v1/assets/tiles/priority/6/14/23.png,1345,d7a07a898a3b2bc78e99ec0d3c265f0d36af925b14c328351b5d622098d58123,DEC-NHPA-W002-T03-2026-09-18-01,FALSE,FALSE
workstreams/NHPA-W002/T03/outputs/interactive_map_v1/assets/tiles/priority/6/14/24.png,1949,d2de2c112482f98d7526e489e87041f0547d4fa24b800d0f60ab143eec6bf867,DEC-NHPA-W002-T03-2026-09-18-01,FALSE,FALSE
workstreams/NHPA-W002/T03/outputs/interactive_map_v1/assets/tiles/priority/6/14/25.png,2775,889e61b1cb2b6bdba2333e8ffac30dd79c0092c842251c7bb3e3ec08821052f2,DEC-NHPA-W002-T03-2026-09-18-01,FALSE,FALSE
workstreams/NHPA-W002/T03/outputs/interactive_map_v1/assets/tiles/priority/6/14/26.png,3465,3bc3fa1c461a26b36b2a2a6cef02c30fdb5102160757b9c3c59b5d4b67fac19b,DEC-NHPA-W002-T03-2026-09-18-01,FALSE,FALSE
workstreams/NHPA-W002/T03/outputs/interactive_map_v1/assets/tiles/priority/6/14/27.png,1080,ddfed728abd26dde11a3b274ed7806163366f27caf55dee2aac549d00767f70b,DEC-NHPA-W002-T03-2026-09-18-01,FALSE,FALSE
workstreams/NHPA-W002/T03/outputs/interactive_map_v1/assets/tiles/priority/6/15/19.png,675,ba27de4221b3bca6fa0ba5e38076baa7ec809e96b1f20aeb2aca9b1f095f8b83,DEC-NHPA-W002-T03-2026-09-18-01,FALSE,FALSE
workstreams/NHPA-W002/T03/outputs/interactive_map_v1/assets/tiles/priority/6/15/20.png,491,137e34313d7d50fd22b9b1c28a3e6f84b908f24526b6eacb58d0da6594f6e9d6,DEC-NHPA-W002-T03-2026-09-18-01,FALSE,FALSE
workstreams/NHPA-W002/T03/outputs/interactive_map_v1/assets/tiles/priority/6/15/21.png,467,bbaaf3cdc141510d9f44f3b739c1b1bd01fa3027d6fa37655bd1ec10e9627aa3,DEC-NHPA-W002-T03-2026-09-18-01,FALSE,FALSE
workstreams/NHPA-W002/T03/outputs/interactive_map_v1/assets/tiles/priority/6/15/22.png,2810,b226fd36b6ce1281f4903a5f3fdedbdcdc671839b00fa3007314276596d13feb,DEC-NHPA-W002-T03-2026-09-18-01,FALSE,FALSE
workstreams/NHPA-W002/T03/outputs/interactive_map_v1/assets/tiles/priority/6/15/23.png,2524,5fb03af9760eb459646db9d50519dd44768eea6cfe4fe18fe4aecd3ff463c01a,DEC-NHPA-W002-T03-2026-09-18-01,FALSE,FALSE
workstreams/NHPA-W002/T03/outputs/interactive_map_v1/assets/tiles/priority/6/15/24.png,2530,9ca1315e25a87b37dd335ac224fc40b0d5af091d932c2737729268029c9c36ac,DEC-NHPA-W002-T03-2026-09-18-01,FALSE,FALSE
workstreams/NHPA-W002/T03/outputs/interactive_map_v1/assets/tiles/priority/6/15/25.png,2800,bbc8cf8482d7ef55a332e916982863bed2f92059821ccea56f8ec1574be01ad2,DEC-NHPA-W002-T03-2026-09-18-01,FALSE,FALSE
workstreams/NHPA-W002/T03/outputs/interactive_map_v1/assets/tiles/priority/6/15/26.png,2265,3b2cb14c2a0821ca8f62538b5b87fec7e635dc56adc19a0069d824e4322ca00e,DEC-NHPA-W002-T03-2026-09-18-01,FALSE,FALSE
workstreams/NHPA-W002/T03/outputs/interactive_map_v1/assets/tiles/priority/6/16/20.png,709,38493efd26fa04484160247dd5a68725019045ebb4f088d3c116b8af0a23f76f,DEC-NHPA-W002-T03-2026-09-18-01,FALSE,FALSE
workstreams/NHPA-W002/T03/outputs/interactive_map_v1/assets/tiles/priority/6/16/21.png,568,7b885840811c2479a49bdf15e2ea589edde9ca9095a4479ccbf95f30579cd148,DEC-NHPA-W002-T03-2026-09-18-01,FALSE,FALSE
workstreams/NHPA-W002/T03/outputs/interactive_map_v1/assets/tiles/priority/6/16/22.png,2923,cd2f564f8b05644190c55709c70e3c4af5888729dea5a634bfc99b2c8f732c55,DEC-NHPA-W002-T03-2026-09-18-01,FALSE,FALSE
workstreams/NHPA-W002/T03/outputs/interactive_map_v1/assets/tiles/priority/6/16/23.png,4456,b2ac28fed747a18d9ba555067e15932ccf2f53c3ae2038cbe389d2441487fbab,DEC-NHPA-W002-T03-2026-09-18-01,FALSE,FALSE
workstreams/NHPA-W002/T03/outputs/interactive_map_v1/assets/tiles/priority/6/16/24.png,3797,f8cb1b7d32c1d5627a7d695d85139117a16005cd86db8c0050df1a2a2d57b219,DEC-NHPA-W002-T03-2026-09-18-01,FALSE,FALSE
workstreams/NHPA-W002/T03/outputs/interactive_map_v1/assets/tiles/priority/6/16/25.png,4297,e3fdbd5d5c6f2bdd8d6c7d6d6886033ddb4b391bdb4a43279738f5aec65d9baa,DEC-NHPA-W002-T03-2026-09-18-01,FALSE,FALSE
workstreams/NHPA-W002/T03/outputs/interactive_map_v1/assets/tiles/priority/6/16/26.png,2373,d059802b77334154bdb35cf9c32ae3c0a28603a2f5de0b9051dfd185aedc22e0,DEC-NHPA-W002-T03-2026-09-18-01,FALSE,FALSE
workstreams/NHPA-W002/T03/outputs/interactive_map_v1/assets/tiles/priority/6/17/21.png,764,ede1ec61eb1a27c01c918fa365ffc2cf5bdc50c02b22b8e1cea183975038520a,DEC-NHPA-W002-T03-2026-09-18-01,FALSE,FALSE
workstreams/NHPA-W002/T03/outputs/interactive_map_v1/assets/tiles/priority/6/17/22.png,1122,e449a250271daffa3b34c9c7be973df00b87f98a5e1141b9f3d45b394ee9029c,DEC-NHPA-W002-T03-2026-09-18-01,FALSE,FALSE
workstreams/NHPA-W002/T03/outputs/interactive_map_v1/assets/tiles/priority/6/17/23.png,3700,e60d301eee9674119f46d1554e8d9333c33262205390667c0eed4584d65ac5f1,DEC-NHPA-W002-T03-2026-09-18-01,FALSE,FALSE
workstreams/NHPA-W002/T03/outputs/interactive_map_v1/assets/tiles/priority/6/17/24.png,5302,967b118f70e9a6e334c8058c36d185257614eb1bf1044cc9cd2b28d097df22b4,DEC-NHPA-W002-T03-2026-09-18-01,FALSE,FALSE
workstreams/NHPA-W002/T03/outputs/interactive_map_v1/assets/tiles/priority/6/17/25.png,5360,8afcd292ec36925622eb19fdf6954243c0e3290a91692a69ef37921488451e54,DEC-NHPA-W002-T03-2026-09-18-01,FALSE,FALSE
workstreams/NHPA-W002/T03/outputs/interactive_map_v1/assets/tiles/priority/6/17/26.png,3551,0b7b70b608d05c4afaaa41cc67f4ca4b7a3737f8417aa64a01f76402480eac83,DEC-NHPA-W002-T03-2026-09-18-01,FALSE,FALSE
workstreams/NHPA-W002/T03/outputs/interactive_map_v1/assets/tiles/priority/6/17/27.png,1794,9d34e597a66797efebc5512ef603697dd4264408a5aa58cdd8c2b08f025603c0,DEC-NHPA-W002-T03-2026-09-18-01,FALSE,FALSE
workstreams/NHPA-W002/T03/outputs/interactive_map_v1/assets/tiles/priority/6/18/20.png,769,8d49f83f873d596ff2903830bdcecc0a6d696c58e7c806b143defca2773db407,DEC-NHPA-W002-T03-2026-09-18-01,FALSE,FALSE
workstreams/NHPA-W002/T03/outputs/interactive_map_v1/assets/tiles/priority/6/18/21.png,639,9771859b380502d6b0d0f57d1f4ac8984cb9ae61b92b1d0eb7471d6de5c9b7cd,DEC-NHPA-W002-T03-2026-09-18-01,FALSE,FALSE
workstreams/NHPA-W002/T03/outputs/interactive_map_v1/assets/tiles/priority/6/18/22.png,451,85b88cc3d479e5549358d333018edb954089b226690080610b809aaefddcc3a3,DEC-NHPA-W002-T03-2026-09-18-01,FALSE,FALSE
workstreams/NHPA-W002/T03/outputs/interactive_map_v1/assets/tiles/priority/6/18/23.png,5008,9492de3990386c96691eedba44b9b7f68bc7f84fd592f45c1b13223f0b039380,DEC-NHPA-W002-T03-2026-09-18-01,FALSE,FALSE
workstreams/NHPA-W002/T03/outputs/interactive_map_v1/assets/tiles/priority/6/18/24.png,5594,4af2c6c1fbe13baad8435760e869278182339979cdb74805dc4c35098fad4c8d,DEC-NHPA-W002-T03-2026-09-18-01,FALSE,FALSE
workstreams/NHPA-W002/T03/outputs/interactive_map_v1/assets/tiles/priority/6/18/25.png,2466,e55d529528c9ccd25b66acfc850d8b9ba761a868e6dce6f05110b2bae593ff2d,DEC-NHPA-W002-T03-2026-09-18-01,FALSE,FALSE
workstreams/NHPA-W002/T03/outputs/interactive_map_v1/assets/tiles/priority/6/19/20.png,831,1cb6815ee98dbc1416437b9c76bdc647498a50972199c0987cf4305c7e546830,DEC-NHPA-W002-T03-2026-09-18-01,FALSE,FALSE
workstreams/NHPA-W002/T03/outputs/interactive_map_v1/assets/tiles/priority/6/19/21.png,522,3d78ba89687a8ed32f83c72564835b836f7afc72ab975fc4ee2b7a4254949ccc,DEC-NHPA-W002-T03-2026-09-18-01,FALSE,FALSE
workstreams/NHPA-W002/T03/outputs/interactive_map_v1/assets/tiles/priority/6/19/22.png,1876,9f579aef957d9482759e030158fe5360a9ef319174a1ae88fa10f38f0986169b,DEC-NHPA-W002-T03-2026-09-18-01,FALSE,FALSE
workstreams/NHPA-W002/T03/outputs/interactive_map_v1/assets/tiles/priority/6/19/23.png,5168,676781c5d4a5a02917a35f7ba80c331a64404479b9bfe782a0027b27de925da8,DEC-NHPA-W002-T03-2026-09-18-01,FALSE,FALSE
workstreams/NHPA-W002/T03/outputs/interactive_map_v1/assets/tiles/priority/6/19/24.png,769,3789f0c05c10ca8817cb9b0e5766179b43526b8ca3b4a6408005a73bac50c6a1,DEC-NHPA-W002-T03-2026-09-18-01,FALSE,FALSE
workstreams/NHPA-W002/T03/outputs/interactive_map_v1/assets/tiles/priority/6/20/20.png,831,24a0135d4c0c7d8db33dc87930f16edec7a4e5e430b2fce96eda52ad816e11cb,DEC-NHPA-W002-T03-2026-09-18-01,FALSE,FALSE
workstreams/NHPA-W002/T03/outputs/interactive_map_v1/assets/tiles/priority/6/20/21.png,1385,0fa9be1bf86b3bfdcb957bd3c6057c7a22c82ca4aa1ca46b4b4673ad8fc667d1,DEC-NHPA-W002-T03-2026-09-18-01,FALSE,FALSE
workstreams/NHPA-W002/T03/outputs/interactive_map_v1/assets/tiles/priority/6/20/22.png,1435,3461288487b6b87cfcf9e102ae7779cf2bd6ba9568b050be42161998f08891ac,DEC-NHPA-W002-T03-2026-09-18-01,FALSE,FALSE
workstreams/NHPA-W002/T03/outputs/interactive_map_v1/assets/tiles/priority/6/20/23.png,1242,dc039443fc1d343b179998871adef289c53ae836d73039b7b6b5bbdad1b8bc36,DEC-NHPA-W002-T03-2026-09-18-01,FALSE,FALSE
workstreams/NHPA-W002/T03/outputs/interactive_map_v1/assets/tiles/priority/6/21/21.png,1047,e49e7a9d98b76934fd0206d22707326ac090348193c39df54a3052748f4e3d5c,DEC-NHPA-W002-T03-2026-09-18-01,FALSE,FALSE
workstreams/NHPA-W002/T03/outputs/interactive_map_v1/assets/tiles/priority/6/21/22.png,1182,583941b12feda8b1bcf30886b7e947af2c53aac312b393ff1d62980e01ff0a60,DEC-NHPA-W002-T03-2026-09-18-01,FALSE,FALSE
workstreams/NHPA-W002/T03/outputs/interactive_map_v1/assets/tiles/priority/6/21/23.png,677,308f9dd7a00110f20285553e827ef3aa1d6e2e09784a96ed97d4d074d1ae2c51,DEC-NHPA-W002-T03-2026-09-18-01,FALSE,FALSE
workstreams/NHPA-W002/T03/outputs/interactive_map_v1/assets/tiles/priority/6/7/18.png,1105,3ab4d4aef262b44ad8ec3afa47aa9cdae3e05417651b602b4685faa1c0673058,DEC-NHPA-W002-T03-2026-09-18-01,FALSE,FALSE
workstreams/NHPA-W002/T03/outputs/interactive_map_v1/assets/tiles/priority/6/8/18.png,746,125829996ffcbdbfbf20c5d26b33587196123eff4018c2e0b377736144d1e64a,DEC-NHPA-W002-T03-2026-09-18-01,FALSE,FALSE
workstreams/NHPA-W002/T03/outputs/interactive_map_v1/assets/tiles/priority/6/8/19.png,913,9fa0a0f1b64cadcd1ef7a5f610496c5153d485bf068576ce4e3b1a4d5461a8be,DEC-NHPA-W002-T03-2026-09-18-01,FALSE,FALSE
workstreams/NHPA-W002/T03/outputs/interactive_map_v1/assets/tiles/priority/6/8/20.png,629,e090aa29ef1d11886885d78e975dc4425f51ab43cd2cb2d9590b0f978a8f4d68,DEC-NHPA-W002-T03-2026-09-18-01,FALSE,FALSE
workstreams/NHPA-W002/T03/outputs/interactive_map_v1/assets/tiles/priority/6/9/18.png,645,ff7240137cf44ad091c7307d6e67fbb419c973f9cc8c2248f7de1e58f54caa07,DEC-NHPA-W002-T03-2026-09-18-01,FALSE,FALSE
workstreams/NHPA-W002/T03/outputs/interactive_map_v1/assets/tiles/priority/6/9/19.png,451,85b88cc3d479e5549358d333018edb954089b226690080610b809aaefddcc3a3,DEC-NHPA-W002-T03-2026-09-18-01,FALSE,FALSE
workstreams/NHPA-W002/T03/outputs/interactive_map_v1/assets/tiles/priority/6/9/20.png,813,f98c562c41f1660abf2e075e2e2a9eb0136140c5de181fa97d94318a8834549c,DEC-NHPA-W002-T03-2026-09-18-01,FALSE,FALSE
workstreams/NHPA-W002/T03/outputs/interactive_map_v1/assets/tiles/priority/6/9/21.png,854,e98618c2059bb9f288516dea1d647be4e5bd938e769336a94b55c2c0ac02b0ce,DEC-NHPA-W002-T03-2026-09-18-01,FALSE,FALSE
workstreams/NHPA-W002/T03/outputs/interactive_map_v1/assets/tiles/priority/6/9/22.png,959,16edf1422929e35e443fefd5b1b657056bb3b5871513daaf4d98cf2ff8cfdb60,DEC-NHPA-W002-T03-2026-09-18-01,FALSE,FALSE
workstreams/NHPA-W002/T03/outputs/interactive_map_v1/assets/tiles/priority/6/9/23.png,1216,a72e4e3d4cf4a5e059847381ec8261637a5c442995e5091f6a9e77be0e2ab5e1,DEC-NHPA-W002-T03-2026-09-18-01,FALSE,FALSE
workstreams/NHPA-W002/T03/outputs/interactive_map_v1/assets/tiles/reporting/3/1/2.png,741,3eca163fdd56ef03849521c7bf20c12b843b3c36cd883b4a1f5e0efea1589f03,DEC-NHPA-W002-T03-2026-09-18-01,FALSE,FALSE
workstreams/NHPA-W002/T03/outputs/interactive_map_v1/assets/tiles/reporting/3/2/2.png,963,e0fa458930a218db0c8d46b5096ab2325cf20439b5d84703c12a14966ad081bf,DEC-NHPA-W002-T03-2026-09-18-01,FALSE,FALSE
workstreams/NHPA-W002/T03/outputs/interactive_map_v1/assets/tiles/reporting/3/2/3.png,647,de23955333e7df4f08e382935017fd62450ba1290d4d77e050ae9a20ee6f2b4c,DEC-NHPA-W002-T03-2026-09-18-01,FALSE,FALSE
workstreams/NHPA-W002/T03/outputs/interactive_map_v1/assets/tiles/reporting/4/3/5.png,874,1e38991ed1d543c184ce3c3d3bc4e728cfa12f0670df6304ee97989ba1f073dd,DEC-NHPA-W002-T03-2026-09-18-01,FALSE,FALSE
workstreams/NHPA-W002/T03/outputs/interactive_map_v1/assets/tiles/reporting/4/4/5.png,1297,425c76018be38ab56c84757499ba92cfc32efe4be3c2f69aee9e2e2ef9a9c033,DEC-NHPA-W002-T03-2026-09-18-01,FALSE,FALSE
workstreams/NHPA-W002/T03/outputs/interactive_map_v1/assets/tiles/reporting/4/4/6.png,686,09e027af65ec949b97af53daead40211b7d7a78ca8f5f3d000c1507a00d45aba,DEC-NHPA-W002-T03-2026-09-18-01,FALSE,FALSE
workstreams/NHPA-W002/T03/outputs/interactive_map_v1/assets/tiles/reporting/4/5/5.png,631,419d68b68ce1d10745452f3f68beb497ccc61c8a3d57f30a90fba8110ed401fa,DEC-NHPA-W002-T03-2026-09-18-01,FALSE,FALSE
workstreams/NHPA-W002/T03/outputs/interactive_map_v1/assets/tiles/reporting/5/10/11.png,653,eafd10307270e0d1271efc20420b4d370ca2bc5ed6c28e22fe86f57a7a2a62d7,DEC-NHPA-W002-T03-2026-09-18-01,FALSE,FALSE
workstreams/NHPA-W002/T03/outputs/interactive_map_v1/assets/tiles/reporting/5/7/10.png,630,8e83d94df553edbfbdb544b688094cc94761e0f02e947f2a8e905611fd01940d,DEC-NHPA-W002-T03-2026-09-18-01,FALSE,FALSE
workstreams/NHPA-W002/T03/outputs/interactive_map_v1/assets/tiles/reporting/5/7/11.png,1047,0209de105d3e1bac7922f34d589edfb1430c5e3d57ef393b8d6c5ef762fa75d1,DEC-NHPA-W002-T03-2026-09-18-01,FALSE,FALSE
workstreams/NHPA-W002/T03/outputs/interactive_map_v1/assets/tiles/reporting/5/8/11.png,1434,f51c77220b20870e575d49d966f94dae6d4951f90577c7ce66fdb20dd86cf631,DEC-NHPA-W002-T03-2026-09-18-01,FALSE,FALSE
workstreams/NHPA-W002/T03/outputs/interactive_map_v1/assets/tiles/reporting/5/9/11.png,1179,cb8ec8ff672b7f8ec943aa01750584486d52fa15e2933788cb9ba71d84d23ed7,DEC-NHPA-W002-T03-2026-09-18-01,FALSE,FALSE
workstreams/NHPA-W002/T03/outputs/interactive_map_v1/assets/tiles/reporting/5/9/12.png,751,7383c200aa19417db751d0f85ee535aeb3f801ae739967e0773cbccce329a054,DEC-NHPA-W002-T03-2026-09-18-01,FALSE,FALSE
workstreams/NHPA-W002/T03/outputs/interactive_map_v1/assets/tiles/reporting/6/14/22.png,637,ab17d2394b5811c85b58cf8904bda8e4793fbe99392bd673936c28afbdcb0ebd,DEC-NHPA-W002-T03-2026-09-18-01,FALSE,FALSE
workstreams/NHPA-W002/T03/outputs/interactive_map_v1/assets/tiles/reporting/6/15/21.png,617,278cc088be7067481e72b1c3bbaf911c0f3359a9f6986906f17efd05df22d50a,DEC-NHPA-W002-T03-2026-09-18-01,FALSE,FALSE
workstreams/NHPA-W002/T03/outputs/interactive_map_v1/assets/tiles/reporting/6/15/22.png,885,b9270761a15df3c8bd9c93610cdb7d65cff393a2797d4602dd35591aca6b6f50,DEC-NHPA-W002-T03-2026-09-18-01,FALSE,FALSE
workstreams/NHPA-W002/T03/outputs/interactive_map_v1/assets/tiles/reporting/6/15/23.png,806,22d383c22e202ba18be0f529fcaeb0b3dfab80dedebc963b39febdfc9518b860,DEC-NHPA-W002-T03-2026-09-18-01,FALSE,FALSE
workstreams/NHPA-W002/T03/outputs/interactive_map_v1/assets/tiles/reporting/6/16/22.png,1302,c5f3bbdea584d94103e51a5634a73435ac3d6fb37f89bd42117f43b99b8acb86,DEC-NHPA-W002-T03-2026-09-18-01,FALSE,FALSE
workstreams/NHPA-W002/T03/outputs/interactive_map_v1/assets/tiles/reporting/6/16/23.png,1008,8ce62167e7742fab434962cab82673da3b518cb732a24875975ca1a6cdc22cea,DEC-NHPA-W002-T03-2026-09-18-01,FALSE,FALSE
workstreams/NHPA-W002/T03/outputs/interactive_map_v1/assets/tiles/reporting/6/17/22.png,768,57557e9be3c389f5ed5de76af85067c90ed464bd172292f0075bec68473ef47f,DEC-NHPA-W002-T03-2026-09-18-01,FALSE,FALSE
workstreams/NHPA-W002/T03/outputs/interactive_map_v1/assets/tiles/reporting/6/17/23.png,853,64de1059532ac30712950ca581dbd9f5a9937c6d3b7fd4b377075842993b435b,DEC-NHPA-W002-T03-2026-09-18-01,FALSE,FALSE
workstreams/NHPA-W002/T03/outputs/interactive_map_v1/assets/tiles/reporting/6/18/23.png,946,5208c5e23c68a1b7c89ea7a4610d6a7ffecb73aa82b7fd4a20f9e996407547f2,DEC-NHPA-W002-T03-2026-09-18-01,FALSE,FALSE
workstreams/NHPA-W002/T03/outputs/interactive_map_v1/assets/tiles/reporting/6/18/24.png,878,57ea24e03787483881e6efae8f4cfc7fb0074301d9d97f044ec2c122bfe27b58,DEC-NHPA-W002-T03-2026-09-18-01,FALSE,FALSE
workstreams/NHPA-W002/T03/outputs/interactive_map_v1/assets/tiles/reporting/6/19/22.png,966,c62aee7b7c54bd48692fd7ab8de43ca03c2ab6fddd2dd35b1910c6b388330727,DEC-NHPA-W002-T03-2026-09-18-01,FALSE,FALSE
workstreams/NHPA-W002/T03/outputs/interactive_map_v1/assets/tiles/reporting/6/19/23.png,1001,e31da7bb4473f88720eab4b7505333be90f6cc1b3c5a4cf21767fea75abc42d6,DEC-NHPA-W002-T03-2026-09-18-01,FALSE,FALSE
workstreams/NHPA-W002/T03/outputs/interactive_map_v1/assets/tiles/reporting/6/19/24.png,658,f43ec91a3490dab38d3674331d290ab4b193b9d02b89750812ec5e75294a361c,DEC-NHPA-W002-T03-2026-09-18-01,FALSE,FALSE
workstreams/NHPA-W002/T03/outputs/interactive_map_v1/assets/tiles/reporting/6/20/22.png,657,a3ad4550c41c5b964e85a073912ae962db1f8f384a847d2c27f3f243393172f7,DEC-NHPA-W002-T03-2026-09-18-01,FALSE,FALSE
workstreams/NHPA-W002/T03/outputs/interactive_map_v1/assets/tiles/reporting/6/20/23.png,657,5e26e30160afe76265d20d39747c3b943719217c921ed97ba56f0a8cc7e3d2ab,DEC-NHPA-W002-T03-2026-09-18-01,FALSE,FALSE
workstreams/NHPA-W002/T03/outputs/interactive_map_v1/assets/tiles/source/3/0/2.png,698,c8892455222cfb8db6a0393a921e7c81b928bcb3d5f6ab8995b92c1a00e10209,DEC-NHPA-W002-T03-2026-09-18-01,FALSE,FALSE
workstreams/NHPA-W002/T03/outputs/interactive_map_v1/assets/tiles/source/3/1/2.png,2992,41e86f83a88da869132f46fdf24a6d014f702bf34594c5c5f936475d7a791200,DEC-NHPA-W002-T03-2026-09-18-01,FALSE,FALSE
workstreams/NHPA-W002/T03/outputs/interactive_map_v1/assets/tiles/source/3/1/3.png,2108,206c37d348c899ddc36b18bb8d18e0f4126cfb40770ea56869b78db737d40734,DEC-NHPA-W002-T03-2026-09-18-01,FALSE,FALSE
workstreams/NHPA-W002/T03/outputs/interactive_map_v1/assets/tiles/source/3/2/2.png,2543,b651c1b04630875a329a5ada0cc5af445e19762064f7dd8a2f56f23c8ef58e0a,DEC-NHPA-W002-T03-2026-09-18-01,FALSE,FALSE
workstreams/NHPA-W002/T03/outputs/interactive_map_v1/assets/tiles/source/3/2/3.png,2169,cfd77a61072479216ae8782810d45a54d1b47daf8bc90c215b9b616a718072e3,DEC-NHPA-W002-T03-2026-09-18-01,FALSE,FALSE
workstreams/NHPA-W002/T03/outputs/interactive_map_v1/assets/tiles/source/4/1/4.png,780,3192e063c5b2a70e20049e6b1b61de0018f5476edebee038a3d9aa0b0bcc64ed,DEC-NHPA-W002-T03-2026-09-18-01,FALSE,FALSE
workstreams/NHPA-W002/T03/outputs/interactive_map_v1/assets/tiles/source/4/2/4.png,1313,3bf317531ae495e91692b12b2c00c4cd4ead5cf8c03817c2404e1f78db626399,DEC-NHPA-W002-T03-2026-09-18-01,FALSE,FALSE
workstreams/NHPA-W002/T03/outputs/interactive_map_v1/assets/tiles/source/4/2/5.png,3981,d00045ae097c94af1211181c1fd44fc0a28cd7f879eaceafc3fc02c6d8dceda8,DEC-NHPA-W002-T03-2026-09-18-01,FALSE,FALSE
workstreams/NHPA-W002/T03/outputs/interactive_map_v1/assets/tiles/source/4/2/6.png,693,08bfcb04fc16e07403348b84e7021485266dcfd0d67c39a3dbff5a366da8bff2,DEC-NHPA-W002-T03-2026-09-18-01,FALSE,FALSE
workstreams/NHPA-W002/T03/outputs/interactive_map_v1/assets/tiles/source/4/3/4.png,942,598ec1ddb75923761ab46ef1b632b06e7ddeb008c6f3ead234db776624544d52,DEC-NHPA-W002-T03-2026-09-18-01,FALSE,FALSE
workstreams/NHPA-W002/T03/outputs/interactive_map_v1/assets/tiles/source/4/3/5.png,3756,612b7a90478118309eae68a7e520620a46af0a2dabe8cc4f3ca34baa05569dbc,DEC-NHPA-W002-T03-2026-09-18-01,FALSE,FALSE
workstreams/NHPA-W002/T03/outputs/interactive_map_v1/assets/tiles/source/4/3/6.png,4563,4cce8650bb285c8d34f17001a0db6a02f50ce423dc2c66ed28dffe6b3da0cb99,DEC-NHPA-W002-T03-2026-09-18-01,FALSE,FALSE
workstreams/NHPA-W002/T03/outputs/interactive_map_v1/assets/tiles/source/4/4/5.png,5165,b495c2b2e77b218522ae108fee177279d0ae2251646352cc04f454290e18e69a,DEC-NHPA-W002-T03-2026-09-18-01,FALSE,FALSE
workstreams/NHPA-W002/T03/outputs/interactive_map_v1/assets/tiles/source/4/4/6.png,4798,62da5cedca60d93bf0515f572fbf661615e2a1c29a7657a7c65d1025a02b55bd,DEC-NHPA-W002-T03-2026-09-18-01,FALSE,FALSE
workstreams/NHPA-W002/T03/outputs/interactive_map_v1/assets/tiles/source/4/5/5.png,1773,bdc9f728f849b235937545c7cba03f8ff1e829c770b89540ded605ae2002e581,DEC-NHPA-W002-T03-2026-09-18-01,FALSE,FALSE
workstreams/NHPA-W002/T03/outputs/interactive_map_v1/assets/tiles/source/5/10/10.png,1392,c1130c8cd40764750482714c9deb1cf051e8ef37c21e9a48430133da2c38667b,DEC-NHPA-W002-T03-2026-09-18-01,FALSE,FALSE
workstreams/NHPA-W002/T03/outputs/interactive_map_v1/assets/tiles/source/5/10/11.png,2816,470af653c26c89a1b37d332e9692adf7ed3a52405b9ec7142ffdcab9ba62b280,DEC-NHPA-W002-T03-2026-09-18-01,FALSE,FALSE
workstreams/NHPA-W002/T03/outputs/interactive_map_v1/assets/tiles/source/5/3/9.png,1030,209a434d26942503870cbabd768772b53e0c19fd13bbe372fd1345af26544fc7,DEC-NHPA-W002-T03-2026-09-18-01,FALSE,FALSE
workstreams/NHPA-W002/T03/outputs/interactive_map_v1/assets/tiles/source/5/4/10.png,1458,83bdbe513baee6cc4275ae0a842adb3b862908c4f18bd35c628af277a2bbefbd,DEC-NHPA-W002-T03-2026-09-18-01,FALSE,FALSE
workstreams/NHPA-W002/T03/outputs/interactive_map_v1/assets/tiles/source/5/4/11.png,946,379d35210080a63e4af80bfd1f434736157588f1d4ef3e6ba6246c6193963b00,DEC-NHPA-W002-T03-2026-09-18-01,FALSE,FALSE
workstreams/NHPA-W002/T03/outputs/interactive_map_v1/assets/tiles/source/5/4/9.png,1531,9264ace4d45de43aa72f2651b6a0d89d3190720fd422a5eea244b725d0f79b34,DEC-NHPA-W002-T03-2026-09-18-01,FALSE,FALSE
workstreams/NHPA-W002/T03/outputs/interactive_map_v1/assets/tiles/source/5/5/10.png,4099,a41d3b32dd75674c29f9ec701625ada65bf50e63e8a35171d2b2f88d52f6758b,DEC-NHPA-W002-T03-2026-09-18-01,FALSE,FALSE
workstreams/NHPA-W002/T03/outputs/interactive_map_v1/assets/tiles/source/5/5/11.png,5530,a10faa6e47847eb0f3e764751b55b40820de77fa958957edd57317301004b728,DEC-NHPA-W002-T03-2026-09-18-01,FALSE,FALSE
workstreams/NHPA-W002/T03/outputs/interactive_map_v1/assets/tiles/source/5/5/12.png,879,d215917adeae79402799e82803105d029ba846ab1af2b73509475999f9f50298,DEC-NHPA-W002-T03-2026-09-18-01,FALSE,FALSE
workstreams/NHPA-W002/T03/outputs/interactive_map_v1/assets/tiles/source/5/5/13.png,644,1e7bcc3e604891274dd03a6f92d8fabe798273dbe0b44f16d401614141dc8807,DEC-NHPA-W002-T03-2026-09-18-01,FALSE,FALSE
workstreams/NHPA-W002/T03/outputs/interactive_map_v1/assets/tiles/source/5/5/9.png,1186,16a4504b81292f06beaef3a5fdd7e1b779099bccf573ba6a52656e0d6b23861c,DEC-NHPA-W002-T03-2026-09-18-01,FALSE,FALSE
workstreams/NHPA-W002/T03/outputs/interactive_map_v1/assets/tiles/source/5/6/10.png,2193,5d4f99a704f4f98d0aa2dcd0b0c62a8528268961b8d63c2d964eccc1e30a79b9,DEC-NHPA-W002-T03-2026-09-18-01,FALSE,FALSE
workstreams/NHPA-W002/T03/outputs/interactive_map_v1/assets/tiles/source/5/6/11.png,3857,10d75d32fd886ea62c446e44dcb30ba1c7cad8c001f7f5745fe84073903c219a,DEC-NHPA-W002-T03-2026-09-18-01,FALSE,FALSE
workstreams/NHPA-W002/T03/outputs/interactive_map_v1/assets/tiles/source/5/6/12.png,4809,cdbd0dee62a36cc8bf32eafd85a480fc0261d53a64a144714d89212376f3035d,DEC-NHPA-W002-T03-2026-09-18-01,FALSE,FALSE
workstreams/NHPA-W002/T03/outputs/interactive_map_v1/assets/tiles/source/5/6/13.png,1573,bd580b2c37289ecb69ff33f7ac0dce275ca29e76d9c90f688e14536d0d0d06d1,DEC-NHPA-W002-T03-2026-09-18-01,FALSE,FALSE
workstreams/NHPA-W002/T03/outputs/interactive_map_v1/assets/tiles/source/5/6/9.png,911,22d41511ec613946c6c5879176d764ead368de16ceb5a2b6bf95f339c31b20ea,DEC-NHPA-W002-T03-2026-09-18-01,FALSE,FALSE
workstreams/NHPA-W002/T03/outputs/interactive_map_v1/assets/tiles/source/5/7/10.png,1469,abad5c0c810cf1cc440ef86e691c84d22b2245d7116809331cca2fa27ea634ef,DEC-NHPA-W002-T03-2026-09-18-01,FALSE,FALSE
workstreams/NHPA-W002/T03/outputs/interactive_map_v1/assets/tiles/source/5/7/11.png,3876,447478c84bfd286a4f1de5a4e1bb35d9295ce143ac038e1ea075f307567cbe60,DEC-NHPA-W002-T03-2026-09-18-01,FALSE,FALSE
workstreams/NHPA-W002/T03/outputs/interactive_map_v1/assets/tiles/source/5/7/12.png,4797,3c74f9262052474df409deb92808f8f99b35339f657c57e1415e47f843a45fca,DEC-NHPA-W002-T03-2026-09-18-01,FALSE,FALSE
workstreams/NHPA-W002/T03/outputs/interactive_map_v1/assets/tiles/source/5/7/13.png,3498,353ef8a4294e9583731e6b41a36f890494258afd862398c62a8c29efe06655d0,DEC-NHPA-W002-T03-2026-09-18-01,FALSE,FALSE
workstreams/NHPA-W002/T03/outputs/interactive_map_v1/assets/tiles/source/5/7/9.png,784,60b0410251feb463f569f308050cb1deb7f0ee849eef2fb2bbf9774351dbe46a,DEC-NHPA-W002-T03-2026-09-18-01,FALSE,FALSE
workstreams/NHPA-W002/T03/outputs/interactive_map_v1/assets/tiles/source/5/8/10.png,1216,d7f685b2fb129d278ec949f8fc458db1cc842fe7110060f97d8e0110024bb44c,DEC-NHPA-W002-T03-2026-09-18-01,FALSE,FALSE
workstreams/NHPA-W002/T03/outputs/interactive_map_v1/assets/tiles/source/5/8/11.png,6706,a17eed2b14ff7f988bf88b195dce0a8c5fa29f211c06dd9d232a6201473025b9,DEC-NHPA-W002-T03-2026-09-18-01,FALSE,FALSE
workstreams/NHPA-W002/T03/outputs/interactive_map_v1/assets/tiles/source/5/8/12.png,7473,47e2e6da8fde88f5f5f458648d5c0943ee4895f4b1f3a820fd0b5460c9c518c6,DEC-NHPA-W002-T03-2026-09-18-01,FALSE,FALSE
workstreams/NHPA-W002/T03/outputs/interactive_map_v1/assets/tiles/source/5/8/13.png,3228,9b7db4acd7f2dcb72e1be7ac8d97760e80289423234b9dfd2b1fb0785919f1d9,DEC-NHPA-W002-T03-2026-09-18-01,FALSE,FALSE
workstreams/NHPA-W002/T03/outputs/interactive_map_v1/assets/tiles/source/5/9/10.png,1078,2114f427d3df4ef86e6147a5c04ea8e1886a1a8b8adf0d0e67bee54367a699b3,DEC-NHPA-W002-T03-2026-09-18-01,FALSE,FALSE
workstreams/NHPA-W002/T03/outputs/interactive_map_v1/assets/tiles/source/5/9/11.png,6447,69fd49067a13af9ada928d596bd73f6d54023b1e7cc7d30f9108fc092c293207,DEC-NHPA-W002-T03-2026-09-18-01,FALSE,FALSE
workstreams/NHPA-W002/T03/outputs/interactive_map_v1/assets/tiles/source/5/9/12.png,3813,14ed4ff3a6c857cd7dfb5ebe8100a7c5fdb61364098358ea6124ec112175ebb3,DEC-NHPA-W002-T03-2026-09-18-01,FALSE,FALSE
workstreams/NHPA-W002/T03/outputs/interactive_map_v1/assets/tiles/source/6/10/18.png,714,951614270c9f238dd9724a9161f8c339a029c82cf047e4865f6498a307f83f6e,DEC-NHPA-W002-T03-2026-09-18-01,FALSE,FALSE
workstreams/NHPA-W002/T03/outputs/interactive_map_v1/assets/tiles/source/6/10/19.png,1300,cee855b65214d317343d8a75c6d5d441267e7aaab40a3e502a5d3d1baa723143,DEC-NHPA-W002-T03-2026-09-18-01,FALSE,FALSE
workstreams/NHPA-W002/T03/outputs/interactive_map_v1/assets/tiles/source/6/10/20.png,1636,b60c92313430094084a7a0c8fc48c7aabb832b08193179b5c2129013f597a5a2,DEC-NHPA-W002-T03-2026-09-18-01,FALSE,FALSE
workstreams/NHPA-W002/T03/outputs/interactive_map_v1/assets/tiles/source/6/10/21.png,3075,e4d73c998007cedb7540fdd6aaf27260dfc999131aa346c2a5b004a57b565b16,DEC-NHPA-W002-T03-2026-09-18-01,FALSE,FALSE
workstreams/NHPA-W002/T03/outputs/interactive_map_v1/assets/tiles/source/6/10/22.png,4362,827f098361da43086ce6a21b0514e7e3f2c753840bb43a82de76e1bbc515df85,DEC-NHPA-W002-T03-2026-09-18-01,FALSE,FALSE
workstreams/NHPA-W002/T03/outputs/interactive_map_v1/assets/tiles/source/6/10/23.png,3299,2e3484f9a3ac89fa1415f079e154111d2334fbb79b6f3c379efff2f042043c90,DEC-NHPA-W002-T03-2026-09-18-01,FALSE,FALSE
workstreams/NHPA-W002/T03/outputs/interactive_map_v1/assets/tiles/source/6/11/18.png,863,8f1c539f679918e2b5b1aa6b3eb1fa1df114ebca6f42136b43f65f3a212b517d,DEC-NHPA-W002-T03-2026-09-18-01,FALSE,FALSE
workstreams/NHPA-W002/T03/outputs/interactive_map_v1/assets/tiles/source/6/11/19.png,559,673052a801afbb67d86eedbe9b1299e3b4a13d12fe865b0110a65a33af41fe94,DEC-NHPA-W002-T03-2026-09-18-01,FALSE,FALSE
workstreams/NHPA-W002/T03/outputs/interactive_map_v1/assets/tiles/source/6/11/20.png,2152,d5930d6274f1a02f6057b092ee7a5e98228703e49819e525be0b755f6addfb92,DEC-NHPA-W002-T03-2026-09-18-01,FALSE,FALSE
workstreams/NHPA-W002/T03/outputs/interactive_map_v1/assets/tiles/source/6/11/21.png,4060,aad1875be602e149ada4d29072541a9b675fe8902bc7afa74c9ef7d9cceb6d3f,DEC-NHPA-W002-T03-2026-09-18-01,FALSE,FALSE
workstreams/NHPA-W002/T03/outputs/interactive_map_v1/assets/tiles/source/6/11/22.png,4087,9a17de25de96602bd09b975a0c0da149ffddbac79e2dbb050919c72750964454,DEC-NHPA-W002-T03-2026-09-18-01,FALSE,FALSE
workstreams/NHPA-W002/T03/outputs/interactive_map_v1/assets/tiles/source/6/11/23.png,2783,a532433c4a19f68c2e703979e95246009a1401623620066fa18279f2846c9db0,DEC-NHPA-W002-T03-2026-09-18-01,FALSE,FALSE
workstreams/NHPA-W002/T03/outputs/interactive_map_v1/assets/tiles/source/6/11/24.png,654,9fbc42995f9be116168c2742cdff10173f03afca1f2ecc895488d9c2b845e759,DEC-NHPA-W002-T03-2026-09-18-01,FALSE,FALSE
workstreams/NHPA-W002/T03/outputs/interactive_map_v1/assets/tiles/source/6/11/25.png,1163,9c5111d632c0f2b133d12c735fda02c18d4e2403d1c18f2e4de99b527d5c1c33,DEC-NHPA-W002-T03-2026-09-18-01,FALSE,FALSE
workstreams/NHPA-W002/T03/outputs/interactive_map_v1/assets/tiles/source/6/11/26.png,662,a7dfd5f1ddad1af6c22ef8e7511ba4603f7e34c8f6eb9ded946cd85882c17dcf,DEC-NHPA-W002-T03-2026-09-18-01,FALSE,FALSE
workstreams/NHPA-W002/T03/outputs/interactive_map_v1/assets/tiles/source/6/12/18.png,832,a71d727d030d47fff982ee63bf24e525dd6858a34da221fc2473524972e78638,DEC-NHPA-W002-T03-2026-09-18-01,FALSE,FALSE
workstreams/NHPA-W002/T03/outputs/interactive_map_v1/assets/tiles/source/6/12/19.png,746,e9d2c8b1fe4e1f28c590b08e0d0644f0a90e30aa1b56d1cad6112cf23919e764,DEC-NHPA-W002-T03-2026-09-18-01,FALSE,FALSE
workstreams/NHPA-W002/T03/outputs/interactive_map_v1/assets/tiles/source/6/12/20.png,1146,4090ec3f6cbf8f4256bda8da9614a11eb3e95628aac35938661e06e759d0cf64,DEC-NHPA-W002-T03-2026-09-18-01,FALSE,FALSE
workstreams/NHPA-W002/T03/outputs/interactive_map_v1/assets/tiles/source/6/12/21.png,2118,29c7e1c699f3f01f2d81c48f3efb7a0a1c791ce0ad60237a2796cc304bcf09ce,DEC-NHPA-W002-T03-2026-09-18-01,FALSE,FALSE
workstreams/NHPA-W002/T03/outputs/interactive_map_v1/assets/tiles/source/6/12/22.png,2369,7c0049449df5184102e9d224c92d0cdd06158c5a6aaa24f1713fa15caaa8b151,DEC-NHPA-W002-T03-2026-09-18-01,FALSE,FALSE
workstreams/NHPA-W002/T03/outputs/interactive_map_v1/assets/tiles/source/6/12/23.png,3398,ca5feaeb4e9b35faaae8fa9e414186137fdc2a8d1d5904e63f6dfa8f5cc927bd,DEC-NHPA-W002-T03-2026-09-18-01,FALSE,FALSE
workstreams/NHPA-W002/T03/outputs/interactive_map_v1/assets/tiles/source/6/12/24.png,2083,592f602e5b26ff5b249eee81c6ca83a034f1dbfbb8730e6f536af4bce45a85a2,DEC-NHPA-W002-T03-2026-09-18-01,FALSE,FALSE
workstreams/NHPA-W002/T03/outputs/interactive_map_v1/assets/tiles/source/6/12/25.png,3695,917510777b475fc2a9743da13ba068bc9c5c31ec75eb130cf2660f28aefebcfe,DEC-NHPA-W002-T03-2026-09-18-01,FALSE,FALSE
workstreams/NHPA-W002/T03/outputs/interactive_map_v1/assets/tiles/source/6/12/26.png,1266,1aa5f67f881eb9b74b85fee0d2a30e8e0365463f219af1e7860b6b2d39d652d0,DEC-NHPA-W002-T03-2026-09-18-01,FALSE,FALSE
workstreams/NHPA-W002/T03/outputs/interactive_map_v1/assets/tiles/source/6/13/18.png,727,ac996ae2a6618f0897c671389ae750aae1683bb9015630af0c1c9dfb484a4c16,DEC-NHPA-W002-T03-2026-09-18-01,FALSE,FALSE
workstreams/NHPA-W002/T03/outputs/interactive_map_v1/assets/tiles/source/6/13/19.png,503,da9cb74bc629ad81c477f1525fea4203c467bfe34a87f2720bd4999d2da364ab,DEC-NHPA-W002-T03-2026-09-18-01,FALSE,FALSE
workstreams/NHPA-W002/T03/outputs/interactive_map_v1/assets/tiles/source/6/13/20.png,913,a69580f531c75d7a6b221474a47a1a781d46c0a594487ccedfe837e678b11cf8,DEC-NHPA-W002-T03-2026-09-18-01,FALSE,FALSE
workstreams/NHPA-W002/T03/outputs/interactive_map_v1/assets/tiles/source/6/13/21.png,1450,d16e847dcb529b8c96cf2897ef97702811d9fe6cffe7dee1e93dca87fb096bb2,DEC-NHPA-W002-T03-2026-09-18-01,FALSE,FALSE
workstreams/NHPA-W002/T03/outputs/interactive_map_v1/assets/tiles/source/6/13/22.png,1317,02460e80f4ce3ac80cf153c552457c2c5a3b410167013147c97d564b16c53753,DEC-NHPA-W002-T03-2026-09-18-01,FALSE,FALSE
workstreams/NHPA-W002/T03/outputs/interactive_map_v1/assets/tiles/source/6/13/23.png,2348,071c9d11011626aa49ab5dc4a924e8193b72ff5d87aa394a5457b8f27d6a15ec,DEC-NHPA-W002-T03-2026-09-18-01,FALSE,FALSE
workstreams/NHPA-W002/T03/outputs/interactive_map_v1/assets/tiles/source/6/13/24.png,3603,6348668893c9635727216283138c06eb7ca17c77c8d57b4dda75924fb5273b71,DEC-NHPA-W002-T03-2026-09-18-01,FALSE,FALSE
workstreams/NHPA-W002/T03/outputs/interactive_map_v1/assets/tiles/source/6/13/25.png,2816,e44a475b4cb6540dd9b6fc0063e8568355d8e859407d6aa4ddca8f661cb9a570,DEC-NHPA-W002-T03-2026-09-18-01,FALSE,FALSE
workstreams/NHPA-W002/T03/outputs/interactive_map_v1/assets/tiles/source/6/13/26.png,1745,d2e5ba1d82668af86feecd3f5f1f4d45dfd9b5e14e0e938ab4d9a3e2acba0877,DEC-NHPA-W002-T03-2026-09-18-01,FALSE,FALSE
workstreams/NHPA-W002/T03/outputs/interactive_map_v1/assets/tiles/source/6/14/19.png,679,076e9addff6b61d0ec538e12a9c9238ee35cd1bb66524836dc319d5c4c355cb7,DEC-NHPA-W002-T03-2026-09-18-01,FALSE,FALSE
workstreams/NHPA-W002/T03/outputs/interactive_map_v1/assets/tiles/source/6/14/20.png,543,57c0dbc9fb003daa3803f7f17261eefaed2dc8f3ff3165593c0e4cad365e0889,DEC-NHPA-W002-T03-2026-09-18-01,FALSE,FALSE
workstreams/NHPA-W002/T03/outputs/interactive_map_v1/assets/tiles/source/6/14/21.png,1392,f867fd96601d52acc60839cbaa3e1ecd1c7a363c155209af40a1c2cd95254961,DEC-NHPA-W002-T03-2026-09-18-01,FALSE,FALSE
workstreams/NHPA-W002/T03/outputs/interactive_map_v1/assets/tiles/source/6/14/22.png,1263,9c07c72e2900dd89bfe7f74c94ef4a6953967259bd64f1edc0e499caaebb0cd8,DEC-NHPA-W002-T03-2026-09-18-01,FALSE,FALSE
workstreams/NHPA-W002/T03/outputs/interactive_map_v1/assets/tiles/source/6/14/23.png,1352,e8896677711eecb96c8c4deb507f321669623ccacdf515547af2ca0cc929dcdf,DEC-NHPA-W002-T03-2026-09-18-01,FALSE,FALSE
workstreams/NHPA-W002/T03/outputs/interactive_map_v1/assets/tiles/source/6/14/24.png,1957,6fd3296926c32297131116fdaa1a52de8b7430f0e68f8268ffae6b5a110ea440,DEC-NHPA-W002-T03-2026-09-18-01,FALSE,FALSE
workstreams/NHPA-W002/T03/outputs/interactive_map_v1/assets/tiles/source/6/14/25.png,2799,c7e25d32c2634efc76e313c2a1557d9670b40aeb1321da294ce62811b9b80ae6,DEC-NHPA-W002-T03-2026-09-18-01,FALSE,FALSE
workstreams/NHPA-W002/T03/outputs/interactive_map_v1/assets/tiles/source/6/14/26.png,3514,e138779b413d8633e51839a03265e5f557741a3facff6cc4c20788086b59fb5b,DEC-NHPA-W002-T03-2026-09-18-01,FALSE,FALSE
workstreams/NHPA-W002/T03/outputs/interactive_map_v1/assets/tiles/source/6/14/27.png,1065,5ee467a4c88bfdb7f7b3636ca30dc4b884be254c68093c3020aa2b32edfeb95e,DEC-NHPA-W002-T03-2026-09-18-01,FALSE,FALSE
workstreams/NHPA-W002/T03/outputs/interactive_map_v1/assets/tiles/source/6/15/19.png,689,15ee10325925197a6580d61faa4a8dec5975e6608fbc7f866ad56750e7a1a0eb,DEC-NHPA-W002-T03-2026-09-18-01,FALSE,FALSE
workstreams/NHPA-W002/T03/outputs/interactive_map_v1/assets/tiles/source/6/15/20.png,565,de1099fb8fd4e52c7a807e0a91063219d2ce3a476476c30b1e07b90002e7330f,DEC-NHPA-W002-T03-2026-09-18-01,FALSE,FALSE
workstreams/NHPA-W002/T03/outputs/interactive_map_v1/assets/tiles/source/6/15/21.png,1025,46dad4a25e3b3ed90eb3809326876b35aa33a8284f114148e94da334afc6b124,DEC-NHPA-W002-T03-2026-09-18-01,FALSE,FALSE
workstreams/NHPA-W002/T03/outputs/interactive_map_v1/assets/tiles/source/6/15/22.png,2930,810ee5b44ee0f403dd96cbe6742009283548b06b7c96f11df7e7069e149f3b29,DEC-NHPA-W002-T03-2026-09-18-01,FALSE,FALSE
workstreams/NHPA-W002/T03/outputs/interactive_map_v1/assets/tiles/source/6/15/23.png,2466,d8ada0889d29432f61da1d3effe333faf6dafb98177d4a82594addead4e665ae,DEC-NHPA-W002-T03-2026-09-18-01,FALSE,FALSE
workstreams/NHPA-W002/T03/outputs/interactive_map_v1/assets/tiles/source/6/15/24.png,2572,a503865151f325dbcbf5845e272a31d7cbeaa3c20f1a8e6de6026280b323d833,DEC-NHPA-W002-T03-2026-09-18-01,FALSE,FALSE
workstreams/NHPA-W002/T03/outputs/interactive_map_v1/assets/tiles/source/6/15/25.png,2820,56a21fc9bb0299d081a987ca156819b26459a2b97db605bf1f4ac995581615d5,DEC-NHPA-W002-T03-2026-09-18-01,FALSE,FALSE
workstreams/NHPA-W002/T03/outputs/interactive_map_v1/assets/tiles/source/6/15/26.png,2280,d84464eac3208b1247eab72b304eb666414383dccda16e867285cf238475e53c,DEC-NHPA-W002-T03-2026-09-18-01,FALSE,FALSE
workstreams/NHPA-W002/T03/outputs/interactive_map_v1/assets/tiles/source/6/16/20.png,790,b44146d2289272c088d101bb7f821901786ca295cf3fad32415a5e8573c74c63,DEC-NHPA-W002-T03-2026-09-18-01,FALSE,FALSE
workstreams/NHPA-W002/T03/outputs/interactive_map_v1/assets/tiles/source/6/16/21.png,1017,5e09d8e7f1a9e846674ae400f071ecb792626f05814a25c5fa93fffe568a5005,DEC-NHPA-W002-T03-2026-09-18-01,FALSE,FALSE
workstreams/NHPA-W002/T03/outputs/interactive_map_v1/assets/tiles/source/6/16/22.png,3475,8a189ed299031e92944c07b726ac0ccfc879a0f6969047b07a25da538964171a,DEC-NHPA-W002-T03-2026-09-18-01,FALSE,FALSE
workstreams/NHPA-W002/T03/outputs/interactive_map_v1/assets/tiles/source/6/16/23.png,4448,14d458c3143a3879c04716911cb0618805844945c99fea697cb27540bf0077a4,DEC-NHPA-W002-T03-2026-09-18-01,FALSE,FALSE
workstreams/NHPA-W002/T03/outputs/interactive_map_v1/assets/tiles/source/6/16/24.png,3849,cd77b98bc1c7775a56f3c106d6cf34a691dcf4d12c7acc74b11e5134f977b148,DEC-NHPA-W002-T03-2026-09-18-01,FALSE,FALSE
workstreams/NHPA-W002/T03/outputs/interactive_map_v1/assets/tiles/source/6/16/25.png,4345,aa67f1a6dcfd9897c66997466ff601bbe9143d3a38b46ec3d327f8622443052b,DEC-NHPA-W002-T03-2026-09-18-01,FALSE,FALSE
workstreams/NHPA-W002/T03/outputs/interactive_map_v1/assets/tiles/source/6/16/26.png,2378,403ff51cfe298126821354a742bd3e15fea98f1d6f141fc8f12e42063ad5c768,DEC-NHPA-W002-T03-2026-09-18-01,FALSE,FALSE
workstreams/NHPA-W002/T03/outputs/interactive_map_v1/assets/tiles/source/6/17/21.png,970,99c12210ca08ec815fef23ef505dc215c9d828ada957dfdb9c7e2426b80233fc,DEC-NHPA-W002-T03-2026-09-18-01,FALSE,FALSE
workstreams/NHPA-W002/T03/outputs/interactive_map_v1/assets/tiles/source/6/17/22.png,3118,40381a945104d170ba90eaad6a1dbb4ddb3929cd64177aebbc39619d1b9f6797,DEC-NHPA-W002-T03-2026-09-18-01,FALSE,FALSE
workstreams/NHPA-W002/T03/outputs/interactive_map_v1/assets/tiles/source/6/17/23.png,4971,8dc28cedb546fa02bd7bd70f7538487a02485b56269bddaad652c22c78d9a72e,DEC-NHPA-W002-T03-2026-09-18-01,FALSE,FALSE
workstreams/NHPA-W002/T03/outputs/interactive_map_v1/assets/tiles/source/6/17/24.png,5409,7f238884042610a1740f1a62328409544d8fd90bbdac4b9be19d5985d1da8b44,DEC-NHPA-W002-T03-2026-09-18-01,FALSE,FALSE
workstreams/NHPA-W002/T03/outputs/interactive_map_v1/assets/tiles/source/6/17/25.png,5563,0ba86ca48246ccddbc5cd2514755cd9ade731233ca91ca72d255ecf20aab2004,DEC-NHPA-W002-T03-2026-09-18-01,FALSE,FALSE
workstreams/NHPA-W002/T03/outputs/interactive_map_v1/assets/tiles/source/6/17/26.png,3625,de3d07633ba7c357dd6cc9b9785334fe77e1ac6a4d3c1d591b14533c12736fe2,DEC-NHPA-W002-T03-2026-09-18-01,FALSE,FALSE
workstreams/NHPA-W002/T03/outputs/interactive_map_v1/assets/tiles/source/6/17/27.png,1824,a26196c234aa87f02a160abbe6c57e5a7d01d0390088d53d0ed9973f36981e45,DEC-NHPA-W002-T03-2026-09-18-01,FALSE,FALSE
workstreams/NHPA-W002/T03/outputs/interactive_map_v1/assets/tiles/source/6/18/20.png,769,208c9bdda557702c884a686edca96bdfca20779cb87ad9d64870907ed1718eb4,DEC-NHPA-W002-T03-2026-09-18-01,FALSE,FALSE
workstreams/NHPA-W002/T03/outputs/interactive_map_v1/assets/tiles/source/6/18/21.png,857,26d08ae227f6c2d29cf8d8ebb09ee1ebafbdbd7cd2dea72cd4a209b70203769f,DEC-NHPA-W002-T03-2026-09-18-01,FALSE,FALSE
workstreams/NHPA-W002/T03/outputs/interactive_map_v1/assets/tiles/source/6/18/22.png,2524,6541d46794988006f03cbd013df2bd7b7c867eadb8c438d5f93ba6100f975c07,DEC-NHPA-W002-T03-2026-09-18-01,FALSE,FALSE
workstreams/NHPA-W002/T03/outputs/interactive_map_v1/assets/tiles/source/6/18/23.png,5939,d1b4dc75b1b48a963c85a33ba0baeecc617063be60581fc983d7c12f74e1294a,DEC-NHPA-W002-T03-2026-09-18-01,FALSE,FALSE
workstreams/NHPA-W002/T03/outputs/interactive_map_v1/assets/tiles/source/6/18/24.png,5645,df3c018a98bbefb01ae34184fc4988108eccee764ed953ecdfa3f4c857b64476,DEC-NHPA-W002-T03-2026-09-18-01,FALSE,FALSE
workstreams/NHPA-W002/T03/outputs/interactive_map_v1/assets/tiles/source/6/18/25.png,2551,1e5005e0e05ea8dca7c7a2d33d36f0d43bebbfe77b54b38904fd8a2fe9c3c7ee,DEC-NHPA-W002-T03-2026-09-18-01,FALSE,FALSE
workstreams/NHPA-W002/T03/outputs/interactive_map_v1/assets/tiles/source/6/19/20.png,831,6a12d2f21eb6cd08a92a5f065f555ff7e204f71a314bbeb5876544f7ee81c3fd,DEC-NHPA-W002-T03-2026-09-18-01,FALSE,FALSE
workstreams/NHPA-W002/T03/outputs/interactive_map_v1/assets/tiles/source/6/19/21.png,749,8def9e9fe81ef3fbd8d75647af415934e95445357ca4b504d6addd7875ca4cdd,DEC-NHPA-W002-T03-2026-09-18-01,FALSE,FALSE
workstreams/NHPA-W002/T03/outputs/interactive_map_v1/assets/tiles/source/6/19/22.png,3655,c9b68ee101dd15337528937c4c437e3704465883166e74e1edd306a42d6715fa,DEC-NHPA-W002-T03-2026-09-18-01,FALSE,FALSE
workstreams/NHPA-W002/T03/outputs/interactive_map_v1/assets/tiles/source/6/19/23.png,5140,3e9f91e2a82eb1c486fba8d50400a9e97d96db4a50d4d00362dd8468067bdfba,DEC-NHPA-W002-T03-2026-09-18-01,FALSE,FALSE
workstreams/NHPA-W002/T03/outputs/interactive_map_v1/assets/tiles/source/6/19/24.png,761,d627f205864e68007a117bee1e4c5b19da58f040185f5cb21514bc10ea4863aa,DEC-NHPA-W002-T03-2026-09-18-01,FALSE,FALSE
workstreams/NHPA-W002/T03/outputs/interactive_map_v1/assets/tiles/source/6/20/20.png,831,d37ba19642386c9c204535fe93dfee84a7afc39afbe9329d1cfbaaeb57f5f3eb,DEC-NHPA-W002-T03-2026-09-18-01,FALSE,FALSE
workstreams/NHPA-W002/T03/outputs/interactive_map_v1/assets/tiles/source/6/20/21.png,1603,b47c2c15c1c53b7bfaca3058acbb9905c8d97e83a0ef4d61cac6efe274260bab,DEC-NHPA-W002-T03-2026-09-18-01,FALSE,FALSE
workstreams/NHPA-W002/T03/outputs/interactive_map_v1/assets/tiles/source/6/20/22.png,3141,fa0df5f16adc54105f65dd0756a95735ecd6e781d908f6bbad232bf7d83da917,DEC-NHPA-W002-T03-2026-09-18-01,FALSE,FALSE
workstreams/NHPA-W002/T03/outputs/interactive_map_v1/assets/tiles/source/6/20/23.png,2038,bf6e1486061dac0e21364373b0e1df6f28ded0e1d8d78982faa63a02162b8db1,DEC-NHPA-W002-T03-2026-09-18-01,FALSE,FALSE
workstreams/NHPA-W002/T03/outputs/interactive_map_v1/assets/tiles/source/6/21/21.png,1071,8e8f9b9d48655b361dd89ef1549d7debe0f93ad9d5112f60c38eb40252cb48e2,DEC-NHPA-W002-T03-2026-09-18-01,FALSE,FALSE
workstreams/NHPA-W002/T03/outputs/interactive_map_v1/assets/tiles/source/6/21/22.png,1743,511ab0de0744283258f95f1903e19b18b4a9627579611ef5cfda4ab12c8136d4,DEC-NHPA-W002-T03-2026-09-18-01,FALSE,FALSE
workstreams/NHPA-W002/T03/outputs/interactive_map_v1/assets/tiles/source/6/21/23.png,687,a3a6ee08e7bb35a53bd70a7a2381b5373d9b9dfc73a9f00aaf2526b3a523929d,DEC-NHPA-W002-T03-2026-09-18-01,FALSE,FALSE
workstreams/NHPA-W002/T03/outputs/interactive_map_v1/assets/tiles/source/6/7/18.png,1391,edb7bdb5c2f8729512f2ce8d71c294901fa347b08979462a2b36dcb35e731a31,DEC-NHPA-W002-T03-2026-09-18-01,FALSE,FALSE
workstreams/NHPA-W002/T03/outputs/interactive_map_v1/assets/tiles/source/6/8/18.png,1267,015389e97bdd06730a55631aba8a806ad3bf08933b584129ef869e8e891e803b,DEC-NHPA-W002-T03-2026-09-18-01,FALSE,FALSE
workstreams/NHPA-W002/T03/outputs/interactive_map_v1/assets/tiles/source/6/8/19.png,1153,4b23458de9db15ccb5a70aba83be93d01e320dc9a8d5ba3266b2e9cd779c25c5,DEC-NHPA-W002-T03-2026-09-18-01,FALSE,FALSE
workstreams/NHPA-W002/T03/outputs/interactive_map_v1/assets/tiles/source/6/8/20.png,629,b34e40b45f5361345fb0d31b144166d07fc035250768c9344f09d4435216189a,DEC-NHPA-W002-T03-2026-09-18-01,FALSE,FALSE
workstreams/NHPA-W002/T03/outputs/interactive_map_v1/assets/tiles/source/6/9/18.png,1181,babcd980c286fd99acda7c5af33e71d5566e7ccb4495b2c10d3976a272b51c91,DEC-NHPA-W002-T03-2026-09-18-01,FALSE,FALSE
workstreams/NHPA-W002/T03/outputs/interactive_map_v1/assets/tiles/source/6/9/19.png,796,74a7f2a79502313e821878caecdcaf6c8260a8373bcc7015a9adcc458c259622,DEC-NHPA-W002-T03-2026-09-18-01,FALSE,FALSE
workstreams/NHPA-W002/T03/outputs/interactive_map_v1/assets/tiles/source/6/9/20.png,1519,221a4098f163dcbbe75e9b8aec767f27bd74c773ab957ddb4075e6e68a2ca7c3,DEC-NHPA-W002-T03-2026-09-18-01,FALSE,FALSE
workstreams/NHPA-W002/T03/outputs/interactive_map_v1/assets/tiles/source/6/9/21.png,1181,fac12a7996503100c70912d3b902ed4c88c4517e9300b0fd61e989cc1802cc67,DEC-NHPA-W002-T03-2026-09-18-01,FALSE,FALSE
workstreams/NHPA-W002/T03/outputs/interactive_map_v1/assets/tiles/source/6/9/22.png,959,967b5140f1b64bdc86869b04b1ed3a2481c52a9e6d4143f7b98dfe0857e6e755,DEC-NHPA-W002-T03-2026-09-18-01,FALSE,FALSE
workstreams/NHPA-W002/T03/outputs/interactive_map_v1/assets/tiles/source/6/9/23.png,1199,944fc12a164320f896e4a8b90f84551af4854a8831b2da3ce28a98f7a985335a,DEC-NHPA-W002-T03-2026-09-18-01,FALSE,FALSE
workstreams/NHPA-W002/T03/outputs/interactive_map_v1/assets/tiles/support/3/0/2.png,693,996b45d3948936591e62b9b213d9ff891b572d962014c7cda03843a10861c025,DEC-NHPA-W002-T03-2026-09-18-01,FALSE,FALSE
workstreams/NHPA-W002/T03/outputs/interactive_map_v1/assets/tiles/support/3/1/2.png,3018,9ca716891a65615668c8ffac8f648927334b8636536138e1a96ed46757ee8758,DEC-NHPA-W002-T03-2026-09-18-01,FALSE,FALSE
workstreams/NHPA-W002/T03/outputs/interactive_map_v1/assets/tiles/support/3/1/3.png,2078,10f8d9ec3077558a8973a2dd548ae0f9e1a5d4423aab20531bb305bec2304a0b,DEC-NHPA-W002-T03-2026-09-18-01,FALSE,FALSE
workstreams/NHPA-W002/T03/outputs/interactive_map_v1/assets/tiles/support/3/2/2.png,2604,f5ab0a156f1e98e85a4942580b20acaea258d90a75e3b89c1274c083bb5359d3,DEC-NHPA-W002-T03-2026-09-18-01,FALSE,FALSE
workstreams/NHPA-W002/T03/outputs/interactive_map_v1/assets/tiles/support/3/2/3.png,2058,964f9e9901bdb5d2354bf573ec51a9f775e2be4e62acda950ff7c709d9038003,DEC-NHPA-W002-T03-2026-09-18-01,FALSE,FALSE
workstreams/NHPA-W002/T03/outputs/interactive_map_v1/assets/tiles/support/4/1/4.png,781,481446e63c5010b0f788a77e4ba65a2bb6e0dc28675afd140a246cf61465712a,DEC-NHPA-W002-T03-2026-09-18-01,FALSE,FALSE
workstreams/NHPA-W002/T03/outputs/interactive_map_v1/assets/tiles/support/4/2/4.png,1378,9711cf2c00772c7c697c9c160bb2c7a1124b859759c929b0aeea0f35f191111b,DEC-NHPA-W002-T03-2026-09-18-01,FALSE,FALSE
workstreams/NHPA-W002/T03/outputs/interactive_map_v1/assets/tiles/support/4/2/5.png,3993,b5e202e2703ca46e87ff80f29af85510646b616194fea0ff8e938cb1954b6060,DEC-NHPA-W002-T03-2026-09-18-01,FALSE,FALSE
workstreams/NHPA-W002/T03/outputs/interactive_map_v1/assets/tiles/support/4/2/6.png,704,45829ce049150f4b23faf04d1ce8fd247b6327432c9373eb2bcbcfbf993a0810,DEC-NHPA-W002-T03-2026-09-18-01,FALSE,FALSE
workstreams/NHPA-W002/T03/outputs/interactive_map_v1/assets/tiles/support/4/3/4.png,1022,32d6e86bdf5998af58fcf2fee2297bd794aab7bd12b4a0656604e0e0079a91b3,DEC-NHPA-W002-T03-2026-09-18-01,FALSE,FALSE
workstreams/NHPA-W002/T03/outputs/interactive_map_v1/assets/tiles/support/4/3/5.png,3748,62df10387a41d47af79b3c9e1c762149cddf5b78766040a40f2bbbbabfcd518c,DEC-NHPA-W002-T03-2026-09-18-01,FALSE,FALSE
workstreams/NHPA-W002/T03/outputs/interactive_map_v1/assets/tiles/support/4/3/6.png,4490,48d501a9359813fc74fc5f35ad6c9b7f8bd6e65f5339dfdb809324868835933a,DEC-NHPA-W002-T03-2026-09-18-01,FALSE,FALSE
workstreams/NHPA-W002/T03/outputs/interactive_map_v1/assets/tiles/support/4/4/5.png,5224,c674219c8be899a9a40017ed97a93611c5ccb10e0c5732eaa8572bffcfd692d9,DEC-NHPA-W002-T03-2026-09-18-01,FALSE,FALSE
workstreams/NHPA-W002/T03/outputs/interactive_map_v1/assets/tiles/support/4/4/6.png,4564,aac4023b8815b6ca948fbd672bf0d61fb5c5a951843b5f64972a1de9545c4168,DEC-NHPA-W002-T03-2026-09-18-01,FALSE,FALSE
workstreams/NHPA-W002/T03/outputs/interactive_map_v1/assets/tiles/support/4/5/5.png,1773,fca11a47ffe277450eb8d8e4836c04a4add8a0a567ee488742ede3711900a082,DEC-NHPA-W002-T03-2026-09-18-01,FALSE,FALSE
workstreams/NHPA-W002/T03/outputs/interactive_map_v1/assets/tiles/support/5/10/10.png,1392,6b639eae863fdb4562848bcdb9e91389c3c5291e2ba6b7ef3be709975c17857c,DEC-NHPA-W002-T03-2026-09-18-01,FALSE,FALSE
workstreams/NHPA-W002/T03/outputs/interactive_map_v1/assets/tiles/support/5/10/11.png,2816,b20ec9fe25e948a101ae6e43c79b1c4e6379f199c4c20225d9587844bcaf86b6,DEC-NHPA-W002-T03-2026-09-18-01,FALSE,FALSE
workstreams/NHPA-W002/T03/outputs/interactive_map_v1/assets/tiles/support/5/3/9.png,1030,839445a4439f96e2789b8cea83de250c64eedb68aeb40fa68f19d08dd422fa5a,DEC-NHPA-W002-T03-2026-09-18-01,FALSE,FALSE
workstreams/NHPA-W002/T03/outputs/interactive_map_v1/assets/tiles/support/5/4/10.png,1458,c40d8f8dbd0520aac70b4d3681c8c1557e3e5ddd7d4387343391c192210c7439,DEC-NHPA-W002-T03-2026-09-18-01,FALSE,FALSE
workstreams/NHPA-W002/T03/outputs/interactive_map_v1/assets/tiles/support/5/4/11.png,966,6f1955d9f3001e597c7502e1c289a324bf2e7cdba2fff3839bc7be3519bd0968,DEC-NHPA-W002-T03-2026-09-18-01,FALSE,FALSE
workstreams/NHPA-W002/T03/outputs/interactive_map_v1/assets/tiles/support/5/4/9.png,1646,5f7ab0a9afd062235ff7d95655c9afbb5ea5ede9e949e36c9173ac7c34891f2d,DEC-NHPA-W002-T03-2026-09-18-01,FALSE,FALSE
workstreams/NHPA-W002/T03/outputs/interactive_map_v1/assets/tiles/support/5/5/10.png,4099,e41e4f969c6b4f640410ce09599b052d09507746b179c9d66202349c5a00ad86,DEC-NHPA-W002-T03-2026-09-18-01,FALSE,FALSE
workstreams/NHPA-W002/T03/outputs/interactive_map_v1/assets/tiles/support/5/5/11.png,5482,7c8bbcc43c1c44bbefa2db4909803fc917f3d41dfa43d61d5d16c5a40b31750f,DEC-NHPA-W002-T03-2026-09-18-01,FALSE,FALSE
workstreams/NHPA-W002/T03/outputs/interactive_map_v1/assets/tiles/support/5/5/12.png,918,aa417d306d0b17944c9cd0b5f505aa14548be50753687071de3b0da1910b2944,DEC-NHPA-W002-T03-2026-09-18-01,FALSE,FALSE
workstreams/NHPA-W002/T03/outputs/interactive_map_v1/assets/tiles/support/5/5/13.png,644,27d5cf69201e846f5fd01e3d327ea561896c0f78138cdc5d1db185dc4c80f2ca,DEC-NHPA-W002-T03-2026-09-18-01,FALSE,FALSE
workstreams/NHPA-W002/T03/outputs/interactive_map_v1/assets/tiles/support/5/5/9.png,1256,e105169f334c84e69f3fe4cfc6ca6561629283727e8659a3ccaa8d8da58d01e9,DEC-NHPA-W002-T03-2026-09-18-01,FALSE,FALSE
workstreams/NHPA-W002/T03/outputs/interactive_map_v1/assets/tiles/support/5/6/10.png,2193,82ca91981f85180075533234081582ad8dc4c0bcad8d8ec0836b3a32f3a4e9dd,DEC-NHPA-W002-T03-2026-09-18-01,FALSE,FALSE
workstreams/NHPA-W002/T03/outputs/interactive_map_v1/assets/tiles/support/5/6/11.png,3805,76fa5f7d2ff9f4d6b45bbe07a2edbd2a612f5a4ce0f0e387174a4e1350101614,DEC-NHPA-W002-T03-2026-09-18-01,FALSE,FALSE
workstreams/NHPA-W002/T03/outputs/interactive_map_v1/assets/tiles/support/5/6/12.png,4773,061eec370743585eef8dccc737d7dd3907cb394568edfa4d2b4b3e3c5ac0d2f1,DEC-NHPA-W002-T03-2026-09-18-01,FALSE,FALSE
workstreams/NHPA-W002/T03/outputs/interactive_map_v1/assets/tiles/support/5/6/13.png,1592,a7106811b2e2d96a692d41607b42806fe81b580f65ec5419cbe0f4dcbabe7b64,DEC-NHPA-W002-T03-2026-09-18-01,FALSE,FALSE
workstreams/NHPA-W002/T03/outputs/interactive_map_v1/assets/tiles/support/5/6/9.png,1094,6d7c0230dddfed1a75e77266e75bda0153f959a734b682eb66a85af43207cde5,DEC-NHPA-W002-T03-2026-09-18-01,FALSE,FALSE
workstreams/NHPA-W002/T03/outputs/interactive_map_v1/assets/tiles/support/5/7/10.png,1573,4a1df4364ab9262d97ab47d96799957aaf9eef58654e29bda5069eb238587723,DEC-NHPA-W002-T03-2026-09-18-01,FALSE,FALSE
workstreams/NHPA-W002/T03/outputs/interactive_map_v1/assets/tiles/support/5/7/11.png,3811,672266b56982caf546cd1843fa866a6301a81f17c540682e65f160e712d99d56,DEC-NHPA-W002-T03-2026-09-18-01,FALSE,FALSE
workstreams/NHPA-W002/T03/outputs/interactive_map_v1/assets/tiles/support/5/7/12.png,4710,c3fcf722bf5775adf659a202bbe9ff38b5f82648faae2f33c72c2ef0148bef55,DEC-NHPA-W002-T03-2026-09-18-01,FALSE,FALSE
workstreams/NHPA-W002/T03/outputs/interactive_map_v1/assets/tiles/support/5/7/13.png,3470,06aaa48679f106b683420d870cd4054b84fb7e90b34145abb9fb0e2b2778cd71,DEC-NHPA-W002-T03-2026-09-18-01,FALSE,FALSE
workstreams/NHPA-W002/T03/outputs/interactive_map_v1/assets/tiles/support/5/7/9.png,837,097c22a4f760e9a48704fdd99d477bc092d78e86db1787f7d27056575f1dfac6,DEC-NHPA-W002-T03-2026-09-18-01,FALSE,FALSE
workstreams/NHPA-W002/T03/outputs/interactive_map_v1/assets/tiles/support/5/8/10.png,1376,10ba4dc43d891dbe59b278b73839e3d2313866ddeac73d9602ce5efdcf53a925,DEC-NHPA-W002-T03-2026-09-18-01,FALSE,FALSE
workstreams/NHPA-W002/T03/outputs/interactive_map_v1/assets/tiles/support/5/8/11.png,6592,9f6b8f231a194d699e06a70218f095a22d258317cf9aa77d2beeb6dfec3d17f7,DEC-NHPA-W002-T03-2026-09-18-01,FALSE,FALSE
workstreams/NHPA-W002/T03/outputs/interactive_map_v1/assets/tiles/support/5/8/12.png,7207,dc4a62f44d4b210374ae7d54add53cfd2520e8a909e1fb5a04b0d34dff0a36bd,DEC-NHPA-W002-T03-2026-09-18-01,FALSE,FALSE
workstreams/NHPA-W002/T03/outputs/interactive_map_v1/assets/tiles/support/5/8/13.png,3168,5ce3d96b4c8b929364b69e5e32c79bee06440390c816db18270b635bda0b186b,DEC-NHPA-W002-T03-2026-09-18-01,FALSE,FALSE
workstreams/NHPA-W002/T03/outputs/interactive_map_v1/assets/tiles/support/5/9/10.png,1168,e0a17790ca169edb3c36509d5dac96b5c370abaa0b83e0fcc5e60f76ab6c7a98,DEC-NHPA-W002-T03-2026-09-18-01,FALSE,FALSE
workstreams/NHPA-W002/T03/outputs/interactive_map_v1/assets/tiles/support/5/9/11.png,6486,6af6bb9b48912563a0b3ea2bad1b4d67f59d99688e6cd9b449871ec874329adf,DEC-NHPA-W002-T03-2026-09-18-01,FALSE,FALSE
workstreams/NHPA-W002/T03/outputs/interactive_map_v1/assets/tiles/support/5/9/12.png,3705,f540f593aa1728ae4a334b1398c4560eeee41cb4dd317bac1c81bfeda55bcadf,DEC-NHPA-W002-T03-2026-09-18-01,FALSE,FALSE
workstreams/NHPA-W002/T03/outputs/interactive_map_v1/assets/tiles/support/6/10/18.png,745,e04fe433c556719796f07d8789592ba05d7577731d07a2fb16706a0a3ff5ebe2,DEC-NHPA-W002-T03-2026-09-18-01,FALSE,FALSE
workstreams/NHPA-W002/T03/outputs/interactive_map_v1/assets/tiles/support/6/10/19.png,1311,26cbaa1bc5b9859bbc7d2700a400cedac0c923ef17d7d4abdb741e5764eb1ae4,DEC-NHPA-W002-T03-2026-09-18-01,FALSE,FALSE
workstreams/NHPA-W002/T03/outputs/interactive_map_v1/assets/tiles/support/6/10/20.png,1636,a8790190306f15bd92addb41d434cec0918462df3f0ad4ca8c9c5cc340b23ad2,DEC-NHPA-W002-T03-2026-09-18-01,FALSE,FALSE
workstreams/NHPA-W002/T03/outputs/interactive_map_v1/assets/tiles/support/6/10/21.png,3075,a118231915b315832b03c1c9ef2c9adfbd78a94941b8433eabd139cf940f5b1d,DEC-NHPA-W002-T03-2026-09-18-01,FALSE,FALSE
workstreams/NHPA-W002/T03/outputs/interactive_map_v1/assets/tiles/support/6/10/22.png,4301,24081b2a03b45cb5543b2ec62e1ff6d415fbc98077cdca331f1498072a8746ba,DEC-NHPA-W002-T03-2026-09-18-01,FALSE,FALSE
workstreams/NHPA-W002/T03/outputs/interactive_map_v1/assets/tiles/support/6/10/23.png,3329,8a3136ec21ab8684d7cc35ca70b2a4b916a9a802560a55db243df90de77e94fb,DEC-NHPA-W002-T03-2026-09-18-01,FALSE,FALSE
workstreams/NHPA-W002/T03/outputs/interactive_map_v1/assets/tiles/support/6/11/18.png,863,d4d0b89cd124f905ba29f0dbb6ee3ada50ad564faaf304debd8cbb6d899c663a,DEC-NHPA-W002-T03-2026-09-18-01,FALSE,FALSE
workstreams/NHPA-W002/T03/outputs/interactive_map_v1/assets/tiles/support/6/11/19.png,761,4dc5878132ede9f5ffb3d8b989ba118b46b1b9237fed7fd5da697c8edb3d010a,DEC-NHPA-W002-T03-2026-09-18-01,FALSE,FALSE
workstreams/NHPA-W002/T03/outputs/interactive_map_v1/assets/tiles/support/6/11/20.png,2152,499e91b7080557e9185ade75ef0b1a6e3f9c5203b5d746699a5cde77c8b80c0d,DEC-NHPA-W002-T03-2026-09-18-01,FALSE,FALSE
workstreams/NHPA-W002/T03/outputs/interactive_map_v1/assets/tiles/support/6/11/21.png,4060,9318e0846f42e610780190fc5ac9975f08f1e065d6f692c50f7f94c4366abe22,DEC-NHPA-W002-T03-2026-09-18-01,FALSE,FALSE
workstreams/NHPA-W002/T03/outputs/interactive_map_v1/assets/tiles/support/6/11/22.png,4015,898d6d88725244ae43056fb75046e9bf4e5b8724fa5d4028039f06b09ac08758,DEC-NHPA-W002-T03-2026-09-18-01,FALSE,FALSE
workstreams/NHPA-W002/T03/outputs/interactive_map_v1/assets/tiles/support/6/11/23.png,2768,2c66311aac1c3617d43b501e5aa1ad9699d9acb3e69776880eebc1cca38c21ef,DEC-NHPA-W002-T03-2026-09-18-01,FALSE,FALSE
workstreams/NHPA-W002/T03/outputs/interactive_map_v1/assets/tiles/support/6/11/24.png,654,2da703271829de40019d16fd4238974f936fd38c0c5f612c23cc8b98df1f5a45,DEC-NHPA-W002-T03-2026-09-18-01,FALSE,FALSE
workstreams/NHPA-W002/T03/outputs/interactive_map_v1/assets/tiles/support/6/11/25.png,1197,86b463c580d1a770883533ee87438202538ccce96e505b8658831e6a45cc815e,DEC-NHPA-W002-T03-2026-09-18-01,FALSE,FALSE
workstreams/NHPA-W002/T03/outputs/interactive_map_v1/assets/tiles/support/6/11/26.png,662,10d6f4cffb28af88fb8638097ba9e3a6ad5d461e865e7b2f3e5a6c72911867b0,DEC-NHPA-W002-T03-2026-09-18-01,FALSE,FALSE
workstreams/NHPA-W002/T03/outputs/interactive_map_v1/assets/tiles/support/6/12/18.png,832,c909c4f4cd3f6118cfa090ead23240d42a87487126a849235a359419ad5060cf,DEC-NHPA-W002-T03-2026-09-18-01,FALSE,FALSE
workstreams/NHPA-W002/T03/outputs/interactive_map_v1/assets/tiles/support/6/12/19.png,927,1e13b67f1d9d24c0113873b715e44fbec9774da5dc1bd697f201bb46623192d0,DEC-NHPA-W002-T03-2026-09-18-01,FALSE,FALSE
workstreams/NHPA-W002/T03/outputs/interactive_map_v1/assets/tiles/support/6/12/20.png,1146,b734ce1870c8d6dd2f3cf1d692fa57deaee64c47c35c8fc064412f17996949a2,DEC-NHPA-W002-T03-2026-09-18-01,FALSE,FALSE
workstreams/NHPA-W002/T03/outputs/interactive_map_v1/assets/tiles/support/6/12/21.png,2118,a31049bbec1436badffba64ac4152627bff5c4db273a49f0de8bafc9384802fa,DEC-NHPA-W002-T03-2026-09-18-01,FALSE,FALSE
workstreams/NHPA-W002/T03/outputs/interactive_map_v1/assets/tiles/support/6/12/22.png,2349,deb2bb7873289cd559138f1c9f1c7782791c4ed409813112f28da7259a94bfca,DEC-NHPA-W002-T03-2026-09-18-01,FALSE,FALSE
workstreams/NHPA-W002/T03/outputs/interactive_map_v1/assets/tiles/support/6/12/23.png,3375,ed0003a18de357702a0c3a6fd0767d811796216d06632e3453c660b1b4e0a477,DEC-NHPA-W002-T03-2026-09-18-01,FALSE,FALSE
workstreams/NHPA-W002/T03/outputs/interactive_map_v1/assets/tiles/support/6/12/24.png,2056,b230aab234f1b9628f562f1638fa269cf9f8808bd31153ad741870cf4efd504a,DEC-NHPA-W002-T03-2026-09-18-01,FALSE,FALSE
workstreams/NHPA-W002/T03/outputs/interactive_map_v1/assets/tiles/support/6/12/25.png,3702,4c364d5c3850fae8741f17d50d7eafc8c416aaf8a81aba61fde249e5178a7f5d,DEC-NHPA-W002-T03-2026-09-18-01,FALSE,FALSE
workstreams/NHPA-W002/T03/outputs/interactive_map_v1/assets/tiles/support/6/12/26.png,1293,3693cc59d1a8fc2bc7bc3798f791ad04f3df113c55185df4422653685559904c,DEC-NHPA-W002-T03-2026-09-18-01,FALSE,FALSE
workstreams/NHPA-W002/T03/outputs/interactive_map_v1/assets/tiles/support/6/13/18.png,727,23664e58238fec8441cd9a595edd76e0302fd60b674356ebaf25ced9981a24a1,DEC-NHPA-W002-T03-2026-09-18-01,FALSE,FALSE
workstreams/NHPA-W002/T03/outputs/interactive_map_v1/assets/tiles/support/6/13/19.png,667,dae1862f9d708239ab412489e6482b216475b0e16fee2289ab15ee447bfb937d,DEC-NHPA-W002-T03-2026-09-18-01,FALSE,FALSE
workstreams/NHPA-W002/T03/outputs/interactive_map_v1/assets/tiles/support/6/13/20.png,913,ddb7e8cf5a37baefdea2f36bda22cf36bfde65c70915c8f76c173c6ed8886aa6,DEC-NHPA-W002-T03-2026-09-18-01,FALSE,FALSE
workstreams/NHPA-W002/T03/outputs/interactive_map_v1/assets/tiles/support/6/13/21.png,1450,b27f3469f344a34d7acfbbf0a732cb892d5496bf5593f5df76ef025fe372dc75,DEC-NHPA-W002-T03-2026-09-18-01,FALSE,FALSE
workstreams/NHPA-W002/T03/outputs/interactive_map_v1/assets/tiles/support/6/13/22.png,1311,cb47644411966b94730234ec9fa3aa166892b4e938bb1035d11bf672e1641c42,DEC-NHPA-W002-T03-2026-09-18-01,FALSE,FALSE
workstreams/NHPA-W002/T03/outputs/interactive_map_v1/assets/tiles/support/6/13/23.png,2334,103e6ff6735cbfd7bb065585aad268b60e4f63820c9fb49281340f50067442aa,DEC-NHPA-W002-T03-2026-09-18-01,FALSE,FALSE
workstreams/NHPA-W002/T03/outputs/interactive_map_v1/assets/tiles/support/6/13/24.png,3580,dd2b7d0dff5207f6f324d0217d982f584a3b83ce4148c7a834034f60199f95dc,DEC-NHPA-W002-T03-2026-09-18-01,FALSE,FALSE
workstreams/NHPA-W002/T03/outputs/interactive_map_v1/assets/tiles/support/6/13/25.png,2766,8bd52fc629e24f1f000276a6a70251042811b58d0a7af71a2d8fef3d2b53164d,DEC-NHPA-W002-T03-2026-09-18-01,FALSE,FALSE
workstreams/NHPA-W002/T03/outputs/interactive_map_v1/assets/tiles/support/6/13/26.png,1745,940642f7b306c8d1152ac28497e0e3256891c35fb3ab901dd05bb4ccc12122d2,DEC-NHPA-W002-T03-2026-09-18-01,FALSE,FALSE
workstreams/NHPA-W002/T03/outputs/interactive_map_v1/assets/tiles/support/6/14/19.png,766,de99cadd57481d6241e7e5f57ffcab748d5ba088ebc789b99b7e18abc35677ab,DEC-NHPA-W002-T03-2026-09-18-01,FALSE,FALSE
workstreams/NHPA-W002/T03/outputs/interactive_map_v1/assets/tiles/support/6/14/20.png,576,6e9c4759cd11ad8b7b610cc30231a13bd4e953643a833a9e5bc70614209b4b5a,DEC-NHPA-W002-T03-2026-09-18-01,FALSE,FALSE
workstreams/NHPA-W002/T03/outputs/interactive_map_v1/assets/tiles/support/6/14/21.png,1392,038a26dd5c6946634aed1d71a735402075b61b54fedaf4bba4d15b18f66e7cda,DEC-NHPA-W002-T03-2026-09-18-01,FALSE,FALSE
workstreams/NHPA-W002/T03/outputs/interactive_map_v1/assets/tiles/support/6/14/22.png,1251,089a48f8ceaca212751992d79fb5abfcfa8cbc7911fdd2f6d841cc281b3df980,DEC-NHPA-W002-T03-2026-09-18-01,FALSE,FALSE
workstreams/NHPA-W002/T03/outputs/interactive_map_v1/assets/tiles/support/6/14/23.png,1345,d13a43decd6796edaba07c1b6d4a6cb5f0b39bf8e8d9583b61582ee5bc0fa378,DEC-NHPA-W002-T03-2026-09-18-01,FALSE,FALSE
workstreams/NHPA-W002/T03/outputs/interactive_map_v1/assets/tiles/support/6/14/24.png,1949,a368c100c629a9aa3f5c8d1e98f02d2bd2d70b291cf89426a4d22284acb7b8fb,DEC-NHPA-W002-T03-2026-09-18-01,FALSE,FALSE
workstreams/NHPA-W002/T03/outputs/interactive_map_v1/assets/tiles/support/6/14/25.png,2775,83f5bf4965fbd9ed29a2f356e71880f0ff0af812cb8f8b38bd5bde578e683fc0,DEC-NHPA-W002-T03-2026-09-18-01,FALSE,FALSE
workstreams/NHPA-W002/T03/outputs/interactive_map_v1/assets/tiles/support/6/14/26.png,3465,eaa70238d3bca2693786dcf2a224877ddf0b14fa9d8106b7d057c2d6e614a0d8,DEC-NHPA-W002-T03-2026-09-18-01,FALSE,FALSE
workstreams/NHPA-W002/T03/outputs/interactive_map_v1/assets/tiles/support/6/14/27.png,1080,90a223ec2204effc7d03b0c356979a389e45e15303e15fc294acca0785421c43,DEC-NHPA-W002-T03-2026-09-18-01,FALSE,FALSE
workstreams/NHPA-W002/T03/outputs/interactive_map_v1/assets/tiles/support/6/15/19.png,689,df6fc3a99ca2303cb6557e7cd6e0c4fb04a1d212ed43ab98b138c140b3050d38,DEC-NHPA-W002-T03-2026-09-18-01,FALSE,FALSE
workstreams/NHPA-W002/T03/outputs/interactive_map_v1/assets/tiles/support/6/15/20.png,671,89cd20623a6cac21d757bf2af626938be733c722251479189a2f16c8555bdcdd,DEC-NHPA-W002-T03-2026-09-18-01,FALSE,FALSE
workstreams/NHPA-W002/T03/outputs/interactive_map_v1/assets/tiles/support/6/15/21.png,1025,c6a8980f6f50beb49f4a07a84062a00461e8f58561275ca86b7aad5df55124ff,DEC-NHPA-W002-T03-2026-09-18-01,FALSE,FALSE
workstreams/NHPA-W002/T03/outputs/interactive_map_v1/assets/tiles/support/6/15/22.png,2901,7812512938e94a755574b7f0fb61cbcb470ee3e8a6549652892bf60d3565e1e6,DEC-NHPA-W002-T03-2026-09-18-01,FALSE,FALSE
workstreams/NHPA-W002/T03/outputs/interactive_map_v1/assets/tiles/support/6/15/23.png,2452,5551d23ecf7aa170004f4e2a103a4b0cdd31595f37b63fd06a4415ad1e39311f,DEC-NHPA-W002-T03-2026-09-18-01,FALSE,FALSE
workstreams/NHPA-W002/T03/outputs/interactive_map_v1/assets/tiles/support/6/15/24.png,2530,7f1e8071567749375cbf5eb14c60201e644b7c8fa7892d359362aefefa243025,DEC-NHPA-W002-T03-2026-09-18-01,FALSE,FALSE
workstreams/NHPA-W002/T03/outputs/interactive_map_v1/assets/tiles/support/6/15/25.png,2800,5797409091cb545cad43a9137a9d0d7aef3e9c88edadea2be5a73cdc71bf9caf,DEC-NHPA-W002-T03-2026-09-18-01,FALSE,FALSE
workstreams/NHPA-W002/T03/outputs/interactive_map_v1/assets/tiles/support/6/15/26.png,2265,22a3c0b40614a3c55bf227bd09ccf97336defc6b95fa145a1e3ecd259f6b2027,DEC-NHPA-W002-T03-2026-09-18-01,FALSE,FALSE
workstreams/NHPA-W002/T03/outputs/interactive_map_v1/assets/tiles/support/6/16/20.png,874,60943ca2f477ed3e932b57443b51a82583d1ae4819805dd99e6e0ed5e6388857,DEC-NHPA-W002-T03-2026-09-18-01,FALSE,FALSE
workstreams/NHPA-W002/T03/outputs/interactive_map_v1/assets/tiles/support/6/16/21.png,1017,0aace62387e7da1586d09dc2d6c6a86da7bdfcb219cf5f2e2bd2a050d330c1f2,DEC-NHPA-W002-T03-2026-09-18-01,FALSE,FALSE
workstreams/NHPA-W002/T03/outputs/interactive_map_v1/assets/tiles/support/6/16/22.png,3418,0da1e7fdb65d65a82abfea7cec5e0b77df44ad14e070f17ba1bb9dace6cbd3b6,DEC-NHPA-W002-T03-2026-09-18-01,FALSE,FALSE
workstreams/NHPA-W002/T03/outputs/interactive_map_v1/assets/tiles/support/6/16/23.png,4356,dba770a529afb3a42aa555870478e932951593d4a5de7c903e4e60af359e5fce,DEC-NHPA-W002-T03-2026-09-18-01,FALSE,FALSE
workstreams/NHPA-W002/T03/outputs/interactive_map_v1/assets/tiles/support/6/16/24.png,3797,d1fda274f648675821ce818247a3596c7bbbbc2a2aac6b5fc65939672ff147a0,DEC-NHPA-W002-T03-2026-09-18-01,FALSE,FALSE
workstreams/NHPA-W002/T03/outputs/interactive_map_v1/assets/tiles/support/6/16/25.png,4297,16b2db1c4cc3c96d84d1b9352691d0e4ef50a3dbfb1b43ef440c3edfb8f665ae,DEC-NHPA-W002-T03-2026-09-18-01,FALSE,FALSE
workstreams/NHPA-W002/T03/outputs/interactive_map_v1/assets/tiles/support/6/16/26.png,2373,396350d989c60fa9f37715754d789488b5432f893abec189cb3954f545213255,DEC-NHPA-W002-T03-2026-09-18-01,FALSE,FALSE
workstreams/NHPA-W002/T03/outputs/interactive_map_v1/assets/tiles/support/6/17/21.png,1016,62d09116913ddba196f1638854247a766c7f803d5bb760aadbbc609107505cf6,DEC-NHPA-W002-T03-2026-09-18-01,FALSE,FALSE
workstreams/NHPA-W002/T03/outputs/interactive_map_v1/assets/tiles/support/6/17/22.png,3098,b2394bfb3a29e156f61f16b29a8cb7b668658bffa8b8a4088be1e8974633533c,DEC-NHPA-W002-T03-2026-09-18-01,FALSE,FALSE
workstreams/NHPA-W002/T03/outputs/interactive_map_v1/assets/tiles/support/6/17/23.png,4928,8a0928b3a4603fe7890f8f8cf7c79a878ce772eaf6324721b34e3a5528513d69,DEC-NHPA-W002-T03-2026-09-18-01,FALSE,FALSE
workstreams/NHPA-W002/T03/outputs/interactive_map_v1/assets/tiles/support/6/17/24.png,5302,368e899b7d8dfced64cb0ad33314cdef9578693f34f27fe09771c3d89fa1afa6,DEC-NHPA-W002-T03-2026-09-18-01,FALSE,FALSE
workstreams/NHPA-W002/T03/outputs/interactive_map_v1/assets/tiles/support/6/17/25.png,5360,787c0e3d18a0c0a0edd2138e6ddc7252452d16f543e3a6c459f36c90d37eea64,DEC-NHPA-W002-T03-2026-09-18-01,FALSE,FALSE
workstreams/NHPA-W002/T03/outputs/interactive_map_v1/assets/tiles/support/6/17/26.png,3551,ee108e9dc5d69af3742274455c2ba502113a151aafb4012444efdc468e650a0e,DEC-NHPA-W002-T03-2026-09-18-01,FALSE,FALSE
workstreams/NHPA-W002/T03/outputs/interactive_map_v1/assets/tiles/support/6/17/27.png,1794,13380259d822bfc06940e9fba9b6482bfaa9032a95424b799a525c55ba5667a0,DEC-NHPA-W002-T03-2026-09-18-01,FALSE,FALSE
workstreams/NHPA-W002/T03/outputs/interactive_map_v1/assets/tiles/support/6/18/20.png,769,8d49f83f873d596ff2903830bdcecc0a6d696c58e7c806b143defca2773db407,DEC-NHPA-W002-T03-2026-09-18-01,FALSE,FALSE
workstreams/NHPA-W002/T03/outputs/interactive_map_v1/assets/tiles/support/6/18/21.png,1004,6a1dcc351bd5c2f736990095498dd1f5726e0c1c74f32f0968df262d91078f84,DEC-NHPA-W002-T03-2026-09-18-01,FALSE,FALSE
workstreams/NHPA-W002/T03/outputs/interactive_map_v1/assets/tiles/support/6/18/22.png,2599,7a5ec5684765628991fde98d0e954182efbe0948b9d4055a441d2e5ce17aec44,DEC-NHPA-W002-T03-2026-09-18-01,FALSE,FALSE
workstreams/NHPA-W002/T03/outputs/interactive_map_v1/assets/tiles/support/6/18/23.png,5826,7849c4937f862584f2c8b9505b28e4dd0a62894b6408784db00908a31eeb69ef,DEC-NHPA-W002-T03-2026-09-18-01,FALSE,FALSE
workstreams/NHPA-W002/T03/outputs/interactive_map_v1/assets/tiles/support/6/18/24.png,5481,ffd08c788b91d7340df656d9acac2cd3a488fd4053c0994cbee5e4c4c06da88b,DEC-NHPA-W002-T03-2026-09-18-01,FALSE,FALSE
workstreams/NHPA-W002/T03/outputs/interactive_map_v1/assets/tiles/support/6/18/25.png,2466,391cc8145aabc87f96b509ba8eca7c7bb6def5a7b5501f532055d2bf64576cb1,DEC-NHPA-W002-T03-2026-09-18-01,FALSE,FALSE
workstreams/NHPA-W002/T03/outputs/interactive_map_v1/assets/tiles/support/6/19/20.png,831,1cb6815ee98dbc1416437b9c76bdc647498a50972199c0987cf4305c7e546830,DEC-NHPA-W002-T03-2026-09-18-01,FALSE,FALSE
workstreams/NHPA-W002/T03/outputs/interactive_map_v1/assets/tiles/support/6/19/21.png,749,e4ca850862906667269a9747953ca9fd9aec020171c1b308effa971f00589905,DEC-NHPA-W002-T03-2026-09-18-01,FALSE,FALSE
workstreams/NHPA-W002/T03/outputs/interactive_map_v1/assets/tiles/support/6/19/22.png,3799,172790d3397f936360d14f8c83d9528cbf5bceb9e4cbcbf9a231a2d437af572e,DEC-NHPA-W002-T03-2026-09-18-01,FALSE,FALSE
workstreams/NHPA-W002/T03/outputs/interactive_map_v1/assets/tiles/support/6/19/23.png,5036,8fd3f0a8a21e26acd63c59f568ca79eb5e953dd4c17c7775c3b8f90ca13d2a47,DEC-NHPA-W002-T03-2026-09-18-01,FALSE,FALSE
workstreams/NHPA-W002/T03/outputs/interactive_map_v1/assets/tiles/support/6/19/24.png,761,3db2f1d0e34498c5ac941314680eaacfeb3f396941c668d50c7b88658d48f3c5,DEC-NHPA-W002-T03-2026-09-18-01,FALSE,FALSE
workstreams/NHPA-W002/T03/outputs/interactive_map_v1/assets/tiles/support/6/20/20.png,831,24a0135d4c0c7d8db33dc87930f16edec7a4e5e430b2fce96eda52ad816e11cb,DEC-NHPA-W002-T03-2026-09-18-01,FALSE,FALSE
workstreams/NHPA-W002/T03/outputs/interactive_map_v1/assets/tiles/support/6/20/21.png,1603,9d38657f91dbe0758853b072953a463c4eccc9bdf7c4233f2ae560622f62b394,DEC-NHPA-W002-T03-2026-09-18-01,FALSE,FALSE
workstreams/NHPA-W002/T03/outputs/interactive_map_v1/assets/tiles/support/6/20/22.png,3141,4f44704148f432069a56e45022dfd3932a22a3b83c82bb335c5daad7548a63ec,DEC-NHPA-W002-T03-2026-09-18-01,FALSE,FALSE
workstreams/NHPA-W002/T03/outputs/interactive_map_v1/assets/tiles/support/6/20/23.png,2038,cce6a00608841ca34e4538d25b1e858bf52eedfaeeff6bf2bced6e423c196291,DEC-NHPA-W002-T03-2026-09-18-01,FALSE,FALSE
workstreams/NHPA-W002/T03/outputs/interactive_map_v1/assets/tiles/support/6/21/21.png,1071,8bcdd07221c0e0247a8848998375ee47bae16fffcd7db9fd9c436ddb5b49974d,DEC-NHPA-W002-T03-2026-09-18-01,FALSE,FALSE
workstreams/NHPA-W002/T03/outputs/interactive_map_v1/assets/tiles/support/6/21/22.png,1743,d9ad6dca924a110a91d5429fa2ce33b5277d13acfad6483242a8724a5a20c8bd,DEC-NHPA-W002-T03-2026-09-18-01,FALSE,FALSE
workstreams/NHPA-W002/T03/outputs/interactive_map_v1/assets/tiles/support/6/21/23.png,687,be2664ca447a376025fae3e03526af9800e1e4cdc576571406c45b473b1bb759,DEC-NHPA-W002-T03-2026-09-18-01,FALSE,FALSE
workstreams/NHPA-W002/T03/outputs/interactive_map_v1/assets/tiles/support/6/7/18.png,1399,0f4b3d2aadf3c936d1ad5f96e842db25a7aba02f9330f1a13772d2ac17400a4b,DEC-NHPA-W002-T03-2026-09-18-01,FALSE,FALSE
workstreams/NHPA-W002/T03/outputs/interactive_map_v1/assets/tiles/support/6/8/18.png,1389,f65a7e991d0542743428b681d4019393ce6fcc831e7ecdf9ae02d4f08857a82d,DEC-NHPA-W002-T03-2026-09-18-01,FALSE,FALSE
workstreams/NHPA-W002/T03/outputs/interactive_map_v1/assets/tiles/support/6/8/19.png,1153,9b1319159fd5d30242389d288f37b7000ecf12881ee8f525af1fc4dc87d0f5b5,DEC-NHPA-W002-T03-2026-09-18-01,FALSE,FALSE
workstreams/NHPA-W002/T03/outputs/interactive_map_v1/assets/tiles/support/6/8/20.png,629,305bebc21aff3fd6fb4cc7efe22dcb656bfd8db404597290b09d06e2d0998a4f,DEC-NHPA-W002-T03-2026-09-18-01,FALSE,FALSE
workstreams/NHPA-W002/T03/outputs/interactive_map_v1/assets/tiles/support/6/9/18.png,1336,c821c0b8179d603de6fc5ec535b5b44f356d21635fb56055fa933536b7d8bcbf,DEC-NHPA-W002-T03-2026-09-18-01,FALSE,FALSE
workstreams/NHPA-W002/T03/outputs/interactive_map_v1/assets/tiles/support/6/9/19.png,796,9477cb94febbbd7022205b61306d6b2035bc7806f6000a4a21dcb12818d25041,DEC-NHPA-W002-T03-2026-09-18-01,FALSE,FALSE
workstreams/NHPA-W002/T03/outputs/interactive_map_v1/assets/tiles/support/6/9/20.png,1519,2eb9bb1c8baf5b2de9a983a4b036f32d138ea81ceb53bf1bb572a18606496f43,DEC-NHPA-W002-T03-2026-09-18-01,FALSE,FALSE
workstreams/NHPA-W002/T03/outputs/interactive_map_v1/assets/tiles/support/6/9/21.png,1181,3def23b0bd6abf0e4dd3a4d87425e335d95b22bd54c5b459918bbbb0be9c95d7,DEC-NHPA-W002-T03-2026-09-18-01,FALSE,FALSE
workstreams/NHPA-W002/T03/outputs/interactive_map_v1/assets/tiles/support/6/9/22.png,959,ad0620d24d15819053cb60dc611f42ff25ba3816ce62262a1b8082709926f6ed,DEC-NHPA-W002-T03-2026-09-18-01,FALSE,FALSE
workstreams/NHPA-W002/T03/outputs/interactive_map_v1/assets/tiles/support/6/9/23.png,1216,badd556d0915851650dbf6407acbb21f40226c2c898e4071c1b317fe753082ff,DEC-NHPA-W002-T03-2026-09-18-01,FALSE,FALSE
workstreams/NHPA-W002/T03/outputs/interactive_map_v1/assets/tiles/uncertainty/3/0/2.png,667,440472c6c2622d9fb902a7549ec042292c70d220ac0f7317ea1e47520f60d491,DEC-NHPA-W002-T03-2026-09-18-01,FALSE,FALSE
workstreams/NHPA-W002/T03/outputs/interactive_map_v1/assets/tiles/uncertainty/3/1/2.png,13181,7909009759216c87ebc4fa781e686be4971a425b4e8138aafcc9449d8e9e4ac0,DEC-NHPA-W002-T03-2026-09-18-01,FALSE,FALSE
workstreams/NHPA-W002/T03/outputs/interactive_map_v1/assets/tiles/uncertainty/3/1/3.png,7547,6a9c4aaf1bd09ea1fe64edd8e95b06cc6ebe11d9fdf53de22bb5123a2829d17b,DEC-NHPA-W002-T03-2026-09-18-01,FALSE,FALSE
workstreams/NHPA-W002/T03/outputs/interactive_map_v1/assets/tiles/uncertainty/3/2/2.png,9448,89a682811155b6b7fb55fd5c94198ac06bbd9f2a692376f7934711946049ef41,DEC-NHPA-W002-T03-2026-09-18-01,FALSE,FALSE
workstreams/NHPA-W002/T03/outputs/interactive_map_v1/assets/tiles/uncertainty/3/2/3.png,5213,6938b27b531aaece3d4a622b369f82e261f1979dc0dbe841d4e420480446b850,DEC-NHPA-W002-T03-2026-09-18-01,FALSE,FALSE
workstreams/NHPA-W002/T03/outputs/interactive_map_v1/assets/tiles/uncertainty/4/1/4.png,718,ec36092e9d43e47985d28d694bab0f4e5876e92ab7b0af1bc79d4a0e77873107,DEC-NHPA-W002-T03-2026-09-18-01,FALSE,FALSE
workstreams/NHPA-W002/T03/outputs/interactive_map_v1/assets/tiles/uncertainty/4/2/4.png,918,77c2d69d457fb9c016cbdaecbaa16b07e0c9980bfb5369e1989c4da5c2a079ff,DEC-NHPA-W002-T03-2026-09-18-01,FALSE,FALSE
workstreams/NHPA-W002/T03/outputs/interactive_map_v1/assets/tiles/uncertainty/4/2/5.png,9523,dc99d928f5dd2597767d68984e4c3566b80214b440fbda510d2300c3819d3405,DEC-NHPA-W002-T03-2026-09-18-01,FALSE,FALSE
workstreams/NHPA-W002/T03/outputs/interactive_map_v1/assets/tiles/uncertainty/4/2/6.png,1488,d9dbded373bd9528330a0bb1d4c10862dd5c61a57c30b43b2426e78bdbce2494,DEC-NHPA-W002-T03-2026-09-18-01,FALSE,FALSE
workstreams/NHPA-W002/T03/outputs/interactive_map_v1/assets/tiles/uncertainty/4/3/4.png,1257,3783740d7c615b12609e7a12187925f1bfcdf7bcd2598e40a2c94711be40f403,DEC-NHPA-W002-T03-2026-09-18-01,FALSE,FALSE
workstreams/NHPA-W002/T03/outputs/interactive_map_v1/assets/tiles/uncertainty/4/3/5.png,17368,c7021b4f213e4e4fc5e799a433f346da7550af704b68d8f032b7c257110800cb,DEC-NHPA-W002-T03-2026-09-18-01,FALSE,FALSE
workstreams/NHPA-W002/T03/outputs/interactive_map_v1/assets/tiles/uncertainty/4/3/6.png,14185,30f5bf0c52f9afdc3deaeb471c13f9c1504b08524640cf487392ff52a8cef339,DEC-NHPA-W002-T03-2026-09-18-01,FALSE,FALSE
workstreams/NHPA-W002/T03/outputs/interactive_map_v1/assets/tiles/uncertainty/4/4/5.png,16596,0735630ed9328366035ea375ec95d6bcee235dba61f0903a2c36a21191381c70,DEC-NHPA-W002-T03-2026-09-18-01,FALSE,FALSE
workstreams/NHPA-W002/T03/outputs/interactive_map_v1/assets/tiles/uncertainty/4/4/6.png,9905,22811eef47fba6617fa7417289431adec77a02eb6ae5803bfc2dcbd7c38c8106,DEC-NHPA-W002-T03-2026-09-18-01,FALSE,FALSE
workstreams/NHPA-W002/T03/outputs/interactive_map_v1/assets/tiles/uncertainty/4/5/5.png,4276,eb5d2e86814acb6e1a0b26ac3d0614c7aeb64435beef8ab6dd495f48c657f3bb,DEC-NHPA-W002-T03-2026-09-18-01,FALSE,FALSE
workstreams/NHPA-W002/T03/outputs/interactive_map_v1/assets/tiles/uncertainty/5/10/10.png,2056,40269a3d1b533218b7d1ec55404b2651bef2471848f52f65ce90a3ba3ae958b9,DEC-NHPA-W002-T03-2026-09-18-01,FALSE,FALSE
workstreams/NHPA-W002/T03/outputs/interactive_map_v1/assets/tiles/uncertainty/5/10/11.png,6173,0c006d889375df71f58c7f44092725a7c4489b2c1361a57d3863b1d762f337e9,DEC-NHPA-W002-T03-2026-09-18-01,FALSE,FALSE
workstreams/NHPA-W002/T03/outputs/interactive_map_v1/assets/tiles/uncertainty/5/3/9.png,877,2a26a4f92d15d63ebf1798d11581e85a733553b28941db2f09530014bb8bb0c5,DEC-NHPA-W002-T03-2026-09-18-01,FALSE,FALSE
workstreams/NHPA-W002/T03/outputs/interactive_map_v1/assets/tiles/uncertainty/5/4/10.png,1081,399bda84b04fcd667ef8703206c218bdb53a970af91b50ef304f43e3693b4be8,DEC-NHPA-W002-T03-2026-09-18-01,FALSE,FALSE
workstreams/NHPA-W002/T03/outputs/interactive_map_v1/assets/tiles/uncertainty/5/4/11.png,1774,5c62d7b905881368a216332e7f0e2deea31ab1cc1519e652c190120198a07bb6,DEC-NHPA-W002-T03-2026-09-18-01,FALSE,FALSE
workstreams/NHPA-W002/T03/outputs/interactive_map_v1/assets/tiles/uncertainty/5/4/9.png,869,acb956a6ac1a620971d6f4bb3b2bc6d6902ca05349a0260a57b10ccae5ffd9f8,DEC-NHPA-W002-T03-2026-09-18-01,FALSE,FALSE
workstreams/NHPA-W002/T03/outputs/interactive_map_v1/assets/tiles/uncertainty/5/5/10.png,4624,13d4a3bcf4f1d0ee87e5eceb76197b006c04708c3666eb1df39ba480659cff8b,DEC-NHPA-W002-T03-2026-09-18-01,FALSE,FALSE
workstreams/NHPA-W002/T03/outputs/interactive_map_v1/assets/tiles/uncertainty/5/5/11.png,14191,ec4d148ca7f6670c201a44c24fc4da183e765f5bffed43b91c041074afba5bab,DEC-NHPA-W002-T03-2026-09-18-01,FALSE,FALSE
workstreams/NHPA-W002/T03/outputs/interactive_map_v1/assets/tiles/uncertainty/5/5/12.png,2179,1a901dc7162d92bd08d5961c036c3af6c597f5604be4b2a687c1a3636319d205,DEC-NHPA-W002-T03-2026-09-18-01,FALSE,FALSE
workstreams/NHPA-W002/T03/outputs/interactive_map_v1/assets/tiles/uncertainty/5/5/13.png,667,1fc3b63dd004084a8f129e1baa1de9330d83a341f4301e97658a1cb70a56d993,DEC-NHPA-W002-T03-2026-09-18-01,FALSE,FALSE
workstreams/NHPA-W002/T03/outputs/interactive_map_v1/assets/tiles/uncertainty/5/5/9.png,909,0d20e5847c5d848a68c5f81511b2372ac36f28da40c1ab5d8c57275e91a21a35,DEC-NHPA-W002-T03-2026-09-18-01,FALSE,FALSE
workstreams/NHPA-W002/T03/outputs/interactive_map_v1/assets/tiles/uncertainty/5/6/10.png,9412,d958af17d2fb18910ded0553bae7af66abe9e9a09e6dbc47adc06da75354a48a,DEC-NHPA-W002-T03-2026-09-18-01,FALSE,FALSE
workstreams/NHPA-W002/T03/outputs/interactive_map_v1/assets/tiles/uncertainty/5/6/11.png,16011,e2b3344187f4ae10a2450d49f651eb62a5a2cf02a5db720546f423507c80d840,DEC-NHPA-W002-T03-2026-09-18-01,FALSE,FALSE
workstreams/NHPA-W002/T03/outputs/interactive_map_v1/assets/tiles/uncertainty/5/6/12.png,14380,99e226e4b069d036cf5da0aa64372bb489cecf96b2c3ed79046c3ca26bf0eeb6,DEC-NHPA-W002-T03-2026-09-18-01,FALSE,FALSE
workstreams/NHPA-W002/T03/outputs/interactive_map_v1/assets/tiles/uncertainty/5/6/13.png,4440,57ac893bef441e122b8c7202cba75dddcb0d6deb73f39dcc94f3112fdd54c765,DEC-NHPA-W002-T03-2026-09-18-01,FALSE,FALSE
workstreams/NHPA-W002/T03/outputs/interactive_map_v1/assets/tiles/uncertainty/5/6/9.png,1026,800f9fd105876c786bfa63ae7d24d822392720d4bf229dc64b1aacee1d58d524,DEC-NHPA-W002-T03-2026-09-18-01,FALSE,FALSE
workstreams/NHPA-W002/T03/outputs/interactive_map_v1/assets/tiles/uncertainty/5/7/10.png,4208,afadba3524565200dcd16d7993893c4ebd6306ec6256e1285d0c66ceb8b25090,DEC-NHPA-W002-T03-2026-09-18-01,FALSE,FALSE
workstreams/NHPA-W002/T03/outputs/interactive_map_v1/assets/tiles/uncertainty/5/7/11.png,7395,463728379b3081787c15af2f59d3d5b279746ea4fe2abc5cc112fb74a43028b2,DEC-NHPA-W002-T03-2026-09-18-01,FALSE,FALSE
workstreams/NHPA-W002/T03/outputs/interactive_map_v1/assets/tiles/uncertainty/5/7/12.png,7896,6439f44c7c69affb70d28f99a62849bdb977a4dea80272f95e9e4f185ddb4447,DEC-NHPA-W002-T03-2026-09-18-01,FALSE,FALSE
workstreams/NHPA-W002/T03/outputs/interactive_map_v1/assets/tiles/uncertainty/5/7/13.png,4431,531678c56d153d7e9e838f6f8d2b4a5aab5f57c5f75dd03be071b500fe88b455,DEC-NHPA-W002-T03-2026-09-18-01,FALSE,FALSE
workstreams/NHPA-W002/T03/outputs/interactive_map_v1/assets/tiles/uncertainty/5/7/9.png,1185,93dc5ce44bcdc7ff4fb75248f108c24f8191c8b49cf2dbebfa94a6a380c331cf,DEC-NHPA-W002-T03-2026-09-18-01,FALSE,FALSE
workstreams/NHPA-W002/T03/outputs/interactive_map_v1/assets/tiles/uncertainty/5/8/10.png,4801,c022dd6789f0d68cdb9a56e1f64fc9333ee32ac96bdeb96983adc5b9f49ae532,DEC-NHPA-W002-T03-2026-09-18-01,FALSE,FALSE
workstreams/NHPA-W002/T03/outputs/interactive_map_v1/assets/tiles/uncertainty/5/8/11.png,11578,ac66c8a7c6e9842c42f0c57623c0b37931937bd83fc9d0a4361c428d71a5aa49,DEC-NHPA-W002-T03-2026-09-18-01,FALSE,FALSE
workstreams/NHPA-W002/T03/outputs/interactive_map_v1/assets/tiles/uncertainty/5/8/12.png,11220,26f7d48579e53c7872b22a4c919dbd70a65b176f9402eadb2707eeab63978e34,DEC-NHPA-W002-T03-2026-09-18-01,FALSE,FALSE
workstreams/NHPA-W002/T03/outputs/interactive_map_v1/assets/tiles/uncertainty/5/8/13.png,5555,35e4d78468e2744a963398fd4cbe0ce37731ac72471f2c593e4d5eb4fbeebfa8,DEC-NHPA-W002-T03-2026-09-18-01,FALSE,FALSE
workstreams/NHPA-W002/T03/outputs/interactive_map_v1/assets/tiles/uncertainty/5/9/10.png,6125,3ff933dfc79857095a1edcb101c8eff62e2ecd74c3e752fb5ca3ad0eee0bfe78,DEC-NHPA-W002-T03-2026-09-18-01,FALSE,FALSE
workstreams/NHPA-W002/T03/outputs/interactive_map_v1/assets/tiles/uncertainty/5/9/11.png,15067,df9f5cc25b3a78b75c83a4f9343fd2f4c6e446de240b15f2e6a9e458aaa3307b,DEC-NHPA-W002-T03-2026-09-18-01,FALSE,FALSE
workstreams/NHPA-W002/T03/outputs/interactive_map_v1/assets/tiles/uncertainty/5/9/12.png,5108,fb0e89bf65d444860b87408f948ccb02757eac7883bdeae74659785614a3fb42,DEC-NHPA-W002-T03-2026-09-18-01,FALSE,FALSE
workstreams/NHPA-W002/T03/outputs/interactive_map_v1/assets/tiles/uncertainty/6/10/18.png,687,9d276c2636b32ec029de048e81a18bc6e32be22fc876019dbdfa93d4e9b158e4,DEC-NHPA-W002-T03-2026-09-18-01,FALSE,FALSE
workstreams/NHPA-W002/T03/outputs/interactive_map_v1/assets/tiles/uncertainty/6/10/19.png,830,b2a8697820ea6b021a41d6cf0221af6beec16c524cbd4f04b1996d8a32294f0a,DEC-NHPA-W002-T03-2026-09-18-01,FALSE,FALSE
workstreams/NHPA-W002/T03/outputs/interactive_map_v1/assets/tiles/uncertainty/6/10/20.png,451,eb74d496ff66ed53e2e8fc9d6cc17d37d7a57a8040d17afe153d56bba7fe2119,DEC-NHPA-W002-T03-2026-09-18-01,FALSE,FALSE
workstreams/NHPA-W002/T03/outputs/interactive_map_v1/assets/tiles/uncertainty/6/10/21.png,3025,04ed96a806786c49a30bef76a6a26edfaf92c087eaca4792844ea2fa09e5e95e,DEC-NHPA-W002-T03-2026-09-18-01,FALSE,FALSE
workstreams/NHPA-W002/T03/outputs/interactive_map_v1/assets/tiles/uncertainty/6/10/22.png,9345,f7f418c6cfa160f1b04ded1a441302bfa5d7893dacec42284ef05026f4fc8f3d,DEC-NHPA-W002-T03-2026-09-18-01,FALSE,FALSE
workstreams/NHPA-W002/T03/outputs/interactive_map_v1/assets/tiles/uncertainty/6/10/23.png,5453,bdc81fe12f52660772f78e606cfdb4448ca151aab4ebc9665ce8a387fa5c3b2d,DEC-NHPA-W002-T03-2026-09-18-01,FALSE,FALSE
workstreams/NHPA-W002/T03/outputs/interactive_map_v1/assets/tiles/uncertainty/6/11/18.png,863,411fce526f9e88ef56a5487721e34b012ddea7cfc3e38f1180a4185e1766e495,DEC-NHPA-W002-T03-2026-09-18-01,FALSE,FALSE
workstreams/NHPA-W002/T03/outputs/interactive_map_v1/assets/tiles/uncertainty/6/11/19.png,475,31984ec5823f22dfb7d93636460bd7cd1f8862a5d55222ff30039f1360cae05c,DEC-NHPA-W002-T03-2026-09-18-01,FALSE,FALSE
workstreams/NHPA-W002/T03/outputs/interactive_map_v1/assets/tiles/uncertainty/6/11/20.png,698,a0e6335387b3388ca6e524c9449e906741c2b74a5ba80166eed7307a5232df9d,DEC-NHPA-W002-T03-2026-09-18-01,FALSE,FALSE
workstreams/NHPA-W002/T03/outputs/interactive_map_v1/assets/tiles/uncertainty/6/11/21.png,5600,5fbf3b72de1bc0ff9df1cfade4e3424debbf249050850d1c96e5e75d8bdc710b,DEC-NHPA-W002-T03-2026-09-18-01,FALSE,FALSE
workstreams/NHPA-W002/T03/outputs/interactive_map_v1/assets/tiles/uncertainty/6/11/22.png,10902,d57795f96c300462d55b00015a31ad23491df6fe3a1bed78f9f66e8b1c7b66bd,DEC-NHPA-W002-T03-2026-09-18-01,FALSE,FALSE
workstreams/NHPA-W002/T03/outputs/interactive_map_v1/assets/tiles/uncertainty/6/11/23.png,5726,a071d209727282d5a66b507c56070e6cb733b1a8c290d387b55e6b8b5f051ddd,DEC-NHPA-W002-T03-2026-09-18-01,FALSE,FALSE
workstreams/NHPA-W002/T03/outputs/interactive_map_v1/assets/tiles/uncertainty/6/11/24.png,681,174b9630774be320b4e92f05545844d34b65c5d53cc11bb4a459cb00f214c521,DEC-NHPA-W002-T03-2026-09-18-01,FALSE,FALSE
workstreams/NHPA-W002/T03/outputs/interactive_map_v1/assets/tiles/uncertainty/6/11/25.png,3185,01e51193ed21113e11b30a9bc6af09f00b7676ac3c90d30b15f7fb86e2ff7904,DEC-NHPA-W002-T03-2026-09-18-01,FALSE,FALSE
workstreams/NHPA-W002/T03/outputs/interactive_map_v1/assets/tiles/uncertainty/6/11/26.png,719,b416553c906c5cd19e0af36c7ef891ff9784959469ba3255e764a221489b599a,DEC-NHPA-W002-T03-2026-09-18-01,FALSE,FALSE
workstreams/NHPA-W002/T03/outputs/interactive_map_v1/assets/tiles/uncertainty/6/12/18.png,795,143f96e8e694796ad8d2dcc3c379a0d2561cb96b32fc5510a0d84a2edb3ebdfa,DEC-NHPA-W002-T03-2026-09-18-01,FALSE,FALSE
workstreams/NHPA-W002/T03/outputs/interactive_map_v1/assets/tiles/uncertainty/6/12/19.png,530,18591043eddc54c374a1410e7a6e93f0a41abe1ffa7e31c2cedef0fd3d0dcf95,DEC-NHPA-W002-T03-2026-09-18-01,FALSE,FALSE
workstreams/NHPA-W002/T03/outputs/interactive_map_v1/assets/tiles/uncertainty/6/12/20.png,2835,94a81553cc77354fbd551cdcece63e0b7b7ddb84417037b90794ba184598138b,DEC-NHPA-W002-T03-2026-09-18-01,FALSE,FALSE
workstreams/NHPA-W002/T03/outputs/interactive_map_v1/assets/tiles/uncertainty/6/12/21.png,7923,d7a5cea94c34f967c7437a978c9f1e8f9410e2a8df6fc9d73c4fbbe0e9882175,DEC-NHPA-W002-T03-2026-09-18-01,FALSE,FALSE
workstreams/NHPA-W002/T03/outputs/interactive_map_v1/assets/tiles/uncertainty/6/12/22.png,9220,fa45ec8c73b94045b1e17074103191693d2650a735d23ce7d49f782501b199fe,DEC-NHPA-W002-T03-2026-09-18-01,FALSE,FALSE
workstreams/NHPA-W002/T03/outputs/interactive_map_v1/assets/tiles/uncertainty/6/12/23.png,8014,44a60b472331abe34b03e0a8d5b97064f9787878f64017033a9edcb3dbc94b27,DEC-NHPA-W002-T03-2026-09-18-01,FALSE,FALSE
workstreams/NHPA-W002/T03/outputs/interactive_map_v1/assets/tiles/uncertainty/6/12/24.png,2038,a31172ad10ccd295a9307fe2158b47488cc8fccdde197bfc35af67e8958b19a8,DEC-NHPA-W002-T03-2026-09-18-01,FALSE,FALSE
workstreams/NHPA-W002/T03/outputs/interactive_map_v1/assets/tiles/uncertainty/6/12/25.png,8681,ad15d3d2997fae1e37d0f7e46220b64581c54c5a08dd5321870147068b12fe06,DEC-NHPA-W002-T03-2026-09-18-01,FALSE,FALSE
workstreams/NHPA-W002/T03/outputs/interactive_map_v1/assets/tiles/uncertainty/6/12/26.png,3013,59a42342a3cd65cd2bfa842d41ef8f79d9f80b12e49ac80536ed2f24419594f1,DEC-NHPA-W002-T03-2026-09-18-01,FALSE,FALSE
workstreams/NHPA-W002/T03/outputs/interactive_map_v1/assets/tiles/uncertainty/6/13/18.png,727,2f91cc7c487c1c53e203d6c4daeb04980559014e2775a259aac2efbaab08943a,DEC-NHPA-W002-T03-2026-09-18-01,FALSE,FALSE
workstreams/NHPA-W002/T03/outputs/interactive_map_v1/assets/tiles/uncertainty/6/13/19.png,917,315b4c1f2d5b0ca4b55a87dddcace35ca3a30ab455f6988dbe9816b9611af9f2,DEC-NHPA-W002-T03-2026-09-18-01,FALSE,FALSE
workstreams/NHPA-W002/T03/outputs/interactive_map_v1/assets/tiles/uncertainty/6/13/20.png,3972,323466897a7f7aeeea0eaea67e2c171f6caf04fdc33863145792431db44afe76,DEC-NHPA-W002-T03-2026-09-18-01,FALSE,FALSE
workstreams/NHPA-W002/T03/outputs/interactive_map_v1/assets/tiles/uncertainty/6/13/21.png,4838,4e895c4f6bce0957001c2c4bc98ec2333fc2640be628e049a3a08432232e64f1,DEC-NHPA-W002-T03-2026-09-18-01,FALSE,FALSE
workstreams/NHPA-W002/T03/outputs/interactive_map_v1/assets/tiles/uncertainty/6/13/22.png,6831,9f04760a65fe6c0430e43e4821d5557bc3a0d05506b6ac827bf0c6ccf997b06f,DEC-NHPA-W002-T03-2026-09-18-01,FALSE,FALSE
workstreams/NHPA-W002/T03/outputs/interactive_map_v1/assets/tiles/uncertainty/6/13/23.png,9974,480598cc2e89dc878dbfff079d999d2d3caa4b3b1284808d9f6b3cc5e4e4f48b,DEC-NHPA-W002-T03-2026-09-18-01,FALSE,FALSE
workstreams/NHPA-W002/T03/outputs/interactive_map_v1/assets/tiles/uncertainty/6/13/24.png,7806,d08462b3139f81e11edf732d824791f5709ce52b96b1048411d16e6cbfe23430,DEC-NHPA-W002-T03-2026-09-18-01,FALSE,FALSE
workstreams/NHPA-W002/T03/outputs/interactive_map_v1/assets/tiles/uncertainty/6/13/25.png,10747,21479458b3ca2f6064d85ee5ff6178b0079cbf4f241fff0ea388859d05986f66,DEC-NHPA-W002-T03-2026-09-18-01,FALSE,FALSE
workstreams/NHPA-W002/T03/outputs/interactive_map_v1/assets/tiles/uncertainty/6/13/26.png,5379,1255692317cc9c09240ae9b6daaca02c2b502f27f091aff8a946d727475264dc,DEC-NHPA-W002-T03-2026-09-18-01,FALSE,FALSE
workstreams/NHPA-W002/T03/outputs/interactive_map_v1/assets/tiles/uncertainty/6/14/19.png,1061,f8e35ce1d9db85eec3e2d6a708adf2354ab2a0138ac88aedbd0b95cdc5589f97,DEC-NHPA-W002-T03-2026-09-18-01,FALSE,FALSE
workstreams/NHPA-W002/T03/outputs/interactive_map_v1/assets/tiles/uncertainty/6/14/20.png,2063,f4899f7132d1e4303357d1ce3e4fc87eae547ec13446224f9466cc6533fb3bd4,DEC-NHPA-W002-T03-2026-09-18-01,FALSE,FALSE
workstreams/NHPA-W002/T03/outputs/interactive_map_v1/assets/tiles/uncertainty/6/14/21.png,3234,b8566f04c086268f4e3f605dcb3e6e86a456b3a3bab7ede5e9a17652e4617379,DEC-NHPA-W002-T03-2026-09-18-01,FALSE,FALSE
workstreams/NHPA-W002/T03/outputs/interactive_map_v1/assets/tiles/uncertainty/6/14/22.png,4207,ac5b921a16a7cb8543e18389cfcf8d2236520cd29e1d888b081d3a9bdd23c360,DEC-NHPA-W002-T03-2026-09-18-01,FALSE,FALSE
workstreams/NHPA-W002/T03/outputs/interactive_map_v1/assets/tiles/uncertainty/6/14/23.png,3423,78f7d414f973de248685ac74aa50be15530e4c50af580b166a1adb7b76fb865f,DEC-NHPA-W002-T03-2026-09-18-01,FALSE,FALSE
workstreams/NHPA-W002/T03/outputs/interactive_map_v1/assets/tiles/uncertainty/6/14/24.png,4469,8abad42034863587f653748bacd92c697de98aa3d14f62105ed5bde8cadfcd71,DEC-NHPA-W002-T03-2026-09-18-01,FALSE,FALSE
workstreams/NHPA-W002/T03/outputs/interactive_map_v1/assets/tiles/uncertainty/6/14/25.png,4650,cc39cb2ff71820478d0b97f92d40bd66f948e2dae8b885dd367a86e170491a34,DEC-NHPA-W002-T03-2026-09-18-01,FALSE,FALSE
workstreams/NHPA-W002/T03/outputs/interactive_map_v1/assets/tiles/uncertainty/6/14/26.png,3867,dda63add83fc0e517e4ed5b1c843f72ca22633ed1deacb3236636f87ddc7d5e6,DEC-NHPA-W002-T03-2026-09-18-01,FALSE,FALSE
workstreams/NHPA-W002/T03/outputs/interactive_map_v1/assets/tiles/uncertainty/6/14/27.png,1244,107ba9c7340842df0b60392340e982bcc54664f3e46ec017831eea8184d7f36e,DEC-NHPA-W002-T03-2026-09-18-01,FALSE,FALSE
workstreams/NHPA-W002/T03/outputs/interactive_map_v1/assets/tiles/uncertainty/6/15/19.png,970,14ae03b3b7c0042397294470dd40e57a6fecf238edefa1230e0dd55253154240,DEC-NHPA-W002-T03-2026-09-18-01,FALSE,FALSE
workstreams/NHPA-W002/T03/outputs/interactive_map_v1/assets/tiles/uncertainty/6/15/20.png,1550,188dea21eb700c465486e82487bb1c9ad7c83b5d77c2d91feb09ce13ccd646ca,DEC-NHPA-W002-T03-2026-09-18-01,FALSE,FALSE
workstreams/NHPA-W002/T03/outputs/interactive_map_v1/assets/tiles/uncertainty/6/15/21.png,1973,6339c24f08e8b70e486ca7d3aaf0bc1788e38533fc870bc383f21b4f755de387,DEC-NHPA-W002-T03-2026-09-18-01,FALSE,FALSE
workstreams/NHPA-W002/T03/outputs/interactive_map_v1/assets/tiles/uncertainty/6/15/22.png,4870,e7d6e58bce659a115ccbf956f74c12ebe5c6aabfe37e5dcd92e43f78ba8dc06e,DEC-NHPA-W002-T03-2026-09-18-01,FALSE,FALSE
workstreams/NHPA-W002/T03/outputs/interactive_map_v1/assets/tiles/uncertainty/6/15/23.png,3020,b23de292987497dccac67e481937f078fc2c43a18e0821d34ec1e3e0973d4829,DEC-NHPA-W002-T03-2026-09-18-01,FALSE,FALSE
workstreams/NHPA-W002/T03/outputs/interactive_map_v1/assets/tiles/uncertainty/6/15/24.png,2332,911eafd32589cee5f3421080d0187db74d03a58c22b46a5bf24dc817127257d7,DEC-NHPA-W002-T03-2026-09-18-01,FALSE,FALSE
workstreams/NHPA-W002/T03/outputs/interactive_map_v1/assets/tiles/uncertainty/6/15/25.png,4930,0fd5dc6d3535499a8921e67f360712a3438009a6ecc0238575412de94eb25e77,DEC-NHPA-W002-T03-2026-09-18-01,FALSE,FALSE
workstreams/NHPA-W002/T03/outputs/interactive_map_v1/assets/tiles/uncertainty/6/15/26.png,3125,5501363d3a4004d3986ee6115a0224c3c56f4cb4bd689ec6525b8a4c96ebf25c,DEC-NHPA-W002-T03-2026-09-18-01,FALSE,FALSE
workstreams/NHPA-W002/T03/outputs/interactive_map_v1/assets/tiles/uncertainty/6/16/20.png,2047,75bc1d87da951006a34dce8f1af68e2a9d38d6fa7e142967deb7718d5f470f99,DEC-NHPA-W002-T03-2026-09-18-01,FALSE,FALSE
workstreams/NHPA-W002/T03/outputs/interactive_map_v1/assets/tiles/uncertainty/6/16/21.png,2923,96ba6320f3f7c2d5bbfb42ae04ef4c6162360d17a903ffdad3b4efee52bab6aa,DEC-NHPA-W002-T03-2026-09-18-01,FALSE,FALSE
workstreams/NHPA-W002/T03/outputs/interactive_map_v1/assets/tiles/uncertainty/6/16/22.png,5942,77353dada13f6f68c32936b303495876f1da9ae6541f81c1903a759bf6b64170,DEC-NHPA-W002-T03-2026-09-18-01,FALSE,FALSE
workstreams/NHPA-W002/T03/outputs/interactive_map_v1/assets/tiles/uncertainty/6/16/23.png,3519,d3805942b8668f119b4725b499e25d8cf1cafcb39dd60772d71da232ca98d883,DEC-NHPA-W002-T03-2026-09-18-01,FALSE,FALSE
workstreams/NHPA-W002/T03/outputs/interactive_map_v1/assets/tiles/uncertainty/6/16/24.png,4783,855468f902d0fb4849a4f98671147811a29aaa0dcb09c2284e7af74b31d93d80,DEC-NHPA-W002-T03-2026-09-18-01,FALSE,FALSE
workstreams/NHPA-W002/T03/outputs/interactive_map_v1/assets/tiles/uncertainty/6/16/25.png,6897,20950d657f17128067ff9e9ab530128af9de48ea6e2f6d75f49ff791ea13f84e,DEC-NHPA-W002-T03-2026-09-18-01,FALSE,FALSE
workstreams/NHPA-W002/T03/outputs/interactive_map_v1/assets/tiles/uncertainty/6/16/26.png,3778,c8e2433937134197a0f2698f2958dcdd075429afd242dcf7e097446513ad52fb,DEC-NHPA-W002-T03-2026-09-18-01,FALSE,FALSE
workstreams/NHPA-W002/T03/outputs/interactive_map_v1/assets/tiles/uncertainty/6/17/21.png,4514,5150b32caede529191e8d5bdc4537e14bb2b9af1342aae7594f5190fae1f6036,DEC-NHPA-W002-T03-2026-09-18-01,FALSE,FALSE
workstreams/NHPA-W002/T03/outputs/interactive_map_v1/assets/tiles/uncertainty/6/17/22.png,7683,2a08ba56a88dda606934e3d0b7439dcc2801ae2200bc331bfbc38eb1d8a11597,DEC-NHPA-W002-T03-2026-09-18-01,FALSE,FALSE
workstreams/NHPA-W002/T03/outputs/interactive_map_v1/assets/tiles/uncertainty/6/17/23.png,6510,2d236f5f81b45df52ada75d1a934e2375b3106a9556bae4aec185216f5d83662,DEC-NHPA-W002-T03-2026-09-18-01,FALSE,FALSE
workstreams/NHPA-W002/T03/outputs/interactive_map_v1/assets/tiles/uncertainty/6/17/24.png,5505,7ef353a097f9f9f2bba30bb18b62c416e77f61d93b4ef65275e0cac543c2268d,DEC-NHPA-W002-T03-2026-09-18-01,FALSE,FALSE
workstreams/NHPA-W002/T03/outputs/interactive_map_v1/assets/tiles/uncertainty/6/17/25.png,6634,57a71d5bb159d18a59b23aa40a1eff205bd1d667674a8864c55f1a2f705fed5e,DEC-NHPA-W002-T03-2026-09-18-01,FALSE,FALSE
workstreams/NHPA-W002/T03/outputs/interactive_map_v1/assets/tiles/uncertainty/6/17/26.png,4008,7434828a3f1689e0bf688be13eeaea0152fb56c1247c1ff8dba05b27724f404e,DEC-NHPA-W002-T03-2026-09-18-01,FALSE,FALSE
workstreams/NHPA-W002/T03/outputs/interactive_map_v1/assets/tiles/uncertainty/6/17/27.png,3447,37ed47fa5d9b9ca401bb2896b6abbc530ecbd40ce98d012978b3ae07c5f313e9,DEC-NHPA-W002-T03-2026-09-18-01,FALSE,FALSE
workstreams/NHPA-W002/T03/outputs/interactive_map_v1/assets/tiles/uncertainty/6/18/20.png,1092,82dafa4949f4457028a26703c8c5f883788afb30fd023299cb70d9c613ce01a2,DEC-NHPA-W002-T03-2026-09-18-01,FALSE,FALSE
workstreams/NHPA-W002/T03/outputs/interactive_map_v1/assets/tiles/uncertainty/6/18/21.png,8040,980c4d9b7b0cf16cf43ee8f537b1d120702b3d409692dde52cc37f1abc5c8c5f,DEC-NHPA-W002-T03-2026-09-18-01,FALSE,FALSE
workstreams/NHPA-W002/T03/outputs/interactive_map_v1/assets/tiles/uncertainty/6/18/22.png,10586,29a4d67686a6374c5af3cebbc40e51adccfe394bf7afe37047f9ad6fbd90ebff,DEC-NHPA-W002-T03-2026-09-18-01,FALSE,FALSE
workstreams/NHPA-W002/T03/outputs/interactive_map_v1/assets/tiles/uncertainty/6/18/23.png,7701,d9c4916acbeeb4434c62c28aa40740f9fef9175f912a3bde7616cbaed1673765,DEC-NHPA-W002-T03-2026-09-18-01,FALSE,FALSE
workstreams/NHPA-W002/T03/outputs/interactive_map_v1/assets/tiles/uncertainty/6/18/24.png,6379,33ba0dad621785785f8b03f85f67e0b390250c65eeacde28d41115ac75468261,DEC-NHPA-W002-T03-2026-09-18-01,FALSE,FALSE
workstreams/NHPA-W002/T03/outputs/interactive_map_v1/assets/tiles/uncertainty/6/18/25.png,3606,f54ae9b3c011c85f97b53c046189e532396bf679799fec46a083c273de57fd44,DEC-NHPA-W002-T03-2026-09-18-01,FALSE,FALSE
workstreams/NHPA-W002/T03/outputs/interactive_map_v1/assets/tiles/uncertainty/6/19/20.png,1360,0cc9429d76bfdf4cd811cd9d88d0e11fcd7cef21af7710db825c8d4b6db63044,DEC-NHPA-W002-T03-2026-09-18-01,FALSE,FALSE
workstreams/NHPA-W002/T03/outputs/interactive_map_v1/assets/tiles/uncertainty/6/19/21.png,2244,a1485beb43ab5efa74d9116de31010137854f9dedf96c8ba0ff7d7d4cd446b18,DEC-NHPA-W002-T03-2026-09-18-01,FALSE,FALSE
workstreams/NHPA-W002/T03/outputs/interactive_map_v1/assets/tiles/uncertainty/6/19/22.png,7669,9bacec23616fc990c5bc5d061b2cfd0d33fbcc1b038dfbb85f07a26f41d05dd1,DEC-NHPA-W002-T03-2026-09-18-01,FALSE,FALSE
workstreams/NHPA-W002/T03/outputs/interactive_map_v1/assets/tiles/uncertainty/6/19/23.png,6071,6ebe0fe80f77269f320f1375417b29e343455b799a4d0e5fdc03cee0bce47177,DEC-NHPA-W002-T03-2026-09-18-01,FALSE,FALSE
workstreams/NHPA-W002/T03/outputs/interactive_map_v1/assets/tiles/uncertainty/6/19/24.png,845,70ebfb81a9585de6031fe7b18ab645fb31309a4b199ace3ee250b6f61622fc5f,DEC-NHPA-W002-T03-2026-09-18-01,FALSE,FALSE
workstreams/NHPA-W002/T03/outputs/interactive_map_v1/assets/tiles/uncertainty/6/20/20.png,942,f427d04320ee8b486ac8187163ee6ada4d0fa30328a6ea4c369c7e903b98ab72,DEC-NHPA-W002-T03-2026-09-18-01,FALSE,FALSE
workstreams/NHPA-W002/T03/outputs/interactive_map_v1/assets/tiles/uncertainty/6/20/21.png,2496,2f27e4599de233cf126874403ab1daffb1dd9eab332bc7a97dbbc62caebbef95,DEC-NHPA-W002-T03-2026-09-18-01,FALSE,FALSE
workstreams/NHPA-W002/T03/outputs/interactive_map_v1/assets/tiles/uncertainty/6/20/22.png,7404,c4ec5e9f041eee61fac968002de0945f60e6a822e6f884ae7abddbd6536c485b,DEC-NHPA-W002-T03-2026-09-18-01,FALSE,FALSE
workstreams/NHPA-W002/T03/outputs/interactive_map_v1/assets/tiles/uncertainty/6/20/23.png,3539,f4353b4035ad9f417a1f11fa4d8d7690b05bb5736946e027aeac42925d104c46,DEC-NHPA-W002-T03-2026-09-18-01,FALSE,FALSE
workstreams/NHPA-W002/T03/outputs/interactive_map_v1/assets/tiles/uncertainty/6/21/21.png,1384,25fe814721c8e97c0134c383e7df51291ebc3ee25003170422d656b1dead5328,DEC-NHPA-W002-T03-2026-09-18-01,FALSE,FALSE
workstreams/NHPA-W002/T03/outputs/interactive_map_v1/assets/tiles/uncertainty/6/21/22.png,2429,f2dba26d2dd911133f52c48207bd62626eb84ce3a33faa703c6ba6455159c376,DEC-NHPA-W002-T03-2026-09-18-01,FALSE,FALSE
workstreams/NHPA-W002/T03/outputs/interactive_map_v1/assets/tiles/uncertainty/6/21/23.png,708,17458081dd5b473aaf12814da9a07b935c11bd156923345e8e6a754452155933,DEC-NHPA-W002-T03-2026-09-18-01,FALSE,FALSE
workstreams/NHPA-W002/T03/outputs/interactive_map_v1/assets/tiles/uncertainty/6/7/18.png,1068,e62748a4e01223119f2ed6c1cf0214cc8a698579af75a5024cf863fe667f6821,DEC-NHPA-W002-T03-2026-09-18-01,FALSE,FALSE
workstreams/NHPA-W002/T03/outputs/interactive_map_v1/assets/tiles/uncertainty/6/8/18.png,746,a42e05318c4afc338bdfe7a9cb5b4fa3f5caed9702f093ae5c590dd5f2dd7ee3,DEC-NHPA-W002-T03-2026-09-18-01,FALSE,FALSE
workstreams/NHPA-W002/T03/outputs/interactive_map_v1/assets/tiles/uncertainty/6/8/19.png,913,bbf59899f789566d47fd64f143ac6745cdaa0be5889a7a437b50fbb92a76002c,DEC-NHPA-W002-T03-2026-09-18-01,FALSE,FALSE
workstreams/NHPA-W002/T03/outputs/interactive_map_v1/assets/tiles/uncertainty/6/8/20.png,629,fd7a4ae9fb25eab346cd6a8bea5ab7e642ea583de7bcfb0194c168cd59b4d9ea,DEC-NHPA-W002-T03-2026-09-18-01,FALSE,FALSE
workstreams/NHPA-W002/T03/outputs/interactive_map_v1/assets/tiles/uncertainty/6/9/18.png,645,4725f7dfbc6f440ef93eb194098d5bb8f01c73c53a3c79b05710b87e816ffbab,DEC-NHPA-W002-T03-2026-09-18-01,FALSE,FALSE
workstreams/NHPA-W002/T03/outputs/interactive_map_v1/assets/tiles/uncertainty/6/9/19.png,451,eb74d496ff66ed53e2e8fc9d6cc17d37d7a57a8040d17afe153d56bba7fe2119,DEC-NHPA-W002-T03-2026-09-18-01,FALSE,FALSE
workstreams/NHPA-W002/T03/outputs/interactive_map_v1/assets/tiles/uncertainty/6/9/20.png,813,4c9e67158ee65a6ff8d24303e118b32934a6281a952a4bda6059439fe420dbb3,DEC-NHPA-W002-T03-2026-09-18-01,FALSE,FALSE
workstreams/NHPA-W002/T03/outputs/interactive_map_v1/assets/tiles/uncertainty/6/9/21.png,1107,b2a825854b877dbcfd90ad2709b54097e299beb78f55218f996ff5bb9c9b4041,DEC-NHPA-W002-T03-2026-09-18-01,FALSE,FALSE
workstreams/NHPA-W002/T03/outputs/interactive_map_v1/assets/tiles/uncertainty/6/9/22.png,1108,9cc651839560c1ed44a123749ad920945cc0ce84eed6e8cb26842c4a94944dc8,DEC-NHPA-W002-T03-2026-09-18-01,FALSE,FALSE
workstreams/NHPA-W002/T03/outputs/interactive_map_v1/assets/tiles/uncertainty/6/9/23.png,2336,95fd528502a1ce38203529714eca2f96475a0edbf76ac68e3def4538f812c231,DEC-NHPA-W002-T03-2026-09-18-01,FALSE,FALSE
workstreams/NHPA-W002/T03/outputs/interactive_map_v1/assets/vendor/leaflet/images/layers-2x.png,1259,066daca850d8ffbef007af00b06eac0015728dee279c51f3cb6c716df7c42edf,DEC-NHPA-W002-T03-2026-09-18-01,FALSE,FALSE
workstreams/NHPA-W002/T03/outputs/interactive_map_v1/assets/vendor/leaflet/images/layers.png,696,1dbbe9d028e292f36fcba8f8b3a28d5e8932754fc2215b9ac69e4cdecf5107c6,DEC-NHPA-W002-T03-2026-09-18-01,FALSE,FALSE
workstreams/NHPA-W002/T03/outputs/interactive_map_v1/assets/vendor/leaflet/images/marker-icon-2x.png,2464,00179c4c1ee830d3a108412ae0d294f55776cfeb085c60129a39aa6fc4ae2528,DEC-NHPA-W002-T03-2026-09-18-01,FALSE,FALSE
workstreams/NHPA-W002/T03/outputs/interactive_map_v1/assets/vendor/leaflet/images/marker-icon.png,1466,574c3a5cca85f4114085b6841596d62f00d7c892c7b03f28cbfa301deb1dc437,DEC-NHPA-W002-T03-2026-09-18-01,FALSE,FALSE
workstreams/NHPA-W002/T03/outputs/interactive_map_v1/assets/vendor/leaflet/images/marker-shadow.png,618,264f5c640339f042dd729062cfc04c17f8ea0f29882b538e3848ed8f10edb4da,DEC-NHPA-W002-T03-2026-09-18-01,FALSE,FALSE
workstreams/NHPA-W002/T03/outputs/interactive_map_v1/assets/vendor/leaflet/leaflet.css,14198,8985209ab6a97c31af06b78f24facc59064370e6dd01c4ad281a633f7033fb7b,DEC-NHPA-W002-T03-2026-09-18-01,FALSE,FALSE
workstreams/NHPA-W002/T03/outputs/interactive_map_v1/assets/vendor/leaflet/leaflet.js,139645,7d64e8a8b6beb191bd8f7e3b7832f6d4283a8f5a3d5367ed78db2dd25606f16b,DEC-NHPA-W002-T03-2026-09-18-01,FALSE,FALSE
workstreams/NHPA-W002/T03/outputs/interactive_map_v1/browser_qa_results.json,1491,0a684daca64e759f30b50c653b88262fee2ece312282d89d7f935d7678bc50d3,DEC-NHPA-W002-T03-2026-09-18-01,FALSE,FALSE
workstreams/NHPA-W002/T03/outputs/interactive_map_v1/cell_detail_index.csv,10663,6a061e451a4c24efbd4d5463be48d035f66c6e4421c2d3e780f83442ef792d09,DEC-NHPA-W002-T03-2026-09-18-01,FALSE,FALSE
workstreams/NHPA-W002/T03/outputs/interactive_map_v1/index.html,1312,c26d2342051b23804323b511ddd1a3c394d511bb4569a9d623d7691e9af7e551,DEC-NHPA-W002-T03-2026-09-18-01,FALSE,FALSE
workstreams/NHPA-W002/T03/outputs/interactive_map_v1/interactive_map_desktop.png,96232,bc7723dde74caf3f6900ffe8bc6b364d38486a03762adeaa31d7d1751b54568f,DEC-NHPA-W002-T03-2026-09-18-01,FALSE,FALSE
workstreams/NHPA-W002/T03/outputs/interactive_map_v1/interactive_map_mobile.png,78746,fa9321ed64e15db5404f93623bb64594ba51fb536517aad9fd80ebe1f92a5342,DEC-NHPA-W002-T03-2026-09-18-01,FALSE,FALSE
workstreams/NHPA-W002/T03/outputs/interactive_map_v1/serve.js,819,23d366a8a0fd6eee2ac6e38b4441138f8026fe4f93b3e5bd482a541f2fef67e2,DEC-NHPA-W002-T03-2026-09-18-01,FALSE,FALSE
workstreams/NHPA-W002/T03/outputs/interactive_map_v1/tile_index.csv,156,92b72370ca62769e0b64ecadbeab5a15bfd1f42ac2ea3697b55aa8d725c4f89c,DEC-NHPA-W002-T03-2026-09-18-01,FALSE,FALSE
