{
"type": "FeatureCollection",
"name": "experimental_1km_qa",
"crs": { "type": "name", "properties": { "name": "urn:ogc:def:crs:OGC:1.3:CRS84" } },
"features": [
{ "type": "Feature", "properties": { "child_cell_id": "NHPA1K_V1_R+0000310_C+0000995", "parent_cell_id": "NHPA5K_V1_R+000062_C+000199", "claim_status": "GEOMETRY_QA_ONLY_NOT_A_DEER_PRODUCT" }, "geometry": { "type": "Polygon", "coordinates": [ [ [ -83.175067158138503, 42.054674321036565 ], [ -83.162334706594294, 42.053532240412615 ], [ -83.160599655906168, 42.06191833556737 ], [ -83.173333786051018, 42.063060564789609 ], [ -83.175067158138503, 42.054674321036565 ] ] ] } },
{ "type": "Feature", "properties": { "child_cell_id": "NHPA1K_V1_R+0000310_C+0000996", "parent_cell_id": "NHPA5K_V1_R+000062_C+000199", "claim_status": "GEOMETRY_QA_ONLY_NOT_A_DEER_PRODUCT" }, "geometry": { "type": "Polygon", "coordinates": [ [ [ -83.162334706594294, 42.053532240412615 ], [ -83.149602721049533, 42.052389032807909 ], [ -83.147865991947413, 42.060774979226366 ], [ -83.160599655906168, 42.06191833556737 ], [ -83.162334706594294, 42.053532240412615 ] ] ] } },
{ "type": "Feature", "properties": { "child_cell_id": "NHPA1K_V1_R+0000310_C+0000997", "parent_cell_id": "NHPA5K_V1_R+000062_C+000199", "claim_status": "GEOMETRY_QA_ONLY_NOT_A_DEER_PRODUCT" }, "geometry": { "type": "Polygon", "coordinates": [ [ [ -83.149602721049533, 42.052389032807909 ], [ -83.136871201937922, 42.051244698281899 ], [ -83.135132794608623, 42.059630495826163 ], [ -83.147865991947413, 42.060774979226366 ], [ -83.149602721049533, 42.052389032807909 ] ] ] } },
{ "type": "Feature", "properties": { "child_cell_id": "NHPA1K_V1_R+0000310_C+0000998", "parent_cell_id": "NHPA5K_V1_R+000062_C+000199", "claim_status": "GEOMETRY_QA_ONLY_NOT_A_DEER_PRODUCT" }, "geometry": { "type": "Polygon", "coordinates": [ [ [ -83.136871201937922, 42.051244698281899 ], [ -83.124140149693076, 42.05009923689412 ], [ -83.122400064323585, 42.05848488542631 ], [ -83.135132794608623, 42.059630495826163 ], [ -83.136871201937922, 42.051244698281899 ] ] ] } },
{ "type": "Feature", "properties": { "child_cell_id": "NHPA1K_V1_R+0000310_C+0000999", "parent_cell_id": "NHPA5K_V1_R+000062_C+000199", "claim_status": "GEOMETRY_QA_ONLY_NOT_A_DEER_PRODUCT" }, "geometry": { "type": "Polygon", "coordinates": [ [ [ -83.124140149693076, 42.05009923689412 ], [ -83.111409564748527, 42.048952648704201 ], [ -83.109667801525958, 42.057338148086451 ], [ -83.122400064323585, 42.05848488542631 ], [ -83.124140149693076, 42.05009923689412 ] ] ] } },
{ "type": "Feature", "properties": { "child_cell_id": "NHPA1K_V1_R+0000311_C+0000995", "parent_cell_id": "NHPA5K_V1_R+000062_C+000199", "claim_status": "GEOMETRY_QA_ONLY_NOT_A_DEER_PRODUCT" }, "geometry": { "type": "Polygon", "coordinates": [ [ [ -83.173333786051018, 42.063060564789609 ], [ -83.160599655906168, 42.06191833556737 ], [ -83.15886413903192, 42.07030437452336 ], [ -83.171599948211394, 42.071446752406651 ], [ -83.173333786051018, 42.063060564789609 ] ] ] } },
{ "type": "Feature", "properties": { "child_cell_id": "NHPA1K_V1_R+0000311_C+0000996", "parent_cell_id": "NHPA5K_V1_R+000062_C+000199", "claim_status": "GEOMETRY_QA_ONLY_NOT_A_DEER_PRODUCT" }, "geometry": { "type": "Polygon", "coordinates": [ [ [ -83.160599655906168, 42.06191833556737 ], [ -83.147865991947413, 42.060774979226366 ], [ -83.146128796225298, 42.069160869383431 ], [ -83.15886413903192, 42.07030437452336 ], [ -83.160599655906168, 42.06191833556737 ] ] ] } },
{ "type": "Feature", "properties": { "child_cell_id": "NHPA1K_V1_R+0000311_C+0000997", "parent_cell_id": "NHPA5K_V1_R+000062_C+000199", "claim_status": "GEOMETRY_QA_ONLY_NOT_A_DEER_PRODUCT" }, "geometry": { "type": "Polygon", "coordinates": [ [ [ -83.147865991947413, 42.060774979226366 ], [ -83.135132794608623, 42.059630495826163 ], [ -83.133393920225558, 42.068016237046272 ], [ -83.146128796225298, 42.069160869383431 ], [ -83.147865991947413, 42.060774979226366 ] ] ] } },
{ "type": "Feature", "properties": { "child_cell_id": "NHPA1K_V1_R+0000311_C+0000998", "parent_cell_id": "NHPA5K_V1_R+000062_C+000199", "claim_status": "GEOMETRY_QA_ONLY_NOT_A_DEER_PRODUCT" }, "geometry": { "type": "Polygon", "coordinates": [ [ [ -83.135132794608623, 42.059630495826163 ], [ -83.122400064323585, 42.05848488542631 ], [ -83.120659511466656, 42.066870477571477 ], [ -83.133393920225558, 42.068016237046272 ], [ -83.135132794608623, 42.059630495826163 ] ] ] } },
{ "type": "Feature", "properties": { "child_cell_id": "NHPA1K_V1_R+0000311_C+0000999", "parent_cell_id": "NHPA5K_V1_R+000062_C+000199", "claim_status": "GEOMETRY_QA_ONLY_NOT_A_DEER_PRODUCT" }, "geometry": { "type": "Polygon", "coordinates": [ [ [ -83.122400064323585, 42.05848488542631 ], [ -83.109667801525958, 42.057338148086451 ], [ -83.107925570382406, 42.065723591018838 ], [ -83.120659511466656, 42.066870477571477 ], [ -83.122400064323585, 42.05848488542631 ] ] ] } },
{ "type": "Feature", "properties": { "child_cell_id": "NHPA1K_V1_R+0000312_C+0000995", "parent_cell_id": "NHPA5K_V1_R+000062_C+000199", "claim_status": "GEOMETRY_QA_ONLY_NOT_A_DEER_PRODUCT" }, "geometry": { "type": "Polygon", "coordinates": [ [ [ -83.171599948211394, 42.071446752406651 ], [ -83.15886413903192, 42.07030437452336 ], [ -83.157128155784832, 42.078690357442355 ], [ -83.169865644433045, 42.079832884049267 ], [ -83.171599948211394, 42.071446752406651 ] ] ] } },
{ "type": "Feature", "properties": { "child_cell_id": "NHPA1K_V1_R+0000312_C+0000996", "parent_cell_id": "NHPA5K_V1_R+000062_C+000199", "claim_status": "GEOMETRY_QA_ONLY_NOT_A_DEER_PRODUCT" }, "geometry": { "type": "Polygon", "coordinates": [ [ [ -83.15886413903192, 42.07030437452336 ], [ -83.146128796225298, 42.069160869383431 ], [ -83.144391133696303, 42.077546703440589 ], [ -83.157128155784832, 42.078690357442355 ], [ -83.15886413903192, 42.07030437452336 ] ] ] } },
{ "type": "Feature", "properties": { "child_cell_id": "NHPA1K_V1_R+0000312_C+0000997", "parent_cell_id": "NHPA5K_V1_R+000062_C+000199", "claim_status": "GEOMETRY_QA_ONLY_NOT_A_DEER_PRODUCT" }, "geometry": { "type": "Polygon", "coordinates": [ [ [ -83.146128796225298, 42.069160869383431 ], [ -83.133393920225558, 42.068016237046272 ], [ -83.131654578601669, 42.076401922103628 ], [ -83.144391133696303, 42.077546703440589 ], [ -83.146128796225298, 42.069160869383431 ] ] ] } },
{ "type": "Feature", "properties": { "child_cell_id": "NHPA1K_V1_R+0000312_C+0000998", "parent_cell_id": "NHPA5K_V1_R+000062_C+000199", "claim_status": "GEOMETRY_QA_ONLY_NOT_A_DEER_PRODUCT" }, "geometry": { "type": "Polygon", "coordinates": [ [ [ -83.133393920225558, 42.068016237046272 ], [ -83.120659511466656, 42.066870477571477 ], [ -83.118918490935044, 42.075256013491064 ], [ -83.131654578601669, 42.076401922103628 ], [ -83.133393920225558, 42.068016237046272 ] ] ] } },
{ "type": "Feature", "properties": { "child_cell_id": "NHPA1K_V1_R+0000312_C+0000999", "parent_cell_id": "NHPA5K_V1_R+000062_C+000199", "claim_status": "GEOMETRY_QA_ONLY_NOT_A_DEER_PRODUCT" }, "geometry": { "type": "Polygon", "coordinates": [ [ [ -83.120659511466656, 42.066870477571477 ], [ -83.107925570382406, 42.065723591018838 ], [ -83.106182871130414, 42.074108977662625 ], [ -83.118918490935044, 42.075256013491064 ], [ -83.120659511466656, 42.066870477571477 ] ] ] } },
{ "type": "Feature", "properties": { "child_cell_id": "NHPA1K_V1_R+0000313_C+0000995", "parent_cell_id": "NHPA5K_V1_R+000062_C+000199", "claim_status": "GEOMETRY_QA_ONLY_NOT_A_DEER_PRODUCT" }, "geometry": { "type": "Polygon", "coordinates": [ [ [ -83.169865644433045, 42.079832884049267 ], [ -83.157128155784832, 42.078690357442355 ], [ -83.155391705978019, 42.087076284485683 ], [ -83.168130874529282, 42.088218959879057 ], [ -83.169865644433045, 42.079832884049267 ] ] ] } },
{ "type": "Feature", "properties": { "child_cell_id": "NHPA1K_V1_R+0000313_C+0000996", "parent_cell_id": "NHPA5K_V1_R+000062_C+000199", "claim_status": "GEOMETRY_QA_ONLY_NOT_A_DEER_PRODUCT" }, "geometry": { "type": "Polygon", "coordinates": [ [ [ -83.157128155784832, 42.078690357442355 ], [ -83.144391133696303, 42.077546703440589 ], [ -83.142653004173383, 42.085932481559404 ], [ -83.155391705978019, 42.087076284485683 ], [ -83.157128155784832, 42.078690357442355 ] ] ] } },
{ "type": "Feature", "properties": { "child_cell_id": "NHPA1K_V1_R+0000313_C+0000997", "parent_cell_id": "NHPA5K_V1_R+000062_C+000199", "claim_status": "GEOMETRY_QA_ONLY_NOT_A_DEER_PRODUCT" }, "geometry": { "type": "Polygon", "coordinates": [ [ [ -83.144391133696303, 42.077546703440589 ], [ -83.131654578601669, 42.076401922103628 ], [ -83.129914769549757, 42.084787551159806 ], [ -83.142653004173383, 42.085932481559404 ], [ -83.144391133696303, 42.077546703440589 ] ] ] } },
{ "type": "Feature", "properties": { "child_cell_id": "NHPA1K_V1_R+0000313_C+0000998", "parent_cell_id": "NHPA5K_V1_R+000062_C+000199", "claim_status": "GEOMETRY_QA_ONLY_NOT_A_DEER_PRODUCT" }, "geometry": { "type": "Polygon", "coordinates": [ [ [ -83.131654578601669, 42.076401922103628 ], [ -83.118918490935044, 42.075256013491064 ], [ -83.117177002541411, 42.08364149334659 ], [ -83.129914769549757, 42.084787551159806 ], [ -83.131654578601669, 42.076401922103628 ] ] ] } },
{ "type": "Feature", "properties": { "child_cell_id": "NHPA1K_V1_R+0000313_C+0000999", "parent_cell_id": "NHPA5K_V1_R+000062_C+000199", "claim_status": "GEOMETRY_QA_ONLY_NOT_A_DEER_PRODUCT" }, "geometry": { "type": "Polygon", "coordinates": [ [ [ -83.118918490935044, 42.075256013491064 ], [ -83.106182871130414, 42.074108977662625 ], [ -83.1044397035825, 42.082494308179434 ], [ -83.117177002541411, 42.08364149334659 ], [ -83.118918490935044, 42.075256013491064 ] ] ] } },
{ "type": "Feature", "properties": { "child_cell_id": "NHPA1K_V1_R+0000314_C+0000995", "parent_cell_id": "NHPA5K_V1_R+000062_C+000199", "claim_status": "GEOMETRY_QA_ONLY_NOT_A_DEER_PRODUCT" }, "geometry": { "type": "Polygon", "coordinates": [ [ [ -83.168130874529282, 42.088218959879057 ], [ -83.155391705978019, 42.087076284485683 ], [ -83.15365478942455, 42.09546215581517 ], [ -83.166395638313361, 42.096604980057748 ], [ -83.168130874529282, 42.088218959879057 ] ] ] } },
{ "type": "Feature", "properties": { "child_cell_id": "NHPA1K_V1_R+0000314_C+0000996", "parent_cell_id": "NHPA5K_V1_R+000062_C+000199", "claim_status": "GEOMETRY_QA_ONLY_NOT_A_DEER_PRODUCT" }, "geometry": { "type": "Polygon", "coordinates": [ [ [ -83.155391705978019, 42.087076284485683 ], [ -83.142653004173383, 42.085932481559404 ], [ -83.140914407469438, 42.094318203901501 ], [ -83.15365478942455, 42.09546215581517 ], [ -83.155391705978019, 42.087076284485683 ] ] ] } },
{ "type": "Feature", "properties": { "child_cell_id": "NHPA1K_V1_R+0000314_C+0000997", "parent_cell_id": "NHPA5K_V1_R+000062_C+000199", "claim_status": "GEOMETRY_QA_ONLY_NOT_A_DEER_PRODUCT" }, "geometry": { "type": "Polygon", "coordinates": [ [ [ -83.142653004173383, 42.085932481559404 ], [ -83.129914769549757, 42.084787551159806 ], [ -83.12817449288255, 42.093173124376385 ], [ -83.140914407469438, 42.094318203901501 ], [ -83.142653004173383, 42.085932481559404 ] ] ] } },
{ "type": "Feature", "properties": { "child_cell_id": "NHPA1K_V1_R+0000314_C+0000998", "parent_cell_id": "NHPA5K_V1_R+000062_C+000199", "claim_status": "GEOMETRY_QA_ONLY_NOT_A_DEER_PRODUCT" }, "geometry": { "type": "Polygon", "coordinates": [ [ [ -83.129914769549757, 42.084787551159806 ], [ -83.117177002541411, 42.08364149334659 ], [ -83.115435046098312, 42.092026917299535 ], [ -83.12817449288255, 42.093173124376385 ], [ -83.129914769549757, 42.084787551159806 ] ] ] } },
{ "type": "Feature", "properties": { "child_cell_id": "NHPA1K_V1_R+0000314_C+0000999", "parent_cell_id": "NHPA5K_V1_R+000062_C+000199", "claim_status": "GEOMETRY_QA_ONLY_NOT_A_DEER_PRODUCT" }, "geometry": { "type": "Polygon", "coordinates": [ [ [ -83.117177002541411, 42.08364149334659 ], [ -83.1044397035825, 42.082494308179434 ], [ -83.102696067551065, 42.090879582730736 ], [ -83.115435046098312, 42.092026917299535 ], [ -83.117177002541411, 42.08364149334659 ] ] ] } },
{ "type": "Feature", "properties": { "child_cell_id": "NHPA1K_V1_R+0000775_C+0001615", "parent_cell_id": "NHPA5K_V1_R+000155_C+000323", "claim_status": "GEOMETRY_QA_ONLY_NOT_A_DEER_PRODUCT" }, "geometry": { "type": "Polygon", "coordinates": [ [ [ -74.034606618445892, 44.969167781479712 ], [ -74.021487781067322, 44.96722401437701 ], [ -74.018390237074513, 44.975459594157584 ], [ -74.031510789000549, 44.977403636654394 ], [ -74.034606618445892, 44.969167781479712 ] ] ] } },
{ "type": "Feature", "properties": { "child_cell_id": "NHPA1K_V1_R+0000775_C+0001616", "parent_cell_id": "NHPA5K_V1_R+000155_C+000323", "claim_status": "GEOMETRY_QA_ONLY_NOT_A_DEER_PRODUCT" }, "geometry": { "type": "Polygon", "coordinates": [ [ [ -74.021487781067322, 44.96722401437701 ], [ -74.008369800856883, 44.965279109115308 ], [ -74.005270542665954, 44.973514413368726 ], [ -74.018390237074513, 44.975459594157584 ], [ -74.021487781067322, 44.96722401437701 ] ] ] } },
{ "type": "Feature", "properties": { "child_cell_id": "NHPA1K_V1_R+0000775_C+0001617", "parent_cell_id": "NHPA5K_V1_R+000155_C+000323", "claim_status": "GEOMETRY_QA_ONLY_NOT_A_DEER_PRODUCT" }, "geometry": { "type": "Polygon", "coordinates": [ [ [ -74.008369800856883, 44.965279109115308 ], [ -73.995252678232902, 44.963333065806573 ], [ -73.992151706193326, 44.971568094399785 ], [ -74.005270542665954, 44.973514413368726 ], [ -74.008369800856883, 44.965279109115308 ] ] ] } },
{ "type": "Feature", "properties": { "child_cell_id": "NHPA1K_V1_R+0000775_C+0001618", "parent_cell_id": "NHPA5K_V1_R+000155_C+000323", "claim_status": "GEOMETRY_QA_ONLY_NOT_A_DEER_PRODUCT" }, "geometry": { "type": "Polygon", "coordinates": [ [ [ -73.995252678232902, 44.963333065806573 ], [ -73.982136413613517, 44.961385884562674 ], [ -73.979033728074896, 44.969620637362745 ], [ -73.992151706193326, 44.971568094399785 ], [ -73.995252678232902, 44.963333065806573 ] ] ] } },
{ "type": "Feature", "properties": { "child_cell_id": "NHPA1K_V1_R+0000775_C+0001619", "parent_cell_id": "NHPA5K_V1_R+000155_C+000323", "claim_status": "GEOMETRY_QA_ONLY_NOT_A_DEER_PRODUCT" }, "geometry": { "type": "Polygon", "coordinates": [ [ [ -73.982136413613517, 44.961385884562674 ], [ -73.969021007416657, 44.959437565495698 ], [ -73.965916608728733, 44.967672042369657 ], [ -73.979033728074896, 44.969620637362745 ], [ -73.982136413613517, 44.961385884562674 ] ] ] } },
{ "type": "Feature", "properties": { "child_cell_id": "NHPA1K_V1_R+0000776_C+0001615", "parent_cell_id": "NHPA5K_V1_R+000155_C+000323", "claim_status": "GEOMETRY_QA_ONLY_NOT_A_DEER_PRODUCT" }, "geometry": { "type": "Polygon", "coordinates": [ [ [ -74.031510789000549, 44.977403636654394 ], [ -74.018390237074513, 44.975459594157584 ], [ -74.015291835564199, 44.983695137433962 ], [ -74.028414102456324, 44.985639455442971 ], [ -74.031510789000549, 44.977403636654394 ] ] ] } },
{ "type": "Feature", "properties": { "child_cell_id": "NHPA1K_V1_R+0000776_C+0001616", "parent_cell_id": "NHPA5K_V1_R+000155_C+000323", "claim_status": "GEOMETRY_QA_ONLY_NOT_A_DEER_PRODUCT" }, "geometry": { "type": "Polygon", "coordinates": [ [ [ -74.018390237074513, 44.975459594157584 ], [ -74.005270542665954, 44.973514413368726 ], [ -74.002170426539067, 44.981749680999776 ], [ -74.015291835564199, 44.983695137433962 ], [ -74.018390237074513, 44.975459594157584 ] ] ] } },
{ "type": "Feature", "properties": { "child_cell_id": "NHPA1K_V1_R+0000776_C+0001617", "parent_cell_id": "NHPA5K_V1_R+000155_C+000323", "claim_status": "GEOMETRY_QA_ONLY_NOT_A_DEER_PRODUCT" }, "geometry": { "type": "Polygon", "coordinates": [ [ [ -74.005270542665954, 44.973514413368726 ], [ -73.992151706193326, 44.971568094399785 ], [ -73.989049875799509, 44.979803086252431 ], [ -74.002170426539067, 44.981749680999776 ], [ -74.005270542665954, 44.973514413368726 ] ] ] } },
{ "type": "Feature", "properties": { "child_cell_id": "NHPA1K_V1_R+0000776_C+0001618", "parent_cell_id": "NHPA5K_V1_R+000155_C+000323", "claim_status": "GEOMETRY_QA_ONLY_NOT_A_DEER_PRODUCT" }, "geometry": { "type": "Polygon", "coordinates": [ [ [ -73.992151706193326, 44.971568094399785 ], [ -73.979033728074896, 44.969620637362745 ], [ -73.97593018376395, 44.977855353304001 ], [ -73.989049875799509, 44.979803086252431 ], [ -73.992151706193326, 44.971568094399785 ] ] ] } },
{ "type": "Feature", "properties": { "child_cell_id": "NHPA1K_V1_R+0000776_C+0001619", "parent_cell_id": "NHPA5K_V1_R+000155_C+000323", "claim_status": "GEOMETRY_QA_ONLY_NOT_A_DEER_PRODUCT" }, "geometry": { "type": "Polygon", "coordinates": [ [ [ -73.979033728074896, 44.969620637362745 ], [ -73.965916608728733, 44.967672042369657 ], [ -73.962811350850586, 44.975906482266602 ], [ -73.97593018376395, 44.977855353304001 ], [ -73.979033728074896, 44.969620637362745 ] ] ] } },
{ "type": "Feature", "properties": { "child_cell_id": "NHPA1K_V1_R+0000777_C+0001615", "parent_cell_id": "NHPA5K_V1_R+000155_C+000323", "claim_status": "GEOMETRY_QA_ONLY_NOT_A_DEER_PRODUCT" }, "geometry": { "type": "Polygon", "coordinates": [ [ [ -74.028414102456324, 44.985639455442971 ], [ -74.015291835564199, 44.983695137433962 ], [ -74.012192576186891, 44.991930644365191 ], [ -74.025316558463899, 44.993875238004527 ], [ -74.028414102456324, 44.985639455442971 ] ] ] } },
{ "type": "Feature", "properties": { "child_cell_id": "NHPA1K_V1_R+0000777_C+0001616", "parent_cell_id": "NHPA5K_V1_R+000155_C+000323", "claim_status": "GEOMETRY_QA_ONLY_NOT_A_DEER_PRODUCT" }, "geometry": { "type": "Polygon", "coordinates": [ [ [ -74.015291835564199, 44.983695137433962 ], [ -74.002170426539067, 44.981749680999776 ], [ -73.999069452126577, 44.989984912167522 ], [ -74.012192576186891, 44.991930644365191 ], [ -74.015291835564199, 44.983695137433962 ] ] ] } },
{ "type": "Feature", "properties": { "child_cell_id": "NHPA1K_V1_R+0000777_C+0001617", "parent_cell_id": "NHPA5K_V1_R+000155_C+000323", "claim_status": "GEOMETRY_QA_ONLY_NOT_A_DEER_PRODUCT" }, "geometry": { "type": "Polygon", "coordinates": [ [ [ -74.002170426539067, 44.981749680999776 ], [ -73.989049875799509, 44.979803086252431 ], [ -73.985947186701665, 44.988038041523552 ], [ -73.999069452126577, 44.989984912167522 ], [ -74.002170426539067, 44.981749680999776 ] ] ] } },
{ "type": "Feature", "properties": { "child_cell_id": "NHPA1K_V1_R+0000777_C+0001618", "parent_cell_id": "NHPA5K_V1_R+000155_C+000323", "claim_status": "GEOMETRY_QA_ONLY_NOT_A_DEER_PRODUCT" }, "geometry": { "type": "Polygon", "coordinates": [ [ [ -73.989049875799509, 44.979803086252431 ], [ -73.97593018376395, 44.977855353304001 ], [ -73.972825780330751, 44.986090032545476 ], [ -73.985947186701665, 44.988038041523552 ], [ -73.989049875799509, 44.979803086252431 ] ] ] } },
{ "type": "Feature", "properties": { "child_cell_id": "NHPA1K_V1_R+0000777_C+0001619", "parent_cell_id": "NHPA5K_V1_R+000155_C+000323", "claim_status": "GEOMETRY_QA_ONLY_NOT_A_DEER_PRODUCT" }, "geometry": { "type": "Polygon", "coordinates": [ [ [ -73.97593018376395, 44.977855353304001 ], [ -73.962811350850586, 44.975906482266602 ], [ -73.95970523343216, 44.984140885345425 ], [ -73.972825780330751, 44.986090032545476 ], [ -73.97593018376395, 44.977855353304001 ] ] ] } },
{ "type": "Feature", "properties": { "child_cell_id": "NHPA1K_V1_R+0000778_C+0001615", "parent_cell_id": "NHPA5K_V1_R+000155_C+000323", "claim_status": "GEOMETRY_QA_ONLY_NOT_A_DEER_PRODUCT" }, "geometry": { "type": "Polygon", "coordinates": [ [ [ -74.025316558463899, 44.993875238004527 ], [ -74.012192576186891, 44.991930644365191 ], [ -74.009092458592832, 45.000166115110567 ], [ -74.022218156673645, 45.002110984498415 ], [ -74.025316558463899, 44.993875238004527 ] ] ] } },
{ "type": "Feature", "properties": { "child_cell_id": "NHPA1K_V1_R+0000778_C+0001616", "parent_cell_id": "NHPA5K_V1_R+000155_C+000323", "claim_status": "GEOMETRY_QA_ONLY_NOT_A_DEER_PRODUCT" }, "geometry": { "type": "Polygon", "coordinates": [ [ [ -74.012192576186891, 44.991930644365191 ], [ -73.999069452126577, 44.989984912167522 ], [ -73.995967619078598, 44.998220107031102 ], [ -74.009092458592832, 45.000166115110567 ], [ -74.012192576186891, 44.991930644365191 ] ] ] } },
{ "type": "Feature", "properties": { "child_cell_id": "NHPA1K_V1_R+0000778_C+0001617", "parent_cell_id": "NHPA5K_V1_R+000155_C+000323", "claim_status": "GEOMETRY_QA_ONLY_NOT_A_DEER_PRODUCT" }, "geometry": { "type": "Polygon", "coordinates": [ [ [ -73.999069452126577, 44.989984912167522 ], [ -73.985947186701665, 44.988038041523552 ], [ -73.982843638549824, 44.996272960372288 ], [ -73.995967619078598, 44.998220107031102 ], [ -73.999069452126577, 44.989984912167522 ] ] ] } },
{ "type": "Feature", "properties": { "child_cell_id": "NHPA1K_V1_R+0000778_C+0001618", "parent_cell_id": "NHPA5K_V1_R+000155_C+000323", "claim_status": "GEOMETRY_QA_ONLY_NOT_A_DEER_PRODUCT" }, "geometry": { "type": "Polygon", "coordinates": [ [ [ -73.985947186701665, 44.988038041523552 ], [ -73.972825780330751, 44.986090032545476 ], [ -73.969720517425202, 44.994324675246176 ], [ -73.982843638549824, 44.996272960372288 ], [ -73.985947186701665, 44.988038041523552 ] ] ] } },
{ "type": "Feature", "properties": { "child_cell_id": "NHPA1K_V1_R+0000778_C+0001619", "parent_cell_id": "NHPA5K_V1_R+000155_C+000323", "claim_status": "GEOMETRY_QA_ONLY_NOT_A_DEER_PRODUCT" }, "geometry": { "type": "Polygon", "coordinates": [ [ [ -73.972825780330751, 44.986090032545476 ], [ -73.95970523343216, 44.984140885345425 ], [ -73.956598256123215, 44.992375251765097 ], [ -73.969720517425202, 44.994324675246176 ], [ -73.972825780330751, 44.986090032545476 ] ] ] } },
{ "type": "Feature", "properties": { "child_cell_id": "NHPA1K_V1_R+0000779_C+0001615", "parent_cell_id": "NHPA5K_V1_R+000155_C+000323", "claim_status": "GEOMETRY_QA_ONLY_NOT_A_DEER_PRODUCT" }, "geometry": { "type": "Polygon", "coordinates": [ [ [ -74.022218156673645, 45.002110984498415 ], [ -74.009092458592832, 45.000166115110567 ], [ -74.005991482432165, 45.008401549829429 ], [ -74.019118896735847, 45.010346695084138 ], [ -74.022218156673645, 45.002110984498415 ] ] ] } },
{ "type": "Feature", "properties": { "child_cell_id": "NHPA1K_V1_R+0000779_C+0001616", "parent_cell_id": "NHPA5K_V1_R+000155_C+000323", "claim_status": "GEOMETRY_QA_ONLY_NOT_A_DEER_PRODUCT" }, "geometry": { "type": "Polygon", "coordinates": [ [ [ -74.009092458592832, 45.000166115110567 ], [ -73.995967619078598, 44.998220107031102 ], [ -73.992864927045161, 45.006455265749928 ], [ -74.005991482432165, 45.008401549829429 ], [ -74.009092458592832, 45.000166115110567 ] ] ] } },
{ "type": "Feature", "properties": { "child_cell_id": "NHPA1K_V1_R+0000779_C+0001617", "parent_cell_id": "NHPA5K_V1_R+000155_C+000323", "claim_status": "GEOMETRY_QA_ONLY_NOT_A_DEER_PRODUCT" }, "geometry": { "type": "Polygon", "coordinates": [ [ [ -73.995967619078598, 44.998220107031102 ], [ -73.982843638549824, 44.996272960372288 ], [ -73.9797392309938, 45.0045078429578 ], [ -73.992864927045161, 45.006455265749928 ], [ -73.995967619078598, 44.998220107031102 ] ] ] } },
{ "type": "Feature", "properties": { "child_cell_id": "NHPA1K_V1_R+0000779_C+0001618", "parent_cell_id": "NHPA5K_V1_R+000155_C+000323", "claim_status": "GEOMETRY_QA_ONLY_NOT_A_DEER_PRODUCT" }, "geometry": { "type": "Polygon", "coordinates": [ [ [ -73.982843638549824, 44.996272960372288 ], [ -73.969720517425202, 44.994324675246176 ], [ -73.966614394696947, 45.00255928156529 ], [ -73.9797392309938, 45.0045078429578 ], [ -73.982843638549824, 44.996272960372288 ] ] ] } },
{ "type": "Feature", "properties": { "child_cell_id": "NHPA1K_V1_R+0000779_C+0001619", "parent_cell_id": "NHPA5K_V1_R+000155_C+000323", "claim_status": "GEOMETRY_QA_ONLY_NOT_A_DEER_PRODUCT" }, "geometry": { "type": "Polygon", "coordinates": [ [ [ -73.969720517425202, 44.994324675246176 ], [ -73.956598256123215, 44.992375251765097 ], [ -73.953490418573253, 45.000609581684699 ], [ -73.966614394696947, 45.00255928156529 ], [ -73.969720517425202, 44.994324675246176 ] ] ] } },
{ "type": "Feature", "properties": { "child_cell_id": "NHPA1K_V1_R+0000880_C+0001830", "parent_cell_id": "NHPA5K_V1_R+000176_C+000366", "claim_status": "GEOMETRY_QA_ONLY_NOT_A_DEER_PRODUCT" }, "geometry": { "type": "Polygon", "coordinates": [ [ [ -70.866322391914053, 45.383182600823204 ], [ -70.853223252626691, 45.380964295825102 ], [ -70.849664290521275, 45.389131874122995 ], [ -70.862765106510153, 45.391350495415359 ], [ -70.866322391914053, 45.383182600823204 ] ] ] } },
{ "type": "Feature", "properties": { "child_cell_id": "NHPA1K_V1_R+0000880_C+0001831", "parent_cell_id": "NHPA5K_V1_R+000176_C+000366", "claim_status": "GEOMETRY_QA_ONLY_NOT_A_DEER_PRODUCT" }, "geometry": { "type": "Polygon", "coordinates": [ [ [ -70.853223252626691, 45.380964295825102 ], [ -70.840125096710068, 45.378744864918183 ], [ -70.836564458300884, 45.386912126798485 ], [ -70.849664290521275, 45.389131874122995 ], [ -70.853223252626691, 45.380964295825102 ] ] ] } },
{ "type": "Feature", "properties": { "child_cell_id": "NHPA1K_V1_R+0000880_C+0001832", "parent_cell_id": "NHPA5K_V1_R+000176_C+000366", "claim_status": "GEOMETRY_QA_ONLY_NOT_A_DEER_PRODUCT" }, "geometry": { "type": "Polygon", "coordinates": [ [ [ -70.840125096710068, 45.378744864918183 ], [ -70.827027924553519, 45.376524308229939 ], [ -70.823465610238358, 45.384691253569208 ], [ -70.836564458300884, 45.386912126798485 ], [ -70.840125096710068, 45.378744864918183 ] ] ] } },
{ "type": "Feature", "properties": { "child_cell_id": "NHPA1K_V1_R+0000880_C+0001833", "parent_cell_id": "NHPA5K_V1_R+000176_C+000366", "claim_status": "GEOMETRY_QA_ONLY_NOT_A_DEER_PRODUCT" }, "geometry": { "type": "Polygon", "coordinates": [ [ [ -70.827027924553519, 45.376524308229939 ], [ -70.813931736546138, 45.374302625887701 ], [ -70.81036774672296, 45.3824692545627 ], [ -70.823465610238358, 45.384691253569208 ], [ -70.827027924553519, 45.376524308229939 ] ] ] } },
{ "type": "Feature", "properties": { "child_cell_id": "NHPA1K_V1_R+0000880_C+0001834", "parent_cell_id": "NHPA5K_V1_R+000176_C+000366", "claim_status": "GEOMETRY_QA_ONLY_NOT_A_DEER_PRODUCT" }, "geometry": { "type": "Polygon", "coordinates": [ [ [ -70.813931736546138, 45.374302625887701 ], [ -70.800836533076833, 45.372079818019046 ], [ -70.79727086814367, 45.380246129906546 ], [ -70.81036774672296, 45.3824692545627 ], [ -70.813931736546138, 45.374302625887701 ] ] ] } },
{ "type": "Feature", "properties": { "child_cell_id": "NHPA1K_V1_R+0000881_C+0001830", "parent_cell_id": "NHPA5K_V1_R+000176_C+000366", "claim_status": "GEOMETRY_QA_ONLY_NOT_A_DEER_PRODUCT" }, "geometry": { "type": "Polygon", "coordinates": [ [ [ -70.862765106510153, 45.391350495415359 ], [ -70.849664290521275, 45.389131874122995 ], [ -70.846104344647387, 45.397299404988182 ], [ -70.85920683772737, 45.399518342709406 ], [ -70.862765106510153, 45.391350495415359 ] ] ] } },
{ "type": "Feature", "properties": { "child_cell_id": "NHPA1K_V1_R+0000881_C+0001831", "parent_cell_id": "NHPA5K_V1_R+000176_C+000366", "claim_status": "GEOMETRY_QA_ONLY_NOT_A_DEER_PRODUCT" }, "geometry": { "type": "Polygon", "coordinates": [ [ [ -70.849664290521275, 45.389131874122995 ], [ -70.836564458300884, 45.386912126798485 ], [ -70.833002835733765, 45.395079341111291 ], [ -70.846104344647387, 45.397299404988182 ], [ -70.849664290521275, 45.389131874122995 ] ] ] } },
{ "type": "Feature", "properties": { "child_cell_id": "NHPA1K_V1_R+0000881_C+0001832", "parent_cell_id": "NHPA5K_V1_R+000176_C+000366", "claim_status": "GEOMETRY_QA_ONLY_NOT_A_DEER_PRODUCT" }, "geometry": { "type": "Polygon", "coordinates": [ [ [ -70.836564458300884, 45.386912126798485 ], [ -70.823465610238358, 45.384691253569208 ], [ -70.819902311376069, 45.392858151206312 ], [ -70.833002835733765, 45.395079341111291 ], [ -70.836564458300884, 45.386912126798485 ] ] ] } },
{ "type": "Feature", "properties": { "child_cell_id": "NHPA1K_V1_R+0000881_C+0001833", "parent_cell_id": "NHPA5K_V1_R+000176_C+000366", "claim_status": "GEOMETRY_QA_ONLY_NOT_A_DEER_PRODUCT" }, "geometry": { "type": "Polygon", "coordinates": [ [ [ -70.823465610238358, 45.384691253569208 ], [ -70.81036774672296, 45.3824692545627 ], [ -70.806802771963618, 45.390635835400666 ], [ -70.819902311376069, 45.392858151206312 ], [ -70.823465610238358, 45.384691253569208 ] ] ] } },
{ "type": "Feature", "properties": { "child_cell_id": "NHPA1K_V1_R+0000881_C+0001834", "parent_cell_id": "NHPA5K_V1_R+000176_C+000366", "claim_status": "GEOMETRY_QA_ONLY_NOT_A_DEER_PRODUCT" }, "geometry": { "type": "Polygon", "coordinates": [ [ [ -70.81036774672296, 45.3824692545627 ], [ -70.79727086814367, 45.380246129906546 ], [ -70.793704217885548, 45.388412393822087 ], [ -70.806802771963618, 45.390635835400666 ], [ -70.81036774672296, 45.3824692545627 ] ] ] } },
{ "type": "Feature", "properties": { "child_cell_id": "NHPA1K_V1_R+0000882_C+0001830", "parent_cell_id": "NHPA5K_V1_R+000176_C+000366", "claim_status": "GEOMETRY_QA_ONLY_NOT_A_DEER_PRODUCT" }, "geometry": { "type": "Polygon", "coordinates": [ [ [ -70.85920683772737, 45.399518342709406 ], [ -70.846104344647387, 45.397299404988182 ], [ -70.842543414607064, 45.405466888570906 ], [ -70.855647585167944, 45.407686142855809 ], [ -70.85920683772737, 45.399518342709406 ] ] ] } },
{ "type": "Feature", "properties": { "child_cell_id": "NHPA1K_V1_R+0000882_C+0001831", "parent_cell_id": "NHPA5K_V1_R+000176_C+000366", "claim_status": "GEOMETRY_QA_ONLY_NOT_A_DEER_PRODUCT" }, "geometry": { "type": "Polygon", "coordinates": [ [ [ -70.846104344647387, 45.397299404988182 ], [ -70.833002835733765, 45.395079341111291 ], [ -70.829440228610679, 45.403246508006838 ], [ -70.842543414607064, 45.405466888570906 ], [ -70.846104344647387, 45.397299404988182 ] ] ] } },
{ "type": "Feature", "properties": { "child_cell_id": "NHPA1K_V1_R+0000882_C+0001832", "parent_cell_id": "NHPA5K_V1_R+000176_C+000366", "claim_status": "GEOMETRY_QA_ONLY_NOT_A_DEER_PRODUCT" }, "geometry": { "type": "Polygon", "coordinates": [ [ [ -70.833002835733765, 45.395079341111291 ], [ -70.819902311376069, 45.392858151206312 ], [ -70.816338027568477, 45.401025001291138 ], [ -70.829440228610679, 45.403246508006838 ], [ -70.833002835733765, 45.395079341111291 ] ] ] } },
{ "type": "Feature", "properties": { "child_cell_id": "NHPA1K_V1_R+0000882_C+0001833", "parent_cell_id": "NHPA5K_V1_R+000176_C+000366", "claim_status": "GEOMETRY_QA_ONLY_NOT_A_DEER_PRODUCT" }, "geometry": { "type": "Polygon", "coordinates": [ [ [ -70.819902311376069, 45.392858151206312 ], [ -70.806802771963618, 45.390635835400666 ], [ -70.803236811869851, 45.398802368551571 ], [ -70.816338027568477, 45.401025001291138 ], [ -70.819902311376069, 45.392858151206312 ] ] ] } },
{ "type": "Feature", "properties": { "child_cell_id": "NHPA1K_V1_R+0000882_C+0001834", "parent_cell_id": "NHPA5K_V1_R+000176_C+000366", "claim_status": "GEOMETRY_QA_ONLY_NOT_A_DEER_PRODUCT" }, "geometry": { "type": "Polygon", "coordinates": [ [ [ -70.806802771963618, 45.390635835400666 ], [ -70.793704217885548, 45.388412393822087 ], [ -70.790136581904093, 45.396578609915736 ], [ -70.803236811869851, 45.398802368551571 ], [ -70.806802771963618, 45.390635835400666 ] ] ] } },
{ "type": "Feature", "properties": { "child_cell_id": "NHPA1K_V1_R+0000883_C+0001830", "parent_cell_id": "NHPA5K_V1_R+000176_C+000366", "claim_status": "GEOMETRY_QA_ONLY_NOT_A_DEER_PRODUCT" }, "geometry": { "type": "Polygon", "coordinates": [ [ [ -70.855647585167944, 45.407686142855809 ], [ -70.842543414607064, 45.405466888570906 ], [ -70.838981500002234, 45.413634325021441 ], [ -70.852087348433841, 45.415853896004933 ], [ -70.855647585167944, 45.407686142855809 ] ] ] } },
{ "type": "Feature", "properties": { "child_cell_id": "NHPA1K_V1_R+0000883_C+0001831", "parent_cell_id": "NHPA5K_V1_R+000176_C+000366", "claim_status": "GEOMETRY_QA_ONLY_NOT_A_DEER_PRODUCT" }, "geometry": { "type": "Polygon", "coordinates": [ [ [ -70.842543414607064, 45.405466888570906 ], [ -70.829440228610679, 45.403246508006838 ], [ -70.825876636533422, 45.411413627635305 ], [ -70.838981500002234, 45.413634325021441 ], [ -70.842543414607064, 45.405466888570906 ] ] ] } },
{ "type": "Feature", "properties": { "child_cell_id": "NHPA1K_V1_R+0000883_C+0001832", "parent_cell_id": "NHPA5K_V1_R+000176_C+000366", "claim_status": "GEOMETRY_QA_ONLY_NOT_A_DEER_PRODUCT" }, "geometry": { "type": "Polygon", "coordinates": [ [ [ -70.829440228610679, 45.403246508006838 ], [ -70.816338027568477, 45.401025001291138 ], [ -70.812772758417225, 45.409191803974053 ], [ -70.825876636533422, 45.411413627635305 ], [ -70.829440228610679, 45.403246508006838 ] ] ] } },
{ "type": "Feature", "properties": { "child_cell_id": "NHPA1K_V1_R+0000883_C+0001833", "parent_cell_id": "NHPA5K_V1_R+000176_C+000366", "claim_status": "GEOMETRY_QA_ONLY_NOT_A_DEER_PRODUCT" }, "geometry": { "type": "Polygon", "coordinates": [ [ [ -70.816338027568477, 45.401025001291138 ], [ -70.803236811869851, 45.398802368551571 ], [ -70.799669866043203, 45.406968854165477 ], [ -70.812772758417225, 45.409191803974053 ], [ -70.816338027568477, 45.401025001291138 ] ] ] } },
{ "type": "Feature", "properties": { "child_cell_id": "NHPA1K_V1_R+0000883_C+0001834", "parent_cell_id": "NHPA5K_V1_R+000176_C+000366", "claim_status": "GEOMETRY_QA_ONLY_NOT_A_DEER_PRODUCT" }, "geometry": { "type": "Polygon", "coordinates": [ [ [ -70.803236811869851, 45.398802368551571 ], [ -70.790136581904093, 45.396578609915736 ], [ -70.78656795980072, 45.40474477833731 ], [ -70.799669866043203, 45.406968854165477 ], [ -70.803236811869851, 45.398802368551571 ] ] ] } },
{ "type": "Feature", "properties": { "child_cell_id": "NHPA1K_V1_R+0000884_C+0001830", "parent_cell_id": "NHPA5K_V1_R+000176_C+000366", "claim_status": "GEOMETRY_QA_ONLY_NOT_A_DEER_PRODUCT" }, "geometry": { "type": "Polygon", "coordinates": [ [ [ -70.852087348433841, 45.415853896004933 ], [ -70.838981500002234, 45.413634325021441 ], [ -70.835418600434522, 45.421801714490194 ], [ -70.848526127126874, 45.424021602307128 ], [ -70.852087348433841, 45.415853896004933 ] ] ] } },
{ "type": "Feature", "properties": { "child_cell_id": "NHPA1K_V1_R+0000884_C+0001831", "parent_cell_id": "NHPA5K_V1_R+000176_C+000366", "claim_status": "GEOMETRY_QA_ONLY_NOT_A_DEER_PRODUCT" }, "geometry": { "type": "Polygon", "coordinates": [ [ [ -70.838981500002234, 45.413634325021441 ], [ -70.825876636533422, 45.411413627635305 ], [ -70.822312059103524, 45.419580700146945 ], [ -70.835418600434522, 45.421801714490194 ], [ -70.838981500002234, 45.413634325021441 ] ] ] } },
{ "type": "Feature", "properties": { "child_cell_id": "NHPA1K_V1_R+0000884_C+0001832", "parent_cell_id": "NHPA5K_V1_R+000176_C+000366", "claim_status": "GEOMETRY_QA_ONLY_NOT_A_DEER_PRODUCT" }, "geometry": { "type": "Polygon", "coordinates": [ [ [ -70.825876636533422, 45.411413627635305 ], [ -70.812772758417225, 45.409191803974053 ], [ -70.809206503523797, 45.417358559405137 ], [ -70.822312059103524, 45.419580700146945 ], [ -70.825876636533422, 45.411413627635305 ] ] ] } },
{ "type": "Feature", "properties": { "child_cell_id": "NHPA1K_V1_R+0000884_C+0001833", "parent_cell_id": "NHPA5K_V1_R+000176_C+000366", "claim_status": "GEOMETRY_QA_ONLY_NOT_A_DEER_PRODUCT" }, "geometry": { "type": "Polygon", "coordinates": [ [ [ -70.812772758417225, 45.409191803974053 ], [ -70.799669866043203, 45.406968854165477 ], [ -70.796101934084987, 45.415135292392542 ], [ -70.809206503523797, 45.417358559405137 ], [ -70.812772758417225, 45.409191803974053 ] ] ] } },
{ "type": "Feature", "properties": { "child_cell_id": "NHPA1K_V1_R+0000884_C+0001834", "parent_cell_id": "NHPA5K_V1_R+000176_C+000366", "claim_status": "GEOMETRY_QA_ONLY_NOT_A_DEER_PRODUCT" }, "geometry": { "type": "Polygon", "coordinates": [ [ [ -70.799669866043203, 45.406968854165477 ], [ -70.78656795980072, 45.40474477833731 ], [ -70.78299835117663, 45.412910899236984 ], [ -70.796101934084987, 45.415135292392542 ], [ -70.799669866043203, 45.406968854165477 ] ] ] } },
{ "type": "Feature", "properties": { "child_cell_id": "NHPA1K_V1_R+0000965_C+0000365", "parent_cell_id": "NHPA5K_V1_R+000193_C+000073", "claim_status": "GEOMETRY_QA_ONLY_NOT_A_DEER_PRODUCT" }, "geometry": { "type": "Polygon", "coordinates": [ [ [ -90.805772687526428, 48.086374304692534 ], [ -90.791570509685599, 48.08590888043252 ], [ -90.790789317273024, 48.094383143125789 ], [ -90.804993616696962, 48.0948486431679 ], [ -90.805772687526428, 48.086374304692534 ] ] ] } },
{ "type": "Feature", "properties": { "child_cell_id": "NHPA1K_V1_R+0000965_C+0000366", "parent_cell_id": "NHPA5K_V1_R+000193_C+000073", "claim_status": "GEOMETRY_QA_ONLY_NOT_A_DEER_PRODUCT" }, "geometry": { "type": "Polygon", "coordinates": [ [ [ -90.791570509685599, 48.08590888043252 ], [ -90.777368565874909, 48.085442186959988 ], [ -90.776585251984329, 48.093916373666445 ], [ -90.790789317273024, 48.094383143125789 ], [ -90.791570509685599, 48.08590888043252 ] ] ] } },
{ "type": "Feature", "properties": { "child_cell_id": "NHPA1K_V1_R+0000965_C+0000367", "parent_cell_id": "NHPA5K_V1_R+000193_C+000073", "claim_status": "GEOMETRY_QA_ONLY_NOT_A_DEER_PRODUCT" }, "geometry": { "type": "Polygon", "coordinates": [ [ [ -90.777368565874909, 48.085442186959988 ], [ -90.763166856726045, 48.084974224309192 ], [ -90.762381421462834, 48.093448334824046 ], [ -90.776585251984329, 48.093916373666445 ], [ -90.777368565874909, 48.085442186959988 ] ] ] } },
{ "type": "Feature", "properties": { "child_cell_id": "NHPA1K_V1_R+0000965_C+0000368", "parent_cell_id": "NHPA5K_V1_R+000193_C+000073", "claim_status": "GEOMETRY_QA_ONLY_NOT_A_DEER_PRODUCT" }, "geometry": { "type": "Polygon", "coordinates": [ [ [ -90.763166856726045, 48.084974224309192 ], [ -90.748965382870608, 48.084504992514184 ], [ -90.748177826340466, 48.092979026632911 ], [ -90.762381421462834, 48.093448334824046 ], [ -90.763166856726045, 48.084974224309192 ] ] ] } },
{ "type": "Feature", "properties": { "child_cell_id": "NHPA1K_V1_R+0000965_C+0000369", "parent_cell_id": "NHPA5K_V1_R+000193_C+000073", "claim_status": "GEOMETRY_QA_ONLY_NOT_A_DEER_PRODUCT" }, "geometry": { "type": "Polygon", "coordinates": [ [ [ -90.748965382870608, 48.084504992514184 ], [ -90.734764144940186, 48.084034491609366 ], [ -90.733974467249041, 48.092508449127216 ], [ -90.748177826340466, 48.092979026632911 ], [ -90.748965382870608, 48.084504992514184 ] ] ] } },
{ "type": "Feature", "properties": { "child_cell_id": "NHPA1K_V1_R+0000966_C+0000365", "parent_cell_id": "NHPA5K_V1_R+000193_C+000073", "claim_status": "GEOMETRY_QA_ONLY_NOT_A_DEER_PRODUCT" }, "geometry": { "type": "Polygon", "coordinates": [ [ [ -90.804993616696962, 48.0948486431679 ], [ -90.790789317273024, 48.094383143125789 ], [ -90.790007890725178, 48.10285751213307 ], [ -90.80421431236428, 48.103323087993438 ], [ -90.804993616696962, 48.0948486431679 ] ] ] } },
{ "type": "Feature", "properties": { "child_cell_id": "NHPA1K_V1_R+0000966_C+0000366", "parent_cell_id": "NHPA5K_V1_R+000193_C+000073", "claim_status": "GEOMETRY_QA_ONLY_NOT_A_DEER_PRODUCT" }, "geometry": { "type": "Polygon", "coordinates": [ [ [ -90.790789317273024, 48.094383143125789 ], [ -90.776585251984329, 48.093916373666445 ], [ -90.775801703326522, 48.10239066665067 ], [ -90.790007890725178, 48.10285751213307 ], [ -90.790789317273024, 48.094383143125789 ] ] ] } },
{ "type": "Feature", "properties": { "child_cell_id": "NHPA1K_V1_R+0000966_C+0000367", "parent_cell_id": "NHPA5K_V1_R+000193_C+000073", "claim_status": "GEOMETRY_QA_ONLY_NOT_A_DEER_PRODUCT" }, "geometry": { "type": "Polygon", "coordinates": [ [ [ -90.776585251984329, 48.093916373666445 ], [ -90.762381421462834, 48.093448334824046 ], [ -90.76159575080051, 48.101922551580444 ], [ -90.775801703326522, 48.10239066665067 ], [ -90.776585251984329, 48.093916373666445 ] ] ] } },
{ "type": "Feature", "properties": { "child_cell_id": "NHPA1K_V1_R+0000966_C+0000368", "parent_cell_id": "NHPA5K_V1_R+000193_C+000073", "claim_status": "GEOMETRY_QA_ONLY_NOT_A_DEER_PRODUCT" }, "geometry": { "type": "Polygon", "coordinates": [ [ [ -90.762381421462834, 48.093448334824046 ], [ -90.748177826340466, 48.092979026632911 ], [ -90.747390033779354, 48.101453166956638 ], [ -90.76159575080051, 48.101922551580444 ], [ -90.762381421462834, 48.093448334824046 ] ] ] } },
{ "type": "Feature", "properties": { "child_cell_id": "NHPA1K_V1_R+0000966_C+0000369", "parent_cell_id": "NHPA5K_V1_R+000193_C+000073", "claim_status": "GEOMETRY_QA_ONLY_NOT_A_DEER_PRODUCT" }, "geometry": { "type": "Polygon", "coordinates": [ [ [ -90.748177826340466, 48.092979026632911 ], [ -90.733974467249041, 48.092508449127216 ], [ -90.733184552895153, 48.100982512813573 ], [ -90.747390033779354, 48.101453166956638 ], [ -90.748177826340466, 48.092979026632911 ] ] ] } },
{ "type": "Feature", "properties": { "child_cell_id": "NHPA1K_V1_R+0000967_C+0000365", "parent_cell_id": "NHPA5K_V1_R+000193_C+000073", "claim_status": "GEOMETRY_QA_ONLY_NOT_A_DEER_PRODUCT" }, "geometry": { "type": "Polygon", "coordinates": [ [ [ -90.80421431236428, 48.103323087993438 ], [ -90.790007890725178, 48.10285751213307 ], [ -90.789226229936929, 48.111331987697731 ], [ -90.803434774423465, 48.111797639412629 ], [ -90.80421431236428, 48.103323087993438 ] ] ] } },
{ "type": "Feature", "properties": { "child_cell_id": "NHPA1K_V1_R+0000967_C+0000366", "parent_cell_id": "NHPA5K_V1_R+000193_C+000073", "claim_status": "GEOMETRY_QA_ONLY_NOT_A_DEER_PRODUCT" }, "geometry": { "type": "Polygon", "coordinates": [ [ [ -90.790007890725178, 48.10285751213307 ], [ -90.775801703326522, 48.10239066665067 ], [ -90.775017919796042, 48.110865066156059 ], [ -90.789226229936929, 48.111331987697731 ], [ -90.790007890725178, 48.10285751213307 ] ] ] } },
{ "type": "Feature", "properties": { "child_cell_id": "NHPA1K_V1_R+0000967_C+0000367", "parent_cell_id": "NHPA5K_V1_R+000193_C+000073", "claim_status": "GEOMETRY_QA_ONLY_NOT_A_DEER_PRODUCT" }, "geometry": { "type": "Polygon", "coordinates": [ [ [ -90.775801703326522, 48.10239066665067 ], [ -90.76159575080051, 48.101922551580444 ], [ -90.760809844633329, 48.110396874821603 ], [ -90.775017919796042, 48.110865066156059 ], [ -90.775801703326522, 48.10239066665067 ] ] ] } },
{ "type": "Feature", "properties": { "child_cell_id": "NHPA1K_V1_R+0000967_C+0000368", "parent_cell_id": "NHPA5K_V1_R+000193_C+000073", "claim_status": "GEOMETRY_QA_ONLY_NOT_A_DEER_PRODUCT" }, "geometry": { "type": "Polygon", "coordinates": [ [ [ -90.76159575080051, 48.101922551580444 ], [ -90.747390033779354, 48.101453166956638 ], [ -90.746602005081272, 48.10992741372872 ], [ -90.760809844633329, 48.110396874821603 ], [ -90.76159575080051, 48.101922551580444 ] ] ] } },
{ "type": "Feature", "properties": { "child_cell_id": "NHPA1K_V1_R+0000967_C+0000369", "parent_cell_id": "NHPA5K_V1_R+000193_C+000073", "claim_status": "GEOMETRY_QA_ONLY_NOT_A_DEER_PRODUCT" }, "geometry": { "type": "Polygon", "coordinates": [ [ [ -90.747390033779354, 48.101453166956638 ], [ -90.733184552895153, 48.100982512813573 ], [ -90.732394401772254, 48.109456682911699 ], [ -90.746602005081272, 48.10992741372872 ], [ -90.747390033779354, 48.101453166956638 ] ] ] } },
{ "type": "Feature", "properties": { "child_cell_id": "NHPA1K_V1_R+0000968_C+0000365", "parent_cell_id": "NHPA5K_V1_R+000193_C+000073", "claim_status": "GEOMETRY_QA_ONLY_NOT_A_DEER_PRODUCT" }, "geometry": { "type": "Polygon", "coordinates": [ [ [ -90.803434774423465, 48.111797639412629 ], [ -90.789226229936929, 48.111331987697731 ], [ -90.788444334802989, 48.11980657006346 ], [ -90.802655002769583, 48.120272297668926 ], [ -90.803434774423465, 48.111797639412629 ] ] ] } },
{ "type": "Feature", "properties": { "child_cell_id": "NHPA1K_V1_R+0000968_C+0000366", "parent_cell_id": "NHPA5K_V1_R+000193_C+000073", "claim_status": "GEOMETRY_QA_ONLY_NOT_A_DEER_PRODUCT" }, "geometry": { "type": "Polygon", "coordinates": [ [ [ -90.789226229936929, 48.111331987697731 ], [ -90.775017919796042, 48.110865066156059 ], [ -90.77423390128736, 48.119339572426085 ], [ -90.788444334802989, 48.11980657006346 ], [ -90.789226229936929, 48.111331987697731 ] ] ] } },
{ "type": "Feature", "properties": { "child_cell_id": "NHPA1K_V1_R+0000968_C+0000367", "parent_cell_id": "NHPA5K_V1_R+000193_C+000073", "claim_status": "GEOMETRY_QA_ONLY_NOT_A_DEER_PRODUCT" }, "geometry": { "type": "Polygon", "coordinates": [ [ [ -90.775017919796042, 48.110865066156059 ], [ -90.760809844633329, 48.110396874821603 ], [ -90.760023702855491, 48.118871304791035 ], [ -90.77423390128736, 48.119339572426085 ], [ -90.775017919796042, 48.110865066156059 ] ] ] } },
{ "type": "Feature", "properties": { "child_cell_id": "NHPA1K_V1_R+0000968_C+0000368", "parent_cell_id": "NHPA5K_V1_R+000193_C+000073", "claim_status": "GEOMETRY_QA_ONLY_NOT_A_DEER_PRODUCT" }, "geometry": { "type": "Polygon", "coordinates": [ [ [ -90.760809844633329, 48.110396874821603 ], [ -90.746602005081272, 48.10992741372872 ], [ -90.745813740140122, 48.118401767192545 ], [ -90.760023702855491, 48.118871304791035 ], [ -90.760809844633329, 48.110396874821603 ] ] ] } },
{ "type": "Feature", "properties": { "child_cell_id": "NHPA1K_V1_R+0000968_C+0000369", "parent_cell_id": "NHPA5K_V1_R+000193_C+000073", "claim_status": "GEOMETRY_QA_ONLY_NOT_A_DEER_PRODUCT" }, "geometry": { "type": "Polygon", "coordinates": [ [ [ -90.746602005081272, 48.10992741372872 ], [ -90.732394401772254, 48.109456682911699 ], [ -90.731604013773932, 48.117930959664982 ], [ -90.745813740140122, 48.118401767192545 ], [ -90.746602005081272, 48.10992741372872 ] ] ] } },
{ "type": "Feature", "properties": { "child_cell_id": "NHPA1K_V1_R+0000969_C+0000365", "parent_cell_id": "NHPA5K_V1_R+000193_C+000073", "claim_status": "GEOMETRY_QA_ONLY_NOT_A_DEER_PRODUCT" }, "geometry": { "type": "Polygon", "coordinates": [ [ [ -90.802655002769583, 48.120272297668926 ], [ -90.788444334802989, 48.11980657006346 ], [ -90.787662205218112, 48.128281259473788 ], [ -90.801874997297588, 48.128747063006131 ], [ -90.802655002769583, 48.120272297668926 ] ] ] } },
{ "type": "Feature", "properties": { "child_cell_id": "NHPA1K_V1_R+0000969_C+0000366", "parent_cell_id": "NHPA5K_V1_R+000193_C+000073", "claim_status": "GEOMETRY_QA_ONLY_NOT_A_DEER_PRODUCT" }, "geometry": { "type": "Polygon", "coordinates": [ [ [ -90.788444334802989, 48.11980657006346 ], [ -90.77423390128736, 48.119339572426085 ], [ -90.773449647694932, 48.127814185704509 ], [ -90.787662205218112, 48.128281259473788 ], [ -90.788444334802989, 48.11980657006346 ] ] ] } },
{ "type": "Feature", "properties": { "child_cell_id": "NHPA1K_V1_R+0000969_C+0000367", "parent_cell_id": "NHPA5K_V1_R+000193_C+000073", "claim_status": "GEOMETRY_QA_ONLY_NOT_A_DEER_PRODUCT" }, "geometry": { "type": "Polygon", "coordinates": [ [ [ -90.77423390128736, 48.119339572426085 ], [ -90.760023702855491, 48.118871304791035 ], [ -90.759237325361141, 48.127345841732428 ], [ -90.773449647694932, 48.127814185704509 ], [ -90.77423390128736, 48.119339572426085 ] ] ] } },
{ "type": "Feature", "properties": { "child_cell_id": "NHPA1K_V1_R+0000969_C+0000368", "parent_cell_id": "NHPA5K_V1_R+000193_C+000073", "claim_status": "GEOMETRY_QA_ONLY_NOT_A_DEER_PRODUCT" }, "geometry": { "type": "Polygon", "coordinates": [ [ [ -90.760023702855491, 48.118871304791035 ], [ -90.745813740140122, 48.118401767192545 ], [ -90.745025238849792, 48.126876227591751 ], [ -90.759237325361141, 48.127345841732428 ], [ -90.760023702855491, 48.118871304791035 ] ] ] } },
{ "type": "Feature", "properties": { "child_cell_id": "NHPA1K_V1_R+0000969_C+0000369", "parent_cell_id": "NHPA5K_V1_R+000193_C+000073", "claim_status": "GEOMETRY_QA_ONLY_NOT_A_DEER_PRODUCT" }, "geometry": { "type": "Polygon", "coordinates": [ [ [ -90.745813740140122, 48.118401767192545 ], [ -90.731604013773932, 48.117930959664982 ], [ -90.73081338879382, 48.126405343317131 ], [ -90.745025238849792, 48.126876227591751 ], [ -90.745813740140122, 48.118401767192545 ] ] ] } },
{ "type": "Feature", "properties": { "child_cell_id": "NHPA1K_V1_R+0001005_C+0000150", "parent_cell_id": "NHPA5K_V1_R+000201_C+000030", "claim_status": "GEOMETRY_QA_ONLY_NOT_A_DEER_PRODUCT" }, "geometry": { "type": "Polygon", "coordinates": [ [ [ -93.850694741677003, 48.496444122489727 ], [ -93.836370998922249, 48.496250949947289 ], [ -93.836043977392876, 48.504741433698292 ], [ -93.850369883619237, 48.504934638217655 ], [ -93.850694741677003, 48.496444122489727 ] ] ] } },
{ "type": "Feature", "properties": { "child_cell_id": "NHPA1K_V1_R+0001005_C+0000151", "parent_cell_id": "NHPA5K_V1_R+000201_C+000030", "claim_status": "GEOMETRY_QA_ONLY_NOT_A_DEER_PRODUCT" }, "geometry": { "type": "Polygon", "coordinates": [ [ [ -93.836370998922249, 48.496250949947289 ], [ -93.82204735497578, 48.496056494600992 ], [ -93.821718170019551, 48.504546946163067 ], [ -93.836043977392876, 48.504741433698292 ], [ -93.836370998922249, 48.496250949947289 ] ] ] } },
{ "type": "Feature", "properties": { "child_cell_id": "NHPA1K_V1_R+0001005_C+0000152", "parent_cell_id": "NHPA5K_V1_R+000201_C+000030", "claim_status": "GEOMETRY_QA_ONLY_NOT_A_DEER_PRODUCT" }, "geometry": { "type": "Polygon", "coordinates": [ [ [ -93.82204735497578, 48.496056494600992 ], [ -93.807723810490501, 48.495860756465397 ], [ -93.807392462152549, 48.504351175626496 ], [ -93.821718170019551, 48.504546946163067 ], [ -93.82204735497578, 48.496056494600992 ] ] ] } },
{ "type": "Feature", "properties": { "child_cell_id": "NHPA1K_V1_R+0001005_C+0000153", "parent_cell_id": "NHPA5K_V1_R+000201_C+000030", "claim_status": "GEOMETRY_QA_ONLY_NOT_A_DEER_PRODUCT" }, "geometry": { "type": "Polygon", "coordinates": [ [ [ -93.807723810490501, 48.495860756465397 ], [ -93.793400366119442, 48.495663735555233 ], [ -93.793066854445129, 48.504154122103394 ], [ -93.807392462152549, 48.504351175626496 ], [ -93.807723810490501, 48.495860756465397 ] ] ] } },
{ "type": "Feature", "properties": { "child_cell_id": "NHPA1K_V1_R+0001005_C+0000154", "parent_cell_id": "NHPA5K_V1_R+000201_C+000030", "claim_status": "GEOMETRY_QA_ONLY_NOT_A_DEER_PRODUCT" }, "geometry": { "type": "Polygon", "coordinates": [ [ [ -93.793400366119442, 48.495663735555233 ], [ -93.77907702251548, 48.495465431885201 ], [ -93.778741347550493, 48.50395578560844 ], [ -93.793066854445129, 48.504154122103394 ], [ -93.793400366119442, 48.495663735555233 ] ] ] } },
{ "type": "Feature", "properties": { "child_cell_id": "NHPA1K_V1_R+0001006_C+0000150", "parent_cell_id": "NHPA5K_V1_R+000201_C+000030", "claim_status": "GEOMETRY_QA_ONLY_NOT_A_DEER_PRODUCT" }, "geometry": { "type": "Polygon", "coordinates": [ [ [ -93.850369883619237, 48.504934638217655 ], [ -93.836043977392876, 48.504741433698292 ], [ -93.835716857010439, 48.513232039287487 ], [ -93.850044927361736, 48.513425275799285 ], [ -93.850369883619237, 48.504934638217655 ] ] ] } },
{ "type": "Feature", "properties": { "child_cell_id": "NHPA1K_V1_R+0001006_C+0000151", "parent_cell_id": "NHPA5K_V1_R+000201_C+000030", "claim_status": "GEOMETRY_QA_ONLY_NOT_A_DEER_PRODUCT" }, "geometry": { "type": "Polygon", "coordinates": [ [ [ -93.836043977392876, 48.504741433698292 ], [ -93.821718170019551, 48.504546946163067 ], [ -93.821388885557013, 48.513037519547787 ], [ -93.835716857010439, 48.513232039287487 ], [ -93.836043977392876, 48.504741433698292 ] ] ] } },
{ "type": "Feature", "properties": { "child_cell_id": "NHPA1K_V1_R+0001006_C+0000152", "parent_cell_id": "NHPA5K_V1_R+000201_C+000030", "claim_status": "GEOMETRY_QA_ONLY_NOT_A_DEER_PRODUCT" }, "geometry": { "type": "Polygon", "coordinates": [ [ [ -93.821718170019551, 48.504546946163067 ], [ -93.807392462152549, 48.504351175626496 ], [ -93.807061013655016, 48.512841716594735 ], [ -93.821388885557013, 48.513037519547787 ], [ -93.821718170019551, 48.504546946163067 ] ] ] } },
{ "type": "Feature", "properties": { "child_cell_id": "NHPA1K_V1_R+0001006_C+0000153", "parent_cell_id": "NHPA5K_V1_R+000201_C+000030", "claim_status": "GEOMETRY_QA_ONLY_NOT_A_DEER_PRODUCT" }, "geometry": { "type": "Polygon", "coordinates": [ [ [ -93.807392462152549, 48.504351175626496 ], [ -93.793066854445129, 48.504154122103394 ], [ -93.792733241958004, 48.512644630442878 ], [ -93.807061013655016, 48.512841716594735 ], [ -93.807392462152549, 48.504351175626496 ] ] ] } },
{ "type": "Feature", "properties": { "child_cell_id": "NHPA1K_V1_R+0001006_C+0000154", "parent_cell_id": "NHPA5K_V1_R+000201_C+000030", "claim_status": "GEOMETRY_QA_ONLY_NOT_A_DEER_PRODUCT" }, "geometry": { "type": "Polygon", "coordinates": [ [ [ -93.793066854445129, 48.504154122103394 ], [ -93.778741347550493, 48.50395578560844 ], [ -93.778405571119507, 48.512446261107257 ], [ -93.792733241958004, 48.512644630442878 ], [ -93.793066854445129, 48.504154122103394 ] ] ] } },
{ "type": "Feature", "properties": { "child_cell_id": "NHPA1K_V1_R+0001007_C+0000150", "parent_cell_id": "NHPA5K_V1_R+000201_C+000030", "claim_status": "GEOMETRY_QA_ONLY_NOT_A_DEER_PRODUCT" }, "geometry": { "type": "Polygon", "coordinates": [ [ [ -93.850044927361736, 48.513425275799285 ], [ -93.835716857010439, 48.513232039287487 ], [ -93.835389637730145, 48.521722766968267 ], [ -93.849719872859978, 48.521916035487799 ], [ -93.850044927361736, 48.513425275799285 ] ] ] } },
{ "type": "Feature", "properties": { "child_cell_id": "NHPA1K_V1_R+0001007_C+0000151", "parent_cell_id": "NHPA5K_V1_R+000201_C+000030", "claim_status": "GEOMETRY_QA_ONLY_NOT_A_DEER_PRODUCT" }, "geometry": { "type": "Polygon", "coordinates": [ [ [ -93.835716857010439, 48.513232039287487 ], [ -93.821388885557013, 48.513037519547787 ], [ -93.821059501543019, 48.521528215008487 ], [ -93.835389637730145, 48.521722766968267 ], [ -93.835716857010439, 48.513232039287487 ] ] ] } },
{ "type": "Feature", "properties": { "child_cell_id": "NHPA1K_V1_R+0001007_C+0000152", "parent_cell_id": "NHPA5K_V1_R+000201_C+000030", "claim_status": "GEOMETRY_QA_ONLY_NOT_A_DEER_PRODUCT" }, "geometry": { "type": "Polygon", "coordinates": [ [ [ -93.821388885557013, 48.513037519547787 ], [ -93.807061013655016, 48.512841716594735 ], [ -93.806729464952483, 48.521332379623168 ], [ -93.821059501543019, 48.521528215008487 ], [ -93.821388885557013, 48.513037519547787 ] ] ] } },
{ "type": "Feature", "properties": { "child_cell_id": "NHPA1K_V1_R+0001007_C+0000153", "parent_cell_id": "NHPA5K_V1_R+000201_C+000030", "claim_status": "GEOMETRY_QA_ONLY_NOT_A_DEER_PRODUCT" }, "geometry": { "type": "Polygon", "coordinates": [ [ [ -93.807061013655016, 48.512841716594735 ], [ -93.792733241958004, 48.512644630442878 ], [ -93.792399528612378, 48.521135260826959 ], [ -93.806729464952483, 48.521332379623168 ], [ -93.807061013655016, 48.512841716594735 ] ] ] } },
{ "type": "Feature", "properties": { "child_cell_id": "NHPA1K_V1_R+0001007_C+0000154", "parent_cell_id": "NHPA5K_V1_R+000201_C+000030", "claim_status": "GEOMETRY_QA_ONLY_NOT_A_DEER_PRODUCT" }, "geometry": { "type": "Polygon", "coordinates": [ [ [ -93.792733241958004, 48.512644630442878 ], [ -93.778405571119507, 48.512446261107257 ], [ -93.778069693176519, 48.520936858634627 ], [ -93.792399528612378, 48.521135260826959 ], [ -93.792733241958004, 48.512644630442878 ] ] ] } },
{ "type": "Feature", "properties": { "child_cell_id": "NHPA1K_V1_R+0001008_C+0000150", "parent_cell_id": "NHPA5K_V1_R+000201_C+000030", "claim_status": "GEOMETRY_QA_ONLY_NOT_A_DEER_PRODUCT" }, "geometry": { "type": "Polygon", "coordinates": [ [ [ -93.849719872859978, 48.521916035487799 ], [ -93.835389637730145, 48.521722766968267 ], [ -93.835062319507117, 48.530213616993812 ], [ -93.849394720069384, 48.530406917536638 ], [ -93.849719872859978, 48.521916035487799 ] ] ] } },
{ "type": "Feature", "properties": { "child_cell_id": "NHPA1K_V1_R+0001008_C+0000151", "parent_cell_id": "NHPA5K_V1_R+000201_C+000030", "claim_status": "GEOMETRY_QA_ONLY_NOT_A_DEER_PRODUCT" }, "geometry": { "type": "Polygon", "coordinates": [ [ [ -93.835389637730145, 48.521722766968267 ], [ -93.821059501543019, 48.521528215008487 ], [ -93.820730017932433, 48.530019032798471 ], [ -93.835062319507117, 48.530213616993812 ], [ -93.835389637730145, 48.521722766968267 ] ] ] } },
{ "type": "Feature", "properties": { "child_cell_id": "NHPA1K_V1_R+0001008_C+0000152", "parent_cell_id": "NHPA5K_V1_R+000201_C+000030", "claim_status": "GEOMETRY_QA_ONLY_NOT_A_DEER_PRODUCT" }, "geometry": { "type": "Polygon", "coordinates": [ [ [ -93.821059501543019, 48.521528215008487 ], [ -93.806729464952483, 48.521332379623168 ], [ -93.806397815999517, 48.529823164965222 ], [ -93.820730017932433, 48.530019032798471 ], [ -93.821059501543019, 48.521528215008487 ] ] ] } },
{ "type": "Feature", "properties": { "child_cell_id": "NHPA1K_V1_R+0001008_C+0000153", "parent_cell_id": "NHPA5K_V1_R+000201_C+000030", "claim_status": "GEOMETRY_QA_ONLY_NOT_A_DEER_PRODUCT" }, "geometry": { "type": "Polygon", "coordinates": [ [ [ -93.806729464952483, 48.521332379623168 ], [ -93.792399528612378, 48.521135260826959 ], [ -93.792065714362494, 48.52962601350886 ], [ -93.806397815999517, 48.529823164965222 ], [ -93.806729464952483, 48.521332379623168 ] ] ] } },
{ "type": "Feature", "properties": { "child_cell_id": "NHPA1K_V1_R+0001008_C+0000154", "parent_cell_id": "NHPA5K_V1_R+000201_C+000030", "claim_status": "GEOMETRY_QA_ONLY_NOT_A_DEER_PRODUCT" }, "geometry": { "type": "Polygon", "coordinates": [ [ [ -93.792399528612378, 48.521135260826959 ], [ -93.778069693176519, 48.520936858634627 ], [ -93.777733713675474, 48.529427578444036 ], [ -93.792065714362494, 48.52962601350886 ], [ -93.792399528612378, 48.521135260826959 ] ] ] } },
{ "type": "Feature", "properties": { "child_cell_id": "NHPA1K_V1_R+0001009_C+0000150", "parent_cell_id": "NHPA5K_V1_R+000201_C+000030", "claim_status": "GEOMETRY_QA_ONLY_NOT_A_DEER_PRODUCT" }, "geometry": { "type": "Polygon", "coordinates": [ [ [ -93.849394720069384, 48.530406917536638 ], [ -93.835062319507117, 48.530213616993812 ], [ -93.834734902296503, 48.538704589617701 ], [ -93.849069468945387, 48.538897922199261 ], [ -93.849394720069384, 48.530406917536638 ] ] ] } },
{ "type": "Feature", "properties": { "child_cell_id": "NHPA1K_V1_R+0001009_C+0000151", "parent_cell_id": "NHPA5K_V1_R+000201_C+000030", "claim_status": "GEOMETRY_QA_ONLY_NOT_A_DEER_PRODUCT" }, "geometry": { "type": "Polygon", "coordinates": [ [ [ -93.835062319507117, 48.530213616993812 ], [ -93.820730017932433, 48.530019032798471 ], [ -93.820400434680096, 48.538509973171202 ], [ -93.834734902296503, 48.538704589617701 ], [ -93.835062319507117, 48.530213616993812 ] ] ] } },
{ "type": "Feature", "properties": { "child_cell_id": "NHPA1K_V1_R+0001009_C+0000152", "parent_cell_id": "NHPA5K_V1_R+000201_C+000030", "claim_status": "GEOMETRY_QA_ONLY_NOT_A_DEER_PRODUCT" }, "geometry": { "type": "Polygon", "coordinates": [ [ [ -93.820730017932433, 48.530019032798471 ], [ -93.806397815999517, 48.529823164965222 ], [ -93.80606606675066, 48.538314072874421 ], [ -93.820400434680096, 48.538509973171202 ], [ -93.820730017932433, 48.530019032798471 ] ] ] } },
{ "type": "Feature", "properties": { "child_cell_id": "NHPA1K_V1_R+0001009_C+0000153", "parent_cell_id": "NHPA5K_V1_R+000201_C+000030", "claim_status": "GEOMETRY_QA_ONLY_NOT_A_DEER_PRODUCT" }, "geometry": { "type": "Polygon", "coordinates": [ [ [ -93.806397815999517, 48.529823164965222 ], [ -93.792065714362494, 48.52962601350886 ], [ -93.791731799162605, 48.538116888742081 ], [ -93.80606606675066, 48.538314072874421 ], [ -93.806397815999517, 48.529823164965222 ] ] ] } },
{ "type": "Feature", "properties": { "child_cell_id": "NHPA1K_V1_R+0001009_C+0000154", "parent_cell_id": "NHPA5K_V1_R+000201_C+000030", "claim_status": "GEOMETRY_QA_ONLY_NOT_A_DEER_PRODUCT" }, "geometry": { "type": "Polygon", "coordinates": [ [ [ -93.792065714362494, 48.52962601350886 ], [ -93.777733713675474, 48.529427578444036 ], [ -93.777397632570356, 48.537918420788976 ], [ -93.791731799162605, 48.538116888742081 ], [ -93.792065714362494, 48.52962601350886 ] ] ] } },
{ "type": "Feature", "properties": { "child_cell_id": "NHPA1K_V1_R+0001060_C+0000045", "parent_cell_id": "NHPA5K_V1_R+000212_C+000009", "claim_status": "GEOMETRY_QA_ONLY_NOT_A_DEER_PRODUCT" }, "geometry": { "type": "Polygon", "coordinates": [ [ [ -95.349701057404289, 48.976873344704508 ], [ -95.335250438356127, 48.976814389401646 ], [ -95.335149090430136, 48.985314212491105 ], [ -95.349601912484388, 48.985373177732868 ], [ -95.349701057404289, 48.976873344704508 ] ] ] } },
{ "type": "Feature", "properties": { "child_cell_id": "NHPA1K_V1_R+0001060_C+0000046", "parent_cell_id": "NHPA5K_V1_R+000212_C+000009", "claim_status": "GEOMETRY_QA_ONLY_NOT_A_DEER_PRODUCT" }, "geometry": { "type": "Polygon", "coordinates": [ [ [ -95.335250438356127, 48.976814389401646 ], [ -95.320799850201112, 48.976754138449017 ], [ -95.320696299283156, 48.985253951381189 ], [ -95.335149090430136, 48.985314212491105 ], [ -95.335250438356127, 48.976814389401646 ] ] ] } },
{ "type": "Feature", "properties": { "child_cell_id": "NHPA1K_V1_R+0001060_C+0000047", "parent_cell_id": "NHPA5K_V1_R+000212_C+000009", "claim_status": "GEOMETRY_QA_ONLY_NOT_A_DEER_PRODUCT" }, "geometry": { "type": "Polygon", "coordinates": [ [ [ -95.320799850201112, 48.976754138449017 ], [ -95.30634929361068, 48.976692591851247 ], [ -95.306243539715197, 48.985192394407818 ], [ -95.320696299283156, 48.985253951381189 ], [ -95.320799850201112, 48.976754138449017 ] ] ] } },
{ "type": "Feature", "properties": { "child_cell_id": "NHPA1K_V1_R+0001060_C+0000048", "parent_cell_id": "NHPA5K_V1_R+000212_C+000009", "claim_status": "GEOMETRY_QA_ONLY_NOT_A_DEER_PRODUCT" }, "geometry": { "type": "Polygon", "coordinates": [ [ [ -95.30634929361068, 48.976692591851247 ], [ -95.291898769256306, 48.97662974961316 ], [ -95.291790812398048, 48.985129541575731 ], [ -95.306243539715197, 48.985192394407818 ], [ -95.30634929361068, 48.976692591851247 ] ] ] } },
{ "type": "Feature", "properties": { "child_cell_id": "NHPA1K_V1_R+0001060_C+0000049", "parent_cell_id": "NHPA5K_V1_R+000212_C+000009", "claim_status": "GEOMETRY_QA_ONLY_NOT_A_DEER_PRODUCT" }, "geometry": { "type": "Polygon", "coordinates": [ [ [ -95.291898769256306, 48.97662974961316 ], [ -95.277448277809398, 48.976565611739623 ], [ -95.277338118003414, 48.985065392889766 ], [ -95.291790812398048, 48.985129541575731 ], [ -95.291898769256306, 48.97662974961316 ] ] ] } },
{ "type": "Feature", "properties": { "child_cell_id": "NHPA1K_V1_R+0001061_C+0000045", "parent_cell_id": "NHPA5K_V1_R+000212_C+000009", "claim_status": "GEOMETRY_QA_ONLY_NOT_A_DEER_PRODUCT" }, "geometry": { "type": "Polygon", "coordinates": [ [ [ -95.349601912484388, 48.985373177732868 ], [ -95.335149090430136, 48.985314212491105 ], [ -95.335047711596872, 48.993814172685617 ], [ -95.349502737329004, 48.993873147871113 ], [ -95.349601912484388, 48.985373177732868 ] ] ] } },
{ "type": "Feature", "properties": { "child_cell_id": "NHPA1K_V1_R+0001061_C+0000046", "parent_cell_id": "NHPA5K_V1_R+000212_C+000009", "claim_status": "GEOMETRY_QA_ONLY_NOT_A_DEER_PRODUCT" }, "geometry": { "type": "Polygon", "coordinates": [ [ [ -95.335149090430136, 48.985314212491105 ], [ -95.320696299283156, 48.985253951381189 ], [ -95.320592716786152, 48.993753901413477 ], [ -95.335047711596872, 48.993814172685617 ], [ -95.335149090430136, 48.985314212491105 ] ] ] } },
{ "type": "Feature", "properties": { "child_cell_id": "NHPA1K_V1_R+0001061_C+0000047", "parent_cell_id": "NHPA5K_V1_R+000212_C+000009", "claim_status": "GEOMETRY_QA_ONLY_NOT_A_DEER_PRODUCT" }, "geometry": { "type": "Polygon", "coordinates": [ [ [ -95.320696299283156, 48.985253951381189 ], [ -95.306243539715197, 48.985192394407818 ], [ -95.306137753568919, 48.993692334059425 ], [ -95.320592716786152, 48.993753901413477 ], [ -95.320696299283156, 48.985253951381189 ] ] ] } },
{ "type": "Feature", "properties": { "child_cell_id": "NHPA1K_V1_R+0001061_C+0000048", "parent_cell_id": "NHPA5K_V1_R+000212_C+000009", "claim_status": "GEOMETRY_QA_ONLY_NOT_A_DEER_PRODUCT" }, "geometry": { "type": "Polygon", "coordinates": [ [ [ -95.306243539715197, 48.985192394407818 ], [ -95.291790812398048, 48.985129541575731 ], [ -95.291682822617233, 48.993629470628086 ], [ -95.306137753568919, 48.993692334059425 ], [ -95.306243539715197, 48.985192394407818 ] ] ] } },
{ "type": "Feature", "properties": { "child_cell_id": "NHPA1K_V1_R+0001061_C+0000049", "parent_cell_id": "NHPA5K_V1_R+000212_C+000009", "claim_status": "GEOMETRY_QA_ONLY_NOT_A_DEER_PRODUCT" }, "geometry": { "type": "Polygon", "coordinates": [ [ [ -95.291790812398048, 48.985129541575731 ], [ -95.277338118003414, 48.985065392889766 ], [ -95.277227924603153, 48.993565311124414 ], [ -95.291682822617233, 48.993629470628086 ], [ -95.291790812398048, 48.985129541575731 ] ] ] } },
{ "type": "Feature", "properties": { "child_cell_id": "NHPA1K_V1_R+0001062_C+0000045", "parent_cell_id": "NHPA5K_V1_R+000212_C+000009", "claim_status": "GEOMETRY_QA_ONLY_NOT_A_DEER_PRODUCT" }, "geometry": { "type": "Polygon", "coordinates": [ [ [ -95.349502737329004, 48.993873147871113 ], [ -95.335047711596872, 48.993814172685617 ], [ -95.334946301842166, 49.002314270248007 ], [ -95.349403531924253, 49.002373255382011 ], [ -95.349502737329004, 48.993873147871113 ] ] ] } },
{ "type": "Feature", "properties": { "child_cell_id": "NHPA1K_V1_R+0001062_C+0000046", "parent_cell_id": "NHPA5K_V1_R+000212_C+000009", "claim_status": "GEOMETRY_QA_ONLY_NOT_A_DEER_PRODUCT" }, "geometry": { "type": "Polygon", "coordinates": [ [ [ -95.335047711596872, 48.993814172685617 ], [ -95.320592716786152, 48.993753901413477 ], [ -95.32048910269566, 49.002253988808704 ], [ -95.334946301842166, 49.002314270248007 ], [ -95.335047711596872, 48.993814172685617 ] ] ] } },
{ "type": "Feature", "properties": { "child_cell_id": "NHPA1K_V1_R+0001062_C+0000047", "parent_cell_id": "NHPA5K_V1_R+000212_C+000009", "claim_status": "GEOMETRY_QA_ONLY_NOT_A_DEER_PRODUCT" }, "geometry": { "type": "Polygon", "coordinates": [ [ [ -95.320592716786152, 48.993753901413477 ], [ -95.306137753568919, 48.993692334059425 ], [ -95.306031935157094, 49.002192411068847 ], [ -95.32048910269566, 49.002253988808704 ], [ -95.320592716786152, 48.993753901413477 ] ] ] } },
{ "type": "Feature", "properties": { "child_cell_id": "NHPA1K_V1_R+0001062_C+0000048", "parent_cell_id": "NHPA5K_V1_R+000212_C+000009", "claim_status": "GEOMETRY_QA_ONLY_NOT_A_DEER_PRODUCT" }, "geometry": { "type": "Polygon", "coordinates": [ [ [ -95.306137753568919, 48.993692334059425 ], [ -95.291682822617233, 48.993629470628086 ], [ -95.291574799898825, 49.00212953703312 ], [ -95.306031935157094, 49.002192411068847 ], [ -95.306137753568919, 48.993692334059425 ] ] ] } },
{ "type": "Feature", "properties": { "child_cell_id": "NHPA1K_V1_R+0001062_C+0000049", "parent_cell_id": "NHPA5K_V1_R+000212_C+000009", "claim_status": "GEOMETRY_QA_ONLY_NOT_A_DEER_PRODUCT" }, "geometry": { "type": "Polygon", "coordinates": [ [ [ -95.291682822617233, 48.993629470628086 ], [ -95.277227924603153, 48.993565311124414 ], [ -95.277117697593255, 49.00206536670651 ], [ -95.291574799898825, 49.00212953703312 ], [ -95.291682822617233, 48.993629470628086 ] ] ] } },
{ "type": "Feature", "properties": { "child_cell_id": "NHPA1K_V1_R+0001063_C+0000045", "parent_cell_id": "NHPA5K_V1_R+000212_C+000009", "claim_status": "GEOMETRY_QA_ONLY_NOT_A_DEER_PRODUCT" }, "geometry": { "type": "Polygon", "coordinates": [ [ [ -95.349403531924253, 49.002373255382011 ], [ -95.334946301842166, 49.002314270248007 ], [ -95.334844861151922, 49.010814505441296 ], [ -95.349304296256321, 49.010873500528824 ], [ -95.349403531924253, 49.002373255382011 ] ] ] } },
{ "type": "Feature", "properties": { "child_cell_id": "NHPA1K_V1_R+0001063_C+0000046", "parent_cell_id": "NHPA5K_V1_R+000212_C+000009", "claim_status": "GEOMETRY_QA_ONLY_NOT_A_DEER_PRODUCT" }, "geometry": { "type": "Polygon", "coordinates": [ [ [ -95.334946301842166, 49.002314270248007 ], [ -95.32048910269566, 49.002253988808704 ], [ -95.320385456997229, 49.010754213829877 ], [ -95.334844861151922, 49.010814505441296 ], [ -95.334946301842166, 49.002314270248007 ] ] ] } },
{ "type": "Feature", "properties": { "child_cell_id": "NHPA1K_V1_R+0001063_C+0000047", "parent_cell_id": "NHPA5K_V1_R+000212_C+000009", "claim_status": "GEOMETRY_QA_ONLY_NOT_A_DEER_PRODUCT" }, "geometry": { "type": "Polygon", "coordinates": [ [ [ -95.32048910269566, 49.002253988808704 ], [ -95.306031935157094, 49.002192411068847 ], [ -95.305926084464957, 49.010692625699129 ], [ -95.320385456997229, 49.010754213829877 ], [ -95.32048910269566, 49.002253988808704 ] ] ] } },
{ "type": "Feature", "properties": { "child_cell_id": "NHPA1K_V1_R+0001063_C+0000048", "parent_cell_id": "NHPA5K_V1_R+000212_C+000009", "claim_status": "GEOMETRY_QA_ONLY_NOT_A_DEER_PRODUCT" }, "geometry": { "type": "Polygon", "coordinates": [ [ [ -95.306031935157094, 49.002192411068847 ], [ -95.291574799898825, 49.00212953703312 ], [ -95.291466744227776, 49.010629741053862 ], [ -95.305926084464957, 49.010692625699129 ], [ -95.306031935157094, 49.002192411068847 ] ] ] } },
{ "type": "Feature", "properties": { "child_cell_id": "NHPA1K_V1_R+0001063_C+0000049", "parent_cell_id": "NHPA5K_V1_R+000212_C+000009", "claim_status": "GEOMETRY_QA_ONLY_NOT_A_DEER_PRODUCT" }, "geometry": { "type": "Polygon", "coordinates": [ [ [ -95.291574799898825, 49.00212953703312 ], [ -95.277117697593255, 49.00206536670651 ], [ -95.277007436958328, 49.010565559898986 ], [ -95.291466744227776, 49.010629741053862 ], [ -95.291574799898825, 49.00212953703312 ] ] ] } },
{ "type": "Feature", "properties": { "child_cell_id": "NHPA1K_V1_R+0001064_C+0000045", "parent_cell_id": "NHPA5K_V1_R+000212_C+000009", "claim_status": "GEOMETRY_QA_ONLY_NOT_A_DEER_PRODUCT" }, "geometry": { "type": "Polygon", "coordinates": [ [ [ -95.349304296256321, 49.010873500528824 ], [ -95.334844861151922, 49.010814505441296 ], [ -95.334743389511928, 49.019314878528782 ], [ -95.349205030311353, 49.019373883574552 ], [ -95.349304296256321, 49.010873500528824 ] ] ] } },
{ "type": "Feature", "properties": { "child_cell_id": "NHPA1K_V1_R+0001064_C+0000046", "parent_cell_id": "NHPA5K_V1_R+000212_C+000009", "claim_status": "GEOMETRY_QA_ONLY_NOT_A_DEER_PRODUCT" }, "geometry": { "type": "Polygon", "coordinates": [ [ [ -95.334844861151922, 49.010814505441296 ], [ -95.320385456997229, 49.010754213829877 ], [ -95.320281779676392, 49.019254576740238 ], [ -95.334743389511928, 49.019314878528782 ], [ -95.334844861151922, 49.010814505441296 ] ] ] } },
{ "type": "Feature", "properties": { "child_cell_id": "NHPA1K_V1_R+0001064_C+0000047", "parent_cell_id": "NHPA5K_V1_R+000212_C+000009", "claim_status": "GEOMETRY_QA_ONLY_NOT_A_DEER_PRODUCT" }, "geometry": { "type": "Polygon", "coordinates": [ [ [ -95.320385456997229, 49.010754213829877 ], [ -95.305926084464957, 49.010692625699129 ], [ -95.305820201477744, 49.019192978213553 ], [ -95.320281779676392, 49.019254576740238 ], [ -95.320385456997229, 49.010754213829877 ] ] ] } },
{ "type": "Feature", "properties": { "child_cell_id": "NHPA1K_V1_R+0001064_C+0000048", "parent_cell_id": "NHPA5K_V1_R+000212_C+000009", "claim_status": "GEOMETRY_QA_ONLY_NOT_A_DEER_PRODUCT" }, "geometry": { "type": "Polygon", "coordinates": [ [ [ -95.305926084464957, 49.010692625699129 ], [ -95.291466744227776, 49.010629741053862 ], [ -95.291358655588965, 49.019130082953517 ], [ -95.305820201477744, 49.019192978213553 ], [ -95.305926084464957, 49.010692625699129 ] ] ] } },
{ "type": "Feature", "properties": { "child_cell_id": "NHPA1K_V1_R+0001064_C+0000049", "parent_cell_id": "NHPA5K_V1_R+000212_C+000009", "claim_status": "GEOMETRY_QA_ONLY_NOT_A_DEER_PRODUCT" }, "geometry": { "type": "Polygon", "coordinates": [ [ [ -95.291466744227776, 49.010629741053862 ], [ -95.277007436958328, 49.010565559898986 ], [ -95.276897142682998, 49.019065890965052 ], [ -95.291358655588965, 49.019130082953517 ], [ -95.291466744227776, 49.010629741053862 ] ] ] } },
{ "type": "Feature", "properties": { "child_cell_id": "NHPA1K_V1_R+0001070_C-0000360", "parent_cell_id": "NHPA5K_V1_R+000214_C-000072", "claim_status": "GEOMETRY_QA_ONLY_NOT_A_DEER_PRODUCT" }, "geometry": { "type": "Polygon", "coordinates": [ [ [ -101.205178743566918, 48.979155407905928 ], [ -101.190748836434025, 48.979621243088744 ], [ -101.191539870364295, 48.988108579296046 ], [ -101.205971967677982, 48.987642665690025 ], [ -101.205178743566918, 48.979155407905928 ] ] ] } },
{ "type": "Feature", "properties": { "child_cell_id": "NHPA1K_V1_R+0001070_C-0000359", "parent_cell_id": "NHPA5K_V1_R+000214_C-000072", "claim_status": "GEOMETRY_QA_ONLY_NOT_A_DEER_PRODUCT" }, "geometry": { "type": "Polygon", "coordinates": [ [ [ -101.190748836434025, 48.979621243088744 ], [ -101.176318688519359, 48.980085786770587 ], [ -101.177107532158942, 48.988573201185787 ], [ -101.191539870364295, 48.988108579296046 ], [ -101.190748836434025, 48.979621243088744 ] ] ] } },
{ "type": "Feature", "properties": { "child_cell_id": "NHPA1K_V1_R+0001070_C-0000358", "parent_cell_id": "NHPA5K_V1_R+000214_C-000072", "claim_status": "GEOMETRY_QA_ONLY_NOT_A_DEER_PRODUCT" }, "geometry": { "type": "Polygon", "coordinates": [ [ [ -101.176318688519359, 48.980085786770587 ], [ -101.161888300485586, 48.980549038915996 ], [ -101.162674953724903, 48.98903653132362 ], [ -101.177107532158942, 48.988573201185787 ], [ -101.176318688519359, 48.980085786770587 ] ] ] } },
{ "type": "Feature", "properties": { "child_cell_id": "NHPA1K_V1_R+0001070_C-0000357", "parent_cell_id": "NHPA5K_V1_R+000214_C-000072", "claim_status": "GEOMETRY_QA_ONLY_NOT_A_DEER_PRODUCT" }, "geometry": { "type": "Polygon", "coordinates": [ [ [ -101.161888300485586, 48.980549038915996 ], [ -101.147457672995515, 48.981010999489328 ], [ -101.148242135725269, 48.989498569673842 ], [ -101.162674953724903, 48.98903653132362 ], [ -101.161888300485586, 48.980549038915996 ] ] ] } },
{ "type": "Feature", "properties": { "child_cell_id": "NHPA1K_V1_R+0001070_C-0000356", "parent_cell_id": "NHPA5K_V1_R+000214_C-000072", "claim_status": "GEOMETRY_QA_ONLY_NOT_A_DEER_PRODUCT" }, "geometry": { "type": "Polygon", "coordinates": [ [ [ -101.147457672995515, 48.981010999489328 ], [ -101.133026806711939, 48.9814716684551 ], [ -101.133809078823177, 48.989959316201144 ], [ -101.148242135725269, 48.989498569673842 ], [ -101.147457672995515, 48.981010999489328 ] ] ] } },
{ "type": "Feature", "properties": { "child_cell_id": "NHPA1K_V1_R+0001071_C-0000360", "parent_cell_id": "NHPA5K_V1_R+000214_C-000072", "claim_status": "GEOMETRY_QA_ONLY_NOT_A_DEER_PRODUCT" }, "geometry": { "type": "Polygon", "coordinates": [ [ [ -101.205971967677982, 48.987642665690025 ], [ -101.191539870364295, 48.988108579296046 ], [ -101.19233114518623, 48.996596048471112 ], [ -101.206765433343676, 48.996130056403643 ], [ -101.205971967677982, 48.987642665690025 ] ] ] } },
{ "type": "Feature", "properties": { "child_cell_id": "NHPA1K_V1_R+0001071_C-0000359", "parent_cell_id": "NHPA5K_V1_R+000214_C-000072", "claim_status": "GEOMETRY_QA_ONLY_NOT_A_DEER_PRODUCT" }, "geometry": { "type": "Polygon", "coordinates": [ [ [ -101.191539870364295, 48.988108579296046 ], [ -101.177107532158942, 48.988573201185787 ], [ -101.177896616027184, 48.99706074860682 ], [ -101.19233114518623, 48.996596048471112 ], [ -101.191539870364295, 48.988108579296046 ] ] ] } },
{ "type": "Feature", "properties": { "child_cell_id": "NHPA1K_V1_R+0001071_C-0000358", "parent_cell_id": "NHPA5K_V1_R+000214_C-000072", "claim_status": "GEOMETRY_QA_ONLY_NOT_A_DEER_PRODUCT" }, "geometry": { "type": "Polygon", "coordinates": [ [ [ -101.177107532158942, 48.988573201185787 ], [ -101.162674953724903, 48.98903653132362 ], [ -101.163461846529827, 48.997524156775 ], [ -101.177896616027184, 48.99706074860682 ], [ -101.177107532158942, 48.988573201185787 ] ] ] } },
{ "type": "Feature", "properties": { "child_cell_id": "NHPA1K_V1_R+0001071_C-0000357", "parent_cell_id": "NHPA5K_V1_R+000214_C-000072", "claim_status": "GEOMETRY_QA_ONLY_NOT_A_DEER_PRODUCT" }, "geometry": { "type": "Polygon", "coordinates": [ [ [ -101.162674953724903, 48.98903653132362 ], [ -101.148242135725269, 48.989498569673842 ], [ -101.149026837357511, 48.997986272940153 ], [ -101.163461846529827, 48.997524156775 ], [ -101.162674953724903, 48.98903653132362 ] ] ] } },
{ "type": "Feature", "properties": { "child_cell_id": "NHPA1K_V1_R+0001071_C-0000356", "parent_cell_id": "NHPA5K_V1_R+000214_C-000072", "claim_status": "GEOMETRY_QA_ONLY_NOT_A_DEER_PRODUCT" }, "geometry": { "type": "Polygon", "coordinates": [ [ [ -101.148242135725269, 48.989498569673842 ], [ -101.133809078823177, 48.989959316201144 ], [ -101.134591589173709, 48.998447097066723 ], [ -101.149026837357511, 48.997986272940153 ], [ -101.148242135725269, 48.989498569673842 ] ] ] } },
{ "type": "Feature", "properties": { "child_cell_id": "NHPA1K_V1_R+0001072_C-0000360", "parent_cell_id": "NHPA5K_V1_R+000214_C-000072", "claim_status": "GEOMETRY_QA_ONLY_NOT_A_DEER_PRODUCT" }, "geometry": { "type": "Polygon", "coordinates": [ [ [ -101.206765433343676, 48.996130056403643 ], [ -101.19233114518623, 48.996596048471112 ], [ -101.193122661009795, 49.00508365087375 ], [ -101.207559140674206, 49.004617580306636 ], [ -101.206765433343676, 48.996130056403643 ] ] ] } },
{ "type": "Feature", "properties": { "child_cell_id": "NHPA1K_V1_R+0001072_C-0000359", "parent_cell_id": "NHPA5K_V1_R+000214_C-000072", "claim_status": "GEOMETRY_QA_ONLY_NOT_A_DEER_PRODUCT" }, "geometry": { "type": "Polygon", "coordinates": [ [ [ -101.19233114518623, 48.996596048471112 ], [ -101.177896616027184, 48.99706074860682 ], [ -101.178685940233763, 49.005548429293526 ], [ -101.193122661009795, 49.00508365087375 ], [ -101.19233114518623, 48.996596048471112 ] ] ] } },
{ "type": "Feature", "properties": { "child_cell_id": "NHPA1K_V1_R+0001072_C-0000358", "parent_cell_id": "NHPA5K_V1_R+000214_C-000072", "claim_status": "GEOMETRY_QA_ONLY_NOT_A_DEER_PRODUCT" }, "geometry": { "type": "Polygon", "coordinates": [ [ [ -101.177896616027184, 48.99706074860682 ], [ -101.163461846529827, 48.997524156775 ], [ -101.164248979009699, 49.006011915530244 ], [ -101.178685940233763, 49.005548429293526 ], [ -101.177896616027184, 48.99706074860682 ] ] ] } },
{ "type": "Feature", "properties": { "child_cell_id": "NHPA1K_V1_R+0001072_C-0000357", "parent_cell_id": "NHPA5K_V1_R+000214_C-000072", "claim_status": "GEOMETRY_QA_ONLY_NOT_A_DEER_PRODUCT" }, "geometry": { "type": "Polygon", "coordinates": [ [ [ -101.163461846529827, 48.997524156775 ], [ -101.149026837357511, 48.997986272940153 ], [ -101.149811778001293, 49.006474109548172 ], [ -101.164248979009699, 49.006011915530244 ], [ -101.163461846529827, 48.997524156775 ] ] ] } },
{ "type": "Feature", "properties": { "child_cell_id": "NHPA1K_V1_R+0001072_C-0000356", "parent_cell_id": "NHPA5K_V1_R+000214_C-000072", "claim_status": "GEOMETRY_QA_ONLY_NOT_A_DEER_PRODUCT" }, "geometry": { "type": "Polygon", "coordinates": [ [ [ -101.149026837357511, 48.997986272940153 ], [ -101.134591589173709, 48.998447097066723 ], [ -101.13537433787225, 49.006935011311832 ], [ -101.149811778001293, 49.006474109548172 ], [ -101.149026837357511, 48.997986272940153 ] ] ] } },
{ "type": "Feature", "properties": { "child_cell_id": "NHPA1K_V1_R+0001073_C-0000360", "parent_cell_id": "NHPA5K_V1_R+000214_C-000072", "claim_status": "GEOMETRY_QA_ONLY_NOT_A_DEER_PRODUCT" }, "geometry": { "type": "Polygon", "coordinates": [ [ [ -101.207559140674206, 49.004617580306636 ], [ -101.193122661009795, 49.00508365087375 ], [ -101.193914417944995, 49.013571386763957 ], [ -101.208353089779919, 49.013105237658827 ], [ -101.207559140674206, 49.004617580306636 ] ] ] } },
{ "type": "Feature", "properties": { "child_cell_id": "NHPA1K_V1_R+0001073_C-0000359", "parent_cell_id": "NHPA5K_V1_R+000214_C-000072", "claim_status": "GEOMETRY_QA_ONLY_NOT_A_DEER_PRODUCT" }, "geometry": { "type": "Polygon", "coordinates": [ [ [ -101.193122661009795, 49.00508365087375 ], [ -101.178685940233763, 49.005548429293526 ], [ -101.179475504888373, 49.01403624350597 ], [ -101.193914417944995, 49.013571386763957 ], [ -101.193122661009795, 49.00508365087375 ] ] ] } },
{ "type": "Feature", "properties": { "child_cell_id": "NHPA1K_V1_R+0001073_C-0000358", "parent_cell_id": "NHPA5K_V1_R+000214_C-000072", "claim_status": "GEOMETRY_QA_ONLY_NOT_A_DEER_PRODUCT" }, "geometry": { "type": "Polygon", "coordinates": [ [ [ -101.178685940233763, 49.005548429293526 ], [ -101.164248979009699, 49.006011915530244 ], [ -101.165036351273955, 49.014499807849184 ], [ -101.179475504888373, 49.01403624350597 ], [ -101.178685940233763, 49.005548429293526 ] ] ] } },
{ "type": "Feature", "properties": { "child_cell_id": "NHPA1K_V1_R+0001073_C-0000357", "parent_cell_id": "NHPA5K_V1_R+000214_C-000072", "claim_status": "GEOMETRY_QA_ONLY_NOT_A_DEER_PRODUCT" }, "geometry": { "type": "Polygon", "coordinates": [ [ [ -101.164248979009699, 49.006011915530244 ], [ -101.149811778001293, 49.006474109548172 ], [ -101.1505969577657, 49.014962079757844 ], [ -101.165036351273955, 49.014499807849184 ], [ -101.164248979009699, 49.006011915530244 ] ] ] } },
{ "type": "Feature", "properties": { "child_cell_id": "NHPA1K_V1_R+0001073_C-0000356", "parent_cell_id": "NHPA5K_V1_R+000214_C-000072", "claim_status": "GEOMETRY_QA_ONLY_NOT_A_DEER_PRODUCT" }, "geometry": { "type": "Polygon", "coordinates": [ [ [ -101.149811778001293, 49.006474109548172 ], [ -101.13537433787225, 49.006935011311832 ], [ -101.136157325027639, 49.015423059196529 ], [ -101.1505969577657, 49.014962079757844 ], [ -101.149811778001293, 49.006474109548172 ] ] ] } },
{ "type": "Feature", "properties": { "child_cell_id": "NHPA1K_V1_R+0001074_C-0000360", "parent_cell_id": "NHPA5K_V1_R+000214_C-000072", "claim_status": "GEOMETRY_QA_ONLY_NOT_A_DEER_PRODUCT" }, "geometry": { "type": "Polygon", "coordinates": [ [ [ -101.208353089779919, 49.013105237658827 ], [ -101.193914417944995, 49.013571386763957 ], [ -101.194706416101909, 49.022059256401882 ], [ -101.209147280771177, 49.021593028720503 ], [ -101.208353089779919, 49.013105237658827 ] ] ] } },
{ "type": "Feature", "properties": { "child_cell_id": "NHPA1K_V1_R+0001074_C-0000359", "parent_cell_id": "NHPA5K_V1_R+000214_C-000072", "claim_status": "GEOMETRY_QA_ONLY_NOT_A_DEER_PRODUCT" }, "geometry": { "type": "Polygon", "coordinates": [ [ [ -101.193914417944995, 49.013571386763957 ], [ -101.179475504888373, 49.01403624350597 ], [ -101.180265310100779, 49.022524191504367 ], [ -101.194706416101909, 49.022059256401882 ], [ -101.193914417944995, 49.013571386763957 ] ] ] } },
{ "type": "Feature", "properties": { "child_cell_id": "NHPA1K_V1_R+0001074_C-0000358", "parent_cell_id": "NHPA5K_V1_R+000214_C-000072", "claim_status": "GEOMETRY_QA_ONLY_NOT_A_DEER_PRODUCT" }, "geometry": { "type": "Polygon", "coordinates": [ [ [ -101.179475504888373, 49.01403624350597 ], [ -101.165036351273955, 49.014499807849184 ], [ -101.165823963432032, 49.022987833992104 ], [ -101.180265310100779, 49.022524191504367 ], [ -101.179475504888373, 49.01403624350597 ] ] ] } },
{ "type": "Feature", "properties": { "child_cell_id": "NHPA1K_V1_R+0001074_C-0000357", "parent_cell_id": "NHPA5K_V1_R+000214_C-000072", "claim_status": "GEOMETRY_QA_ONLY_NOT_A_DEER_PRODUCT" }, "geometry": { "type": "Polygon", "coordinates": [ [ [ -101.165036351273955, 49.014499807849184 ], [ -101.1505969577657, 49.014962079757844 ], [ -101.151382376759912, 49.02345018382956 ], [ -101.165823963432032, 49.022987833992104 ], [ -101.165036351273955, 49.014499807849184 ] ] ] } },
{ "type": "Feature", "properties": { "child_cell_id": "NHPA1K_V1_R+0001074_C-0000356", "parent_cell_id": "NHPA5K_V1_R+000214_C-000072", "claim_status": "GEOMETRY_QA_ONLY_NOT_A_DEER_PRODUCT" }, "geometry": { "type": "Polygon", "coordinates": [ [ [ -101.1505969577657, 49.014962079757844 ], [ -101.136157325027639, 49.015423059196529 ], [ -101.136940550748733, 49.023911240981064 ], [ -101.151382376759912, 49.02345018382956 ], [ -101.1505969577657, 49.014962079757844 ] ] ] } },
{ "type": "Feature", "properties": { "child_cell_id": "NHPA1K_V1_R+0001095_C-0000655", "parent_cell_id": "NHPA5K_V1_R+000219_C-000131", "claim_status": "GEOMETRY_QA_ONLY_NOT_A_DEER_PRODUCT" }, "geometry": { "type": "Polygon", "coordinates": [ [ [ -105.48461105949977, 48.996938884052959 ], [ -105.470226957024195, 48.997787278657697 ], [ -105.471668943654933, 49.006245262761816 ], [ -105.486055207035506, 49.005396725733192 ], [ -105.48461105949977, 48.996938884052959 ] ] ] } },
{ "type": "Feature", "properties": { "child_cell_id": "NHPA1K_V1_R+0001095_C-0000654", "parent_cell_id": "NHPA5K_V1_R+000219_C-000131", "claim_status": "GEOMETRY_QA_ONLY_NOT_A_DEER_PRODUCT" }, "geometry": { "type": "Polygon", "coordinates": [ [ [ -105.470226957024195, 48.997787278657697 ], [ -105.455842417014225, 48.998634391264645 ], [ -105.457282242541439, 49.007092517584027 ], [ -105.471668943654933, 49.006245262761816 ], [ -105.470226957024195, 48.997787278657697 ] ] ] } },
{ "type": "Feature", "properties": { "child_cell_id": "NHPA1K_V1_R+0001095_C-0000653", "parent_cell_id": "NHPA5K_V1_R+000219_C-000131", "claim_status": "GEOMETRY_QA_ONLY_NOT_A_DEER_PRODUCT" }, "geometry": { "type": "Polygon", "coordinates": [ [ [ -105.455842417014225, 48.998634391264645 ], [ -105.441457440112345, 48.999480221809236 ], [ -105.442895104337737, 49.007938490135373 ], [ -105.457282242541439, 49.007092517584027 ], [ -105.455842417014225, 48.998634391264645 ] ] ] } },
{ "type": "Feature", "properties": { "child_cell_id": "NHPA1K_V1_R+0001095_C-0000652", "parent_cell_id": "NHPA5K_V1_R+000219_C-000131", "claim_status": "GEOMETRY_QA_ONLY_NOT_A_DEER_PRODUCT" }, "geometry": { "type": "Polygon", "coordinates": [ [ [ -105.441457440112345, 48.999480221809236 ], [ -105.427072026961113, 49.000324770227103 ], [ -105.428507529686684, 49.008783180351472 ], [ -105.442895104337737, 49.007938490135373 ], [ -105.441457440112345, 48.999480221809236 ] ] ] } },
{ "type": "Feature", "properties": { "child_cell_id": "NHPA1K_V1_R+0001095_C-0000651", "parent_cell_id": "NHPA5K_V1_R+000219_C-000131", "claim_status": "GEOMETRY_QA_ONLY_NOT_A_DEER_PRODUCT" }, "geometry": { "type": "Polygon", "coordinates": [ [ [ -105.427072026961113, 49.000324770227103 ], [ -105.412686178203231, 49.001168036454146 ], [ -105.414119519231264, 49.00962658816799 ], [ -105.428507529686684, 49.008783180351472 ], [ -105.427072026961113, 49.000324770227103 ] ] ] } },
{ "type": "Feature", "properties": { "child_cell_id": "NHPA1K_V1_R+0001096_C-0000655", "parent_cell_id": "NHPA5K_V1_R+000219_C-000131", "claim_status": "GEOMETRY_QA_ONLY_NOT_A_DEER_PRODUCT" }, "geometry": { "type": "Polygon", "coordinates": [ [ [ -105.486055207035506, 49.005396725733192 ], [ -105.471668943654933, 49.006245262761816 ], [ -105.473111368018635, 49.014703370418502 ], [ -105.487499792946792, 49.013854690897062 ], [ -105.486055207035506, 49.005396725733192 ] ] ] } },
{ "type": "Feature", "properties": { "child_cell_id": "NHPA1K_V1_R+0001096_C-0000654", "parent_cell_id": "NHPA5K_V1_R+000219_C-000131", "claim_status": "GEOMETRY_QA_ONLY_NOT_A_DEER_PRODUCT" }, "geometry": { "type": "Polygon", "coordinates": [ [ [ -105.471668943654933, 49.006245262761816 ], [ -105.457282242541439, 49.007092517584027 ], [ -105.458722505158846, 49.015550767524928 ], [ -105.473111368018635, 49.014703370418502 ], [ -105.471668943654933, 49.006245262761816 ] ] ] } },
{ "type": "Feature", "properties": { "child_cell_id": "NHPA1K_V1_R+0001096_C-0000653", "parent_cell_id": "NHPA5K_V1_R+000219_C-000131", "claim_status": "GEOMETRY_QA_ONLY_NOT_A_DEER_PRODUCT" }, "geometry": { "type": "Polygon", "coordinates": [ [ [ -105.457282242541439, 49.007092517584027 ], [ -105.442895104337737, 49.007938490135373 ], [ -105.444333205010466, 49.01639688215193 ], [ -105.458722505158846, 49.015550767524928 ], [ -105.457282242541439, 49.007092517584027 ] ] ] } },
{ "type": "Feature", "properties": { "child_cell_id": "NHPA1K_V1_R+0001096_C-0000652", "parent_cell_id": "NHPA5K_V1_R+000219_C-000131", "claim_status": "GEOMETRY_QA_ONLY_NOT_A_DEER_PRODUCT" }, "geometry": { "type": "Polygon", "coordinates": [ [ [ -105.442895104337737, 49.007938490135373 ], [ -105.428507529686684, 49.008783180351472 ], [ -105.429943468216621, 49.017241714234991 ], [ -105.444333205010466, 49.01639688215193 ], [ -105.442895104337737, 49.007938490135373 ] ] ] } },
{ "type": "Feature", "properties": { "child_cell_id": "NHPA1K_V1_R+0001096_C-0000651", "parent_cell_id": "NHPA5K_V1_R+000219_C-000131", "claim_status": "GEOMETRY_QA_ONLY_NOT_A_DEER_PRODUCT" }, "geometry": { "type": "Polygon", "coordinates": [ [ [ -105.428507529686684, 49.008783180351472 ], [ -105.414119519231264, 49.00962658816799 ], [ -105.41555329542058, 49.018085263709686 ], [ -105.429943468216621, 49.017241714234991 ], [ -105.428507529686684, 49.008783180351472 ] ] ] } },
{ "type": "Feature", "properties": { "child_cell_id": "NHPA1K_V1_R+0001097_C-0000655", "parent_cell_id": "NHPA5K_V1_R+000219_C-000131", "claim_status": "GEOMETRY_QA_ONLY_NOT_A_DEER_PRODUCT" }, "geometry": { "type": "Polygon", "coordinates": [ [ [ -105.487499792946792, 49.013854690897062 ], [ -105.473111368018635, 49.014703370418502 ], [ -105.474554230313984, 49.02316160188073 ], [ -105.488944817432653, 49.022312779797296 ], [ -105.487499792946792, 49.013854690897062 ] ] ] } },
{ "type": "Feature", "properties": { "child_cell_id": "NHPA1K_V1_R+0001097_C-0000654", "parent_cell_id": "NHPA5K_V1_R+000219_C-000131", "claim_status": "GEOMETRY_QA_ONLY_NOT_A_DEER_PRODUCT" }, "geometry": { "type": "Polygon", "coordinates": [ [ [ -105.473111368018635, 49.014703370418502 ], [ -105.458722505158846, 49.015550767524928 ], [ -105.460163205064887, 49.024009141340471 ], [ -105.474554230313984, 49.02316160188073 ], [ -105.473111368018635, 49.014703370418502 ] ] ] } },
{ "type": "Feature", "properties": { "child_cell_id": "NHPA1K_V1_R+0001097_C-0000653", "parent_cell_id": "NHPA5K_V1_R+000219_C-000131", "claim_status": "GEOMETRY_QA_ONLY_NOT_A_DEER_PRODUCT" }, "geometry": { "type": "Polygon", "coordinates": [ [ [ -105.458722505158846, 49.015550767524928 ], [ -105.444333205010466, 49.01639688215193 ], [ -105.445771742328688, 49.024855398111903 ], [ -105.460163205064887, 49.024009141340471 ], [ -105.458722505158846, 49.015550767524928 ] ] ] } },
{ "type": "Feature", "properties": { "child_cell_id": "NHPA1K_V1_R+0001097_C-0000652", "parent_cell_id": "NHPA5K_V1_R+000219_C-000131", "claim_status": "GEOMETRY_QA_ONLY_NOT_A_DEER_PRODUCT" }, "geometry": { "type": "Polygon", "coordinates": [ [ [ -105.444333205010466, 49.01639688215193 ], [ -105.429943468216621, 49.017241714234991 ], [ -105.431379842748782, 49.025700372130643 ], [ -105.445771742328688, 49.024855398111903 ], [ -105.444333205010466, 49.01639688215193 ] ] ] } },
{ "type": "Feature", "properties": { "child_cell_id": "NHPA1K_V1_R+0001097_C-0000651", "parent_cell_id": "NHPA5K_V1_R+000219_C-000131", "claim_status": "GEOMETRY_QA_ONLY_NOT_A_DEER_PRODUCT" }, "geometry": { "type": "Polygon", "coordinates": [ [ [ -105.429943468216621, 49.017241714234991 ], [ -105.41555329542058, 49.018085263709686 ], [ -105.416987506968752, 49.02654406333221 ], [ -105.431379842748782, 49.025700372130643 ], [ -105.429943468216621, 49.017241714234991 ] ] ] } },
{ "type": "Feature", "properties": { "child_cell_id": "NHPA1K_V1_R+0001098_C-0000655", "parent_cell_id": "NHPA5K_V1_R+000219_C-000131", "claim_status": "GEOMETRY_QA_ONLY_NOT_A_DEER_PRODUCT" }, "geometry": { "type": "Polygon", "coordinates": [ [ [ -105.488944817432653, 49.022312779797296 ], [ -105.474554230313984, 49.02316160188073 ], [ -105.475997530739775, 49.031619957401574 ], [ -105.490390280692125, 49.030770992687096 ], [ -105.488944817432653, 49.022312779797296 ] ] ] } },
{ "type": "Feature", "properties": { "child_cell_id": "NHPA1K_V1_R+0001098_C-0000654", "parent_cell_id": "NHPA5K_V1_R+000219_C-000131", "claim_status": "GEOMETRY_QA_ONLY_NOT_A_DEER_PRODUCT" }, "geometry": { "type": "Polygon", "coordinates": [ [ [ -105.474554230313984, 49.02316160188073 ], [ -105.460163205064887, 49.024009141340471 ], [ -105.461604342458074, 49.032467639283567 ], [ -105.475997530739775, 49.031619957401574 ], [ -105.474554230313984, 49.02316160188073 ] ] ] } },
{ "type": "Feature", "properties": { "child_cell_id": "NHPA1K_V1_R+0001098_C-0000653", "parent_cell_id": "NHPA5K_V1_R+000219_C-000131", "claim_status": "GEOMETRY_QA_ONLY_NOT_A_DEER_PRODUCT" }, "geometry": { "type": "Polygon", "coordinates": [ [ [ -105.460163205064887, 49.024009141340471 ], [ -105.445771742328688, 49.024855398111903 ], [ -105.447210716490616, 49.033314038268493 ], [ -105.461604342458074, 49.032467639283567 ], [ -105.460163205064887, 49.024009141340471 ] ] ] } },
{ "type": "Feature", "properties": { "child_cell_id": "NHPA1K_V1_R+0001098_C-0000652", "parent_cell_id": "NHPA5K_V1_R+000219_C-000131", "claim_status": "GEOMETRY_QA_ONLY_NOT_A_DEER_PRODUCT" }, "geometry": { "type": "Polygon", "coordinates": [ [ [ -105.445771742328688, 49.024855398111903 ], [ -105.431379842748782, 49.025700372130643 ], [ -105.432816653481112, 49.034159154291757 ], [ -105.447210716490616, 49.033314038268493 ], [ -105.445771742328688, 49.024855398111903 ] ] ] } },
{ "type": "Feature", "properties": { "child_cell_id": "NHPA1K_V1_R+0001098_C-0000651", "parent_cell_id": "NHPA5K_V1_R+000219_C-000131", "claim_status": "GEOMETRY_QA_ONLY_NOT_A_DEER_PRODUCT" }, "geometry": { "type": "Polygon", "coordinates": [ [ [ -105.431379842748782, 49.025700372130643 ], [ -105.416987506968752, 49.02654406333221 ], [ -105.418422154073411, 49.035002987288969 ], [ -105.432816653481112, 49.034159154291757 ], [ -105.431379842748782, 49.025700372130643 ] ] ] } },
{ "type": "Feature", "properties": { "child_cell_id": "NHPA1K_V1_R+0001099_C-0000655", "parent_cell_id": "NHPA5K_V1_R+000219_C-000131", "claim_status": "GEOMETRY_QA_ONLY_NOT_A_DEER_PRODUCT" }, "geometry": { "type": "Polygon", "coordinates": [ [ [ -105.490390280692125, 49.030770992687096 ], [ -105.475997530739775, 49.031619957401574 ], [ -105.477441269494918, 49.040078437234264 ], [ -105.49183618292443, 49.039229329819477 ], [ -105.490390280692125, 49.030770992687096 ] ] ] } },
{ "type": "Feature", "properties": { "child_cell_id": "NHPA1K_V1_R+0001099_C-0000654", "parent_cell_id": "NHPA5K_V1_R+000219_C-000131", "claim_status": "GEOMETRY_QA_ONLY_NOT_A_DEER_PRODUCT" }, "geometry": { "type": "Polygon", "coordinates": [ [ [ -105.475997530739775, 49.031619957401574 ], [ -105.461604342458074, 49.032467639283567 ], [ -105.463045917537016, 49.040926261607609 ], [ -105.477441269494918, 49.040078437234264 ], [ -105.475997530739775, 49.031619957401574 ] ] ] } },
{ "type": "Feature", "properties": { "child_cell_id": "NHPA1K_V1_R+0001099_C-0000653", "parent_cell_id": "NHPA5K_V1_R+000219_C-000131", "claim_status": "GEOMETRY_QA_ONLY_NOT_A_DEER_PRODUCT" }, "geometry": { "type": "Polygon", "coordinates": [ [ [ -105.461604342458074, 49.032467639283567 ], [ -105.447210716490616, 49.033314038268493 ], [ -105.448650127694606, 49.041772802874974 ], [ -105.463045917537016, 49.040926261607609 ], [ -105.461604342458074, 49.032467639283567 ] ] ] } },
{ "type": "Feature", "properties": { "child_cell_id": "NHPA1K_V1_R+0001099_C-0000652", "parent_cell_id": "NHPA5K_V1_R+000219_C-000131", "claim_status": "GEOMETRY_QA_ONLY_NOT_A_DEER_PRODUCT" }, "geometry": { "type": "Polygon", "coordinates": [ [ [ -105.447210716490616, 49.033314038268493 ], [ -105.432816653481112, 49.034159154291757 ], [ -105.434253900611679, 49.042618060971655 ], [ -105.448650127694606, 49.041772802874974 ], [ -105.447210716490616, 49.033314038268493 ] ] ] } },
{ "type": "Feature", "properties": { "child_cell_id": "NHPA1K_V1_R+0001099_C-0000651", "parent_cell_id": "NHPA5K_V1_R+000219_C-000131", "claim_status": "GEOMETRY_QA_ONLY_NOT_A_DEER_PRODUCT" }, "geometry": { "type": "Polygon", "coordinates": [ [ [ -105.432816653481112, 49.034159154291757 ], [ -105.418422154073411, 49.035002987288969 ], [ -105.419857236932359, 49.04346203583323 ], [ -105.434253900611679, 49.042618060971655 ], [ -105.432816653481112, 49.034159154291757 ] ] ] } },
{ "type": "Feature", "properties": { "child_cell_id": "NHPA1K_V1_R+0001125_C+0001990", "parent_cell_id": "NHPA5K_V1_R+000225_C+000398", "claim_status": "GEOMETRY_QA_ONLY_NOT_A_DEER_PRODUCT" }, "geometry": { "type": "Polygon", "coordinates": [ [ [ -67.815006920224718, 47.000650945932918 ], [ -67.801664200446112, 46.998167638056188 ], [ -67.797573594695265, 47.006270303288353 ], [ -67.810918016234893, 47.008753983139492 ], [ -67.815006920224718, 47.000650945932918 ] ] ] } },
{ "type": "Feature", "properties": { "child_cell_id": "NHPA1K_V1_R+0001125_C+0001991", "parent_cell_id": "NHPA5K_V1_R+000225_C+000398", "claim_status": "GEOMETRY_QA_ONLY_NOT_A_DEER_PRODUCT" }, "geometry": { "type": "Polygon", "coordinates": [ [ [ -67.801664200446112, 46.998167638056188 ], [ -67.788322631943927, 46.995683196650482 ], [ -67.784230324903035, 47.003785489788328 ], [ -67.797573594695265, 47.006270303288353 ], [ -67.801664200446112, 46.998167638056188 ] ] ] } },
{ "type": "Feature", "properties": { "child_cell_id": "NHPA1K_V1_R+0001125_C+0001992", "parent_cell_id": "NHPA5K_V1_R+000225_C+000398", "claim_status": "GEOMETRY_QA_ONLY_NOT_A_DEER_PRODUCT" }, "geometry": { "type": "Polygon", "coordinates": [ [ [ -67.788322631943927, 46.995683196650482 ], [ -67.774982215097594, 46.993197621867118 ], [ -67.770888207237732, 47.001299542790846 ], [ -67.784230324903035, 47.003785489788328 ], [ -67.788322631943927, 46.995683196650482 ] ] ] } },
{ "type": "Feature", "properties": { "child_cell_id": "NHPA1K_V1_R+0001125_C+0001993", "parent_cell_id": "NHPA5K_V1_R+000225_C+000398", "claim_status": "GEOMETRY_QA_ONLY_NOT_A_DEER_PRODUCT" }, "geometry": { "type": "Polygon", "coordinates": [ [ [ -67.774982215097594, 46.993197621867118 ], [ -67.761642950286273, 46.990710913857463 ], [ -67.757547242078658, 46.998812462447212 ], [ -67.770888207237732, 47.001299542790846 ], [ -67.774982215097594, 46.993197621867118 ] ] ] } },
{ "type": "Feature", "properties": { "child_cell_id": "NHPA1K_V1_R+0001125_C+0001994", "parent_cell_id": "NHPA5K_V1_R+000225_C+000398", "claim_status": "GEOMETRY_QA_ONLY_NOT_A_DEER_PRODUCT" }, "geometry": { "type": "Polygon", "coordinates": [ [ [ -67.761642950286273, 46.990710913857463 ], [ -67.748304837888909, 46.988223072772755 ], [ -67.744207429804845, 46.996324248908998 ], [ -67.757547242078658, 46.998812462447212 ], [ -67.761642950286273, 46.990710913857463 ] ] ] } },
{ "type": "Feature", "properties": { "child_cell_id": "NHPA1K_V1_R+0001126_C+0001990", "parent_cell_id": "NHPA5K_V1_R+000225_C+000398", "claim_status": "GEOMETRY_QA_ONLY_NOT_A_DEER_PRODUCT" }, "geometry": { "type": "Polygon", "coordinates": [ [ [ -67.810918016234893, 47.008753983139492 ], [ -67.797573594695265, 47.006270303288353 ], [ -67.793481837196964, 47.014372934476754 ], [ -67.806827960877413, 47.01685698646336 ], [ -67.810918016234893, 47.008753983139492 ] ] ] } },
{ "type": "Feature", "properties": { "child_cell_id": "NHPA1K_V1_R+0001126_C+0001991", "parent_cell_id": "NHPA5K_V1_R+000225_C+000398", "claim_status": "GEOMETRY_QA_ONLY_NOT_A_DEER_PRODUCT" }, "geometry": { "type": "Polygon", "coordinates": [ [ [ -67.797573594695265, 47.006270303288353 ], [ -67.784230324903035, 47.003785489788328 ], [ -67.780136865735159, 47.011887748721279 ], [ -67.793481837196964, 47.014372934476754 ], [ -67.797573594695265, 47.006270303288353 ] ] ] } },
{ "type": "Feature", "properties": { "child_cell_id": "NHPA1K_V1_R+0001126_C+0001992", "parent_cell_id": "NHPA5K_V1_R+000225_C+000398", "claim_status": "GEOMETRY_QA_ONLY_NOT_A_DEER_PRODUCT" }, "geometry": { "type": "Polygon", "coordinates": [ [ [ -67.784230324903035, 47.003785489788328 ], [ -67.770888207237732, 47.001299542790846 ], [ -67.766793046871641, 47.0094014293485 ], [ -67.780136865735159, 47.011887748721279 ], [ -67.784230324903035, 47.003785489788328 ] ] ] } },
{ "type": "Feature", "properties": { "child_cell_id": "NHPA1K_V1_R+0001126_C+0001993", "parent_cell_id": "NHPA5K_V1_R+000225_C+000398", "claim_status": "GEOMETRY_QA_ONLY_NOT_A_DEER_PRODUCT" }, "geometry": { "type": "Polygon", "coordinates": [ [ [ -67.770888207237732, 47.001299542790846 ], [ -67.757547242078658, 46.998812462447212 ], [ -67.753450380985768, 47.006913976509743 ], [ -67.766793046871641, 47.0094014293485 ], [ -67.770888207237732, 47.001299542790846 ] ] ] } },
{ "type": "Feature", "properties": { "child_cell_id": "NHPA1K_V1_R+0001126_C+0001994", "parent_cell_id": "NHPA5K_V1_R+000225_C+000398", "claim_status": "GEOMETRY_QA_ONLY_NOT_A_DEER_PRODUCT" }, "geometry": { "type": "Polygon", "coordinates": [ [ [ -67.757547242078658, 46.998812462447212 ], [ -67.744207429804845, 46.996324248908998 ], [ -67.740108868456701, 47.004425390356687 ], [ -67.753450380985768, 47.006913976509743 ], [ -67.757547242078658, 46.998812462447212 ] ] ] } },
{ "type": "Feature", "properties": { "child_cell_id": "NHPA1K_V1_R+0001127_C+0001990", "parent_cell_id": "NHPA5K_V1_R+000225_C+000398", "claim_status": "GEOMETRY_QA_ONLY_NOT_A_DEER_PRODUCT" }, "geometry": { "type": "Polygon", "coordinates": [ [ [ -67.806827960877413, 47.01685698646336 ], [ -67.793481837196964, 47.014372934476754 ], [ -67.789388927479976, 47.022475531773082 ], [ -67.802736753681117, 47.024959956056357 ], [ -67.806827960877413, 47.01685698646336 ] ] ] } },
{ "type": "Feature", "properties": { "child_cell_id": "NHPA1K_V1_R+0001127_C+0001991", "parent_cell_id": "NHPA5K_V1_R+000225_C+000398", "claim_status": "GEOMETRY_QA_ONLY_NOT_A_DEER_PRODUCT" }, "geometry": { "type": "Polygon", "coordinates": [ [ [ -67.793481837196964, 47.014372934476754 ], [ -67.780136865735159, 47.011887748721279 ], [ -67.776042253968981, 47.019989973600971 ], [ -67.789388927479976, 47.022475531773082 ], [ -67.793481837196964, 47.014372934476754 ] ] ] } },
{ "type": "Feature", "properties": { "child_cell_id": "NHPA1K_V1_R+0001127_C+0001992", "parent_cell_id": "NHPA5K_V1_R+000225_C+000398", "claim_status": "GEOMETRY_QA_ONLY_NOT_A_DEER_PRODUCT" }, "geometry": { "type": "Polygon", "coordinates": [ [ [ -67.780136865735159, 47.011887748721279 ], [ -67.766793046871641, 47.0094014293485 ], [ -67.762696733527832, 47.017503281691567 ], [ -67.776042253968981, 47.019989973600971 ], [ -67.780136865735159, 47.011887748721279 ] ] ] } },
{ "type": "Feature", "properties": { "child_cell_id": "NHPA1K_V1_R+0001127_C+0001993", "parent_cell_id": "NHPA5K_V1_R+000225_C+000398", "claim_status": "GEOMETRY_QA_ONLY_NOT_A_DEER_PRODUCT" }, "geometry": { "type": "Polygon", "coordinates": [ [ [ -67.766793046871641, 47.0094014293485 ], [ -67.753450380985768, 47.006913976509743 ], [ -67.749352366536044, 47.015015456196494 ], [ -67.762696733527832, 47.017503281691567 ], [ -67.766793046871641, 47.0094014293485 ] ] ] } },
{ "type": "Feature", "properties": { "child_cell_id": "NHPA1K_V1_R+0001127_C+0001994", "parent_cell_id": "NHPA5K_V1_R+000225_C+000398", "claim_status": "GEOMETRY_QA_ONLY_NOT_A_DEER_PRODUCT" }, "geometry": { "type": "Polygon", "coordinates": [ [ [ -67.753450380985768, 47.006913976509743 ], [ -67.740108868456701, 47.004425390356687 ], [ -67.736009153372834, 47.012526497267331 ], [ -67.749352366536044, 47.015015456196494 ], [ -67.753450380985768, 47.006913976509743 ] ] ] } },
{ "type": "Feature", "properties": { "child_cell_id": "NHPA1K_V1_R+0001128_C+0001990", "parent_cell_id": "NHPA5K_V1_R+000225_C+000398", "claim_status": "GEOMETRY_QA_ONLY_NOT_A_DEER_PRODUCT" }, "geometry": { "type": "Polygon", "coordinates": [ [ [ -67.802736753681117, 47.024959956056357 ], [ -67.789388927479976, 47.022475531773082 ], [ -67.785294865072814, 47.03057809532902 ], [ -67.798644394174644, 47.033062892070291 ], [ -67.802736753681117, 47.024959956056357 ] ] ] } },
{ "type": "Feature", "properties": { "child_cell_id": "NHPA1K_V1_R+0001128_C+0001991", "parent_cell_id": "NHPA5K_V1_R+000225_C+000398", "claim_status": "GEOMETRY_QA_ONLY_NOT_A_DEER_PRODUCT" }, "geometry": { "type": "Polygon", "coordinates": [ [ [ -67.789388927479976, 47.022475531773082 ], [ -67.776042253968981, 47.019989973600971 ], [ -67.771946489132873, 47.028092164578936 ], [ -67.785294865072814, 47.03057809532902 ], [ -67.789388927479976, 47.022475531773082 ] ] ] } },
{ "type": "Feature", "properties": { "child_cell_id": "NHPA1K_V1_R+0001128_C+0001992", "parent_cell_id": "NHPA5K_V1_R+000225_C+000398", "claim_status": "GEOMETRY_QA_ONLY_NOT_A_DEER_PRODUCT" }, "geometry": { "type": "Polygon", "coordinates": [ [ [ -67.776042253968981, 47.019989973600971 ], [ -67.762696733527832, 47.017503281691567 ], [ -67.758599266734635, 47.025605099971642 ], [ -67.771946489132873, 47.028092164578936 ], [ -67.776042253968981, 47.019989973600971 ] ] ] } },
{ "type": "Feature", "properties": { "child_cell_id": "NHPA1K_V1_R+0001128_C+0001993", "parent_cell_id": "NHPA5K_V1_R+000225_C+000398", "claim_status": "GEOMETRY_QA_ONLY_NOT_A_DEER_PRODUCT" }, "geometry": { "type": "Polygon", "coordinates": [ [ [ -67.762696733527832, 47.017503281691567 ], [ -67.749352366536044, 47.015015456196494 ], [ -67.7452531982577, 47.023116901658838 ], [ -67.758599266734635, 47.025605099971642 ], [ -67.762696733527832, 47.017503281691567 ] ] ] } },
{ "type": "Feature", "properties": { "child_cell_id": "NHPA1K_V1_R+0001128_C+0001994", "parent_cell_id": "NHPA5K_V1_R+000225_C+000398", "claim_status": "GEOMETRY_QA_ONLY_NOT_A_DEER_PRODUCT" }, "geometry": { "type": "Polygon", "coordinates": [ [ [ -67.749352366536044, 47.015015456196494 ], [ -67.736009153372834, 47.012526497267331 ], [ -67.731908284081371, 47.020627569792126 ], [ -67.7452531982577, 47.023116901658838 ], [ -67.749352366536044, 47.015015456196494 ] ] ] } },
{ "type": "Feature", "properties": { "child_cell_id": "NHPA1K_V1_R+0001129_C+0001990", "parent_cell_id": "NHPA5K_V1_R+000225_C+000398", "claim_status": "GEOMETRY_QA_ONLY_NOT_A_DEER_PRODUCT" }, "geometry": { "type": "Polygon", "coordinates": [ [ [ -67.798644394174644, 47.033062892070291 ], [ -67.785294865072814, 47.03057809532902 ], [ -67.781199649503733, 47.0386806252965 ], [ -67.794550881886295, 47.041165794657033 ], [ -67.798644394174644, 47.033062892070291 ] ] ] } },
{ "type": "Feature", "properties": { "child_cell_id": "NHPA1K_V1_R+0001129_C+0001991", "parent_cell_id": "NHPA5K_V1_R+000225_C+000398", "claim_status": "GEOMETRY_QA_ONLY_NOT_A_DEER_PRODUCT" }, "geometry": { "type": "Polygon", "coordinates": [ [ [ -67.785294865072814, 47.03057809532902 ], [ -67.771946489132873, 47.028092164578936 ], [ -67.767849570755018, 47.036194321807024 ], [ -67.781199649503733, 47.0386806252965 ], [ -67.785294865072814, 47.03057809532902 ] ] ] } },
{ "type": "Feature", "properties": { "child_cell_id": "NHPA1K_V1_R+0001129_C+0001992", "parent_cell_id": "NHPA5K_V1_R+000225_C+000398", "claim_status": "GEOMETRY_QA_ONLY_NOT_A_DEER_PRODUCT" }, "geometry": { "type": "Polygon", "coordinates": [ [ [ -67.771946489132873, 47.028092164578936 ], [ -67.758599266734635, 47.025605099971642 ], [ -67.754500646020105, 47.033706884340411 ], [ -67.767849570755018, 47.036194321807024 ], [ -67.771946489132873, 47.028092164578936 ] ] ] } },
{ "type": "Feature", "properties": { "child_cell_id": "NHPA1K_V1_R+0001129_C+0001993", "parent_cell_id": "NHPA5K_V1_R+000225_C+000398", "claim_status": "GEOMETRY_QA_ONLY_NOT_A_DEER_PRODUCT" }, "geometry": { "type": "Polygon", "coordinates": [ [ [ -67.758599266734635, 47.025605099971642 ], [ -67.7452531982577, 47.023116901658838 ], [ -67.741152875678679, 47.031218313048349 ], [ -67.754500646020105, 47.033706884340411 ], [ -67.758599266734635, 47.025605099971642 ] ] ] } },
{ "type": "Feature", "properties": { "child_cell_id": "NHPA1K_V1_R+0001129_C+0001994", "parent_cell_id": "NHPA5K_V1_R+000225_C+000398", "claim_status": "GEOMETRY_QA_ONLY_NOT_A_DEER_PRODUCT" }, "geometry": { "type": "Polygon", "coordinates": [ [ [ -67.7452531982577, 47.023116901658838 ], [ -67.731908284081371, 47.020627569792126 ], [ -67.727806260110157, 47.028728608082645 ], [ -67.741152875678679, 47.031218313048349 ], [ -67.7452531982577, 47.023116901658838 ] ] ] } },
{ "type": "Feature", "properties": { "child_cell_id": "NHPA1K_V1_R+0001155_C-0001115", "parent_cell_id": "NHPA5K_V1_R+000231_C-000223", "claim_status": "GEOMETRY_QA_ONLY_NOT_A_DEER_PRODUCT" }, "geometry": { "type": "Polygon", "coordinates": [ [ [ -112.190713032872466, 48.974379208302487 ], [ -112.176472577756883, 48.975823239395758 ], [ -112.17892686745364, 48.984199783800896 ], [ -112.193169398456675, 48.982755512818628 ], [ -112.190713032872466, 48.974379208302487 ] ] ] } },
{ "type": "Feature", "properties": { "child_cell_id": "NHPA1K_V1_R+0001155_C-0001114", "parent_cell_id": "NHPA5K_V1_R+000231_C-000223", "claim_status": "GEOMETRY_QA_ONLY_NOT_A_DEER_PRODUCT" }, "geometry": { "type": "Polygon", "coordinates": [ [ [ -112.176472577756883, 48.975823239395758 ], [ -112.162231385377055, 48.977266016104856 ], [ -112.164683598857295, 48.98564280020998 ], [ -112.17892686745364, 48.984199783800896 ], [ -112.176472577756883, 48.975823239395758 ] ] ] } },
{ "type": "Feature", "properties": { "child_cell_id": "NHPA1K_V1_R+0001155_C-0001113", "parent_cell_id": "NHPA5K_V1_R+000231_C-000223", "claim_status": "GEOMETRY_QA_ONLY_NOT_A_DEER_PRODUCT" }, "geometry": { "type": "Polygon", "coordinates": [ [ [ -112.162231385377055, 48.977266016104856 ], [ -112.147989456318555, 48.97870753832305 ], [ -112.150439593253466, 48.987084561938893 ], [ -112.164683598857295, 48.98564280020998 ], [ -112.162231385377055, 48.977266016104856 ] ] ] } },
{ "type": "Feature", "properties": { "child_cell_id": "NHPA1K_V1_R+0001155_C-0001112", "parent_cell_id": "NHPA5K_V1_R+000231_C-000223", "claim_status": "GEOMETRY_QA_ONLY_NOT_A_DEER_PRODUCT" }, "geometry": { "type": "Polygon", "coordinates": [ [ [ -112.147989456318555, 48.97870753832305 ], [ -112.133746791167169, 48.98014780594383 ], [ -112.13619485122814, 48.988525068881025 ], [ -112.150439593253466, 48.987084561938893 ], [ -112.147989456318555, 48.97870753832305 ] ] ] } },
{ "type": "Feature", "properties": { "child_cell_id": "NHPA1K_V1_R+0001155_C-0001111", "parent_cell_id": "NHPA5K_V1_R+000231_C-000223", "claim_status": "GEOMETRY_QA_ONLY_NOT_A_DEER_PRODUCT" }, "geometry": { "type": "Polygon", "coordinates": [ [ [ -112.133746791167169, 48.98014780594383 ], [ -112.119503390508854, 48.981586818860492 ], [ -112.121949373367542, 48.98996432092973 ], [ -112.13619485122814, 48.988525068881025 ], [ -112.133746791167169, 48.98014780594383 ] ] ] } },
{ "type": "Feature", "properties": { "child_cell_id": "NHPA1K_V1_R+0001156_C-0001115", "parent_cell_id": "NHPA5K_V1_R+000231_C-000223", "claim_status": "GEOMETRY_QA_ONLY_NOT_A_DEER_PRODUCT" }, "geometry": { "type": "Polygon", "coordinates": [ [ [ -112.193169398456675, 48.982755512818628 ], [ -112.17892686745364, 48.984199783800896 ], [ -112.181381894743737, 48.992576424010501 ], [ -112.195626502219838, 48.991131913024716 ], [ -112.193169398456675, 48.982755512818628 ] ] ] } },
{ "type": "Feature", "properties": { "child_cell_id": "NHPA1K_V1_R+0001156_C-0001114", "parent_cell_id": "NHPA5K_V1_R+000231_C-000223", "claim_status": "GEOMETRY_QA_ONLY_NOT_A_DEER_PRODUCT" }, "geometry": { "type": "Polygon", "coordinates": [ [ [ -112.17892686745364, 48.984199783800896 ], [ -112.164683598857295, 48.98564280020998 ], [ -112.167136549345074, 48.994019680233777 ], [ -112.181381894743737, 48.992576424010501 ], [ -112.17892686745364, 48.984199783800896 ] ] ] } },
{ "type": "Feature", "properties": { "child_cell_id": "NHPA1K_V1_R+0001156_C-0001113", "parent_cell_id": "NHPA5K_V1_R+000231_C-000223", "claim_status": "GEOMETRY_QA_ONLY_NOT_A_DEER_PRODUCT" }, "geometry": { "type": "Polygon", "coordinates": [ [ [ -112.164683598857295, 48.98564280020998 ], [ -112.150439593253466, 48.987084561938893 ], [ -112.15289046660989, 48.995461681587649 ], [ -112.167136549345074, 48.994019680233777 ], [ -112.164683598857295, 48.98564280020998 ] ] ] } },
{ "type": "Feature", "properties": { "child_cell_id": "NHPA1K_V1_R+0001156_C-0001112", "parent_cell_id": "NHPA5K_V1_R+000231_C-000223", "claim_status": "GEOMETRY_QA_ONLY_NOT_A_DEER_PRODUCT" }, "geometry": { "type": "Polygon", "coordinates": [ [ [ -112.150439593253466, 48.987084561938893 ], [ -112.13619485122814, 48.988525068881025 ], [ -112.138643647124439, 48.996902427965303 ], [ -112.15289046660989, 48.995461681587649 ], [ -112.150439593253466, 48.987084561938893 ] ] ] } },
{ "type": "Feature", "properties": { "child_cell_id": "NHPA1K_V1_R+0001156_C-0001111", "parent_cell_id": "NHPA5K_V1_R+000231_C-000223", "claim_status": "GEOMETRY_QA_ONLY_NOT_A_DEER_PRODUCT" }, "geometry": { "type": "Polygon", "coordinates": [ [ [ -112.13619485122814, 48.988525068881025 ], [ -112.121949373367542, 48.98996432092973 ], [ -112.124396091475163, 48.998341919260092 ], [ -112.138643647124439, 48.996902427965303 ], [ -112.13619485122814, 48.988525068881025 ] ] ] } },
{ "type": "Feature", "properties": { "child_cell_id": "NHPA1K_V1_R+0001157_C-0001115", "parent_cell_id": "NHPA5K_V1_R+000231_C-000223", "claim_status": "GEOMETRY_QA_ONLY_NOT_A_DEER_PRODUCT" }, "geometry": { "type": "Polygon", "coordinates": [ [ [ -112.195626502219838, 48.991131913024716 ], [ -112.181381894743737, 48.992576424010501 ], [ -112.183837659956453, 49.000953160257431 ], [ -112.198084344491463, 48.99950840915367 ], [ -112.195626502219838, 48.991131913024716 ] ] ] } },
{ "type": "Feature", "properties": { "child_cell_id": "NHPA1K_V1_R+0001157_C-0001114", "parent_cell_id": "NHPA5K_V1_R+000231_C-000223", "claim_status": "GEOMETRY_QA_ONLY_NOT_A_DEER_PRODUCT" }, "geometry": { "type": "Polygon", "coordinates": [ [ [ -112.181381894743737, 48.992576424010501 ], [ -112.167136549345074, 48.994019680233777 ], [ -112.169590237169402, 49.002396656409317 ], [ -112.183837659956453, 49.000953160257431 ], [ -112.181381894743737, 48.992576424010501 ] ] ] } },
{ "type": "Feature", "properties": { "child_cell_id": "NHPA1K_V1_R+0001157_C-0001113", "parent_cell_id": "NHPA5K_V1_R+000231_C-000223", "claim_status": "GEOMETRY_QA_ONLY_NOT_A_DEER_PRODUCT" }, "geometry": { "type": "Polygon", "coordinates": [ [ [ -112.167136549345074, 48.994019680233777 ], [ -112.15289046660989, 48.995461681587649 ], [ -112.155342076716622, 49.003838897502376 ], [ -112.169590237169402, 49.002396656409317 ], [ -112.167136549345074, 48.994019680233777 ] ] ] } },
{ "type": "Feature", "properties": { "child_cell_id": "NHPA1K_V1_R+0001157_C-0001112", "parent_cell_id": "NHPA5K_V1_R+000231_C-000223", "claim_status": "GEOMETRY_QA_ONLY_NOT_A_DEER_PRODUCT" }, "geometry": { "type": "Polygon", "coordinates": [ [ [ -112.15289046660989, 48.995461681587649 ], [ -112.138643647124439, 48.996902427965303 ], [ -112.141093179184594, 49.00527988342985 ], [ -112.155342076716622, 49.003838897502376 ], [ -112.15289046660989, 48.995461681587649 ] ] ] } },
{ "type": "Feature", "properties": { "child_cell_id": "NHPA1K_V1_R+0001157_C-0001111", "parent_cell_id": "NHPA5K_V1_R+000231_C-000223", "claim_status": "GEOMETRY_QA_ONLY_NOT_A_DEER_PRODUCT" }, "geometry": { "type": "Polygon", "coordinates": [ [ [ -112.138643647124439, 48.996902427965303 ], [ -112.124396091475163, 48.998341919260092 ], [ -112.12684354516, 49.006719614084943 ], [ -112.141093179184594, 49.00527988342985 ], [ -112.138643647124439, 48.996902427965303 ] ] ] } },
{ "type": "Feature", "properties": { "child_cell_id": "NHPA1K_V1_R+0001158_C-0001115", "parent_cell_id": "NHPA5K_V1_R+000231_C-000223", "claim_status": "GEOMETRY_QA_ONLY_NOT_A_DEER_PRODUCT" }, "geometry": { "type": "Polygon", "coordinates": [ [ [ -112.198084344491463, 48.99950840915367 ], [ -112.183837659956453, 49.000953160257431 ], [ -112.186294163421195, 49.009329992774859 ], [ -112.200542925601241, 49.007885001438609 ], [ -112.198084344491463, 48.99950840915367 ] ] ] } },
{ "type": "Feature", "properties": { "child_cell_id": "NHPA1K_V1_R+0001158_C-0001114", "parent_cell_id": "NHPA5K_V1_R+000231_C-000223", "claim_status": "GEOMETRY_QA_ONLY_NOT_A_DEER_PRODUCT" }, "geometry": { "type": "Polygon", "coordinates": [ [ [ -112.183837659956453, 49.000953160257431 ], [ -112.169590237169402, 49.002396656409317 ], [ -112.172044662659488, 49.010773728969767 ], [ -112.186294163421195, 49.009329992774859 ], [ -112.183837659956453, 49.000953160257431 ] ] ] } },
{ "type": "Feature", "properties": { "child_cell_id": "NHPA1K_V1_R+0001158_C-0001113", "parent_cell_id": "NHPA5K_V1_R+000231_C-000223", "claim_status": "GEOMETRY_QA_ONLY_NOT_A_DEER_PRODUCT" }, "geometry": { "type": "Polygon", "coordinates": [ [ [ -112.169590237169402, 49.002396656409317 ], [ -112.155342076716622, 49.003838897502376 ], [ -112.157794423902629, 49.012216209916524 ], [ -112.172044662659488, 49.010773728969767 ], [ -112.169590237169402, 49.002396656409317 ] ] ] } },
{ "type": "Feature", "properties": { "child_cell_id": "NHPA1K_V1_R+0001158_C-0001112", "parent_cell_id": "NHPA5K_V1_R+000231_C-000223", "claim_status": "GEOMETRY_QA_ONLY_NOT_A_DEER_PRODUCT" }, "geometry": { "type": "Polygon", "coordinates": [ [ [ -112.155342076716622, 49.003838897502376 ], [ -112.141093179184594, 49.00527988342985 ], [ -112.143543447737358, 49.013657435508037 ], [ -112.157794423902629, 49.012216209916524 ], [ -112.155342076716622, 49.003838897502376 ] ] ] } },
{ "type": "Feature", "properties": { "child_cell_id": "NHPA1K_V1_R+0001158_C-0001111", "parent_cell_id": "NHPA5K_V1_R+000231_C-000223", "claim_status": "GEOMETRY_QA_ONLY_NOT_A_DEER_PRODUCT" }, "geometry": { "type": "Polygon", "coordinates": [ [ [ -112.141093179184594, 49.00527988342985 ], [ -112.12684354516, 49.006719614084943 ], [ -112.129291734750566, 49.015097405637512 ], [ -112.143543447737358, 49.013657435508037 ], [ -112.141093179184594, 49.00527988342985 ] ] ] } },
{ "type": "Feature", "properties": { "child_cell_id": "NHPA1K_V1_R+0001159_C-0001115", "parent_cell_id": "NHPA5K_V1_R+000231_C-000223", "claim_status": "GEOMETRY_QA_ONLY_NOT_A_DEER_PRODUCT" }, "geometry": { "type": "Polygon", "coordinates": [ [ [ -112.200542925601241, 49.007885001438609 ], [ -112.186294163421195, 49.009329992774859 ], [ -112.188751405467656, 49.017706921795977 ], [ -112.203002245879077, 49.016261690112643 ], [ -112.200542925601241, 49.007885001438609 ] ] ] } },
{ "type": "Feature", "properties": { "child_cell_id": "NHPA1K_V1_R+0001159_C-0001114", "parent_cell_id": "NHPA5K_V1_R+000231_C-000223", "claim_status": "GEOMETRY_QA_ONLY_NOT_A_DEER_PRODUCT" }, "geometry": { "type": "Polygon", "coordinates": [ [ [ -112.186294163421195, 49.009329992774859 ], [ -112.172044662659488, 49.010773728969767 ], [ -112.174499826144753, 49.01915089814856 ], [ -112.188751405467656, 49.017706921795977 ], [ -112.186294163421195, 49.009329992774859 ] ] ] } },
{ "type": "Feature", "properties": { "child_cell_id": "NHPA1K_V1_R+0001159_C-0001113", "parent_cell_id": "NHPA5K_V1_R+000231_C-000223", "claim_status": "GEOMETRY_QA_ONLY_NOT_A_DEER_PRODUCT" }, "geometry": { "type": "Polygon", "coordinates": [ [ [ -112.172044662659488, 49.010773728969767 ], [ -112.157794423902629, 49.012216209916524 ], [ -112.160247508497093, 49.020593619063327 ], [ -112.174499826144753, 49.01915089814856 ], [ -112.172044662659488, 49.010773728969767 ] ] ] } },
{ "type": "Feature", "properties": { "child_cell_id": "NHPA1K_V1_R+0001159_C-0001112", "parent_cell_id": "NHPA5K_V1_R+000231_C-000223", "claim_status": "GEOMETRY_QA_ONLY_NOT_A_DEER_PRODUCT" }, "geometry": { "type": "Polygon", "coordinates": [ [ [ -112.157794423902629, 49.012216209916524 ], [ -112.143543447737358, 49.013657435508037 ], [ -112.145994453111641, 49.02203508443327 ], [ -112.160247508497093, 49.020593619063327 ], [ -112.157794423902629, 49.012216209916524 ] ] ] } },
{ "type": "Feature", "properties": { "child_cell_id": "NHPA1K_V1_R+0001159_C-0001111", "parent_cell_id": "NHPA5K_V1_R+000231_C-000223", "claim_status": "GEOMETRY_QA_ONLY_NOT_A_DEER_PRODUCT" }, "geometry": { "type": "Polygon", "coordinates": [ [ [ -112.143543447737358, 49.013657435508037 ], [ -112.129291734750566, 49.015097405637512 ], [ -112.131740660575559, 49.023475294151602 ], [ -112.145994453111641, 49.02203508443327 ], [ -112.143543447737358, 49.013657435508037 ] ] ] } },
{ "type": "Feature", "properties": { "child_cell_id": "NHPA1K_V1_R+0001230_C-0001480", "parent_cell_id": "NHPA5K_V1_R+000246_C-000296", "claim_status": "GEOMETRY_QA_ONLY_NOT_A_DEER_PRODUCT" }, "geometry": { "type": "Polygon", "coordinates": [ [ [ -117.576499965292271, 48.985348365722921 ], [ -117.562419057255568, 48.987265744673074 ], [ -117.565678822562433, 48.995546975417057 ], [ -117.579761710238785, 48.99362928144366 ], [ -117.576499965292271, 48.985348365722921 ] ] ] } },
{ "type": "Feature", "properties": { "child_cell_id": "NHPA1K_V1_R+0001230_C-0001479", "parent_cell_id": "NHPA5K_V1_R+000246_C-000296", "claim_status": "GEOMETRY_QA_ONLY_NOT_A_DEER_PRODUCT" }, "geometry": { "type": "Polygon", "coordinates": [ [ [ -117.562419057255568, 48.987265744673074 ], [ -117.548337180952402, 48.989181900513394 ], [ -117.55159496619568, 48.997463446113059 ], [ -117.565678822562433, 48.995546975417057 ], [ -117.562419057255568, 48.987265744673074 ] ] ] } },
{ "type": "Feature", "properties": { "child_cell_id": "NHPA1K_V1_R+0001230_C-0001478", "parent_cell_id": "NHPA5K_V1_R+000246_C-000296", "claim_status": "GEOMETRY_QA_ONLY_NOT_A_DEER_PRODUCT" }, "geometry": { "type": "Polygon", "coordinates": [ [ [ -117.548337180952402, 48.989181900513394 ], [ -117.534254336904397, 48.991096833106539 ], [ -117.53751014166042, 48.999378693394526 ], [ -117.55159496619568, 48.997463446113059 ], [ -117.548337180952402, 48.989181900513394 ] ] ] } },
{ "type": "Feature", "properties": { "child_cell_id": "NHPA1K_V1_R+0001230_C-0001477", "parent_cell_id": "NHPA5K_V1_R+000246_C-000296", "claim_status": "GEOMETRY_QA_ONLY_NOT_A_DEER_PRODUCT" }, "geometry": { "type": "Polygon", "coordinates": [ [ [ -117.534254336904397, 48.991096833106539 ], [ -117.520170525633461, 48.993010542315353 ], [ -117.523424349478702, 49.001292717123903 ], [ -117.53751014166042, 48.999378693394526 ], [ -117.534254336904397, 48.991096833106539 ] ] ] } },
{ "type": "Feature", "properties": { "child_cell_id": "NHPA1K_V1_R+0001230_C-0001476", "parent_cell_id": "NHPA5K_V1_R+000246_C-000296", "claim_status": "GEOMETRY_QA_ONLY_NOT_A_DEER_PRODUCT" }, "geometry": { "type": "Polygon", "coordinates": [ [ [ -117.520170525633461, 48.993010542315353 ], [ -117.506085747661672, 48.994923028002525 ], [ -117.509337590172805, 49.003205517164211 ], [ -117.523424349478702, 49.001292717123903 ], [ -117.520170525633461, 48.993010542315353 ] ] ] } },
{ "type": "Feature", "properties": { "child_cell_id": "NHPA1K_V1_R+0001231_C-0001480", "parent_cell_id": "NHPA5K_V1_R+000246_C-000296", "claim_status": "GEOMETRY_QA_ONLY_NOT_A_DEER_PRODUCT" }, "geometry": { "type": "Polygon", "coordinates": [ [ [ -117.579761710238785, 48.99362928144366 ], [ -117.565678822562433, 48.995546975417057 ], [ -117.568939556559656, 49.003828270728619 ], [ -117.58302442439728, 49.001910261584584 ], [ -117.579761710238785, 48.99362928144366 ] ] ] } },
{ "type": "Feature", "properties": { "child_cell_id": "NHPA1K_V1_R+0001231_C-0001479", "parent_cell_id": "NHPA5K_V1_R+000246_C-000296", "claim_status": "GEOMETRY_QA_ONLY_NOT_A_DEER_PRODUCT" }, "geometry": { "type": "Polygon", "coordinates": [ [ [ -117.565678822562433, 48.995546975417057 ], [ -117.55159496619568, 48.997463446113059 ], [ -117.554853719607564, 49.005745056427784 ], [ -117.568939556559656, 49.003828270728619 ], [ -117.565678822562433, 48.995546975417057 ] ] ] } },
{ "type": "Feature", "properties": { "child_cell_id": "NHPA1K_V1_R+0001231_C-0001478", "parent_cell_id": "NHPA5K_V1_R+000246_C-000296", "claim_status": "GEOMETRY_QA_ONLY_NOT_A_DEER_PRODUCT" }, "geometry": { "type": "Polygon", "coordinates": [ [ [ -117.55159496619568, 48.997463446113059 ], [ -117.53751014166042, 48.999378693394526 ], [ -117.540766914062957, 49.007660618544747 ], [ -117.554853719607564, 49.005745056427784 ], [ -117.55159496619568, 48.997463446113059 ] ] ] } },
{ "type": "Feature", "properties": { "child_cell_id": "NHPA1K_V1_R+0001231_C-0001477", "parent_cell_id": "NHPA5K_V1_R+000246_C-000296", "claim_status": "GEOMETRY_QA_ONLY_NOT_A_DEER_PRODUCT" }, "geometry": { "type": "Polygon", "coordinates": [ [ [ -117.53751014166042, 48.999378693394526 ], [ -117.523424349478702, 49.001292717123903 ], [ -117.526679140448138, 49.009574956942103 ], [ -117.540766914062957, 49.007660618544747 ], [ -117.53751014166042, 48.999378693394526 ] ] ] } },
{ "type": "Feature", "properties": { "child_cell_id": "NHPA1K_V1_R+0001231_C-0001476", "parent_cell_id": "NHPA5K_V1_R+000246_C-000296", "claim_status": "GEOMETRY_QA_ONLY_NOT_A_DEER_PRODUCT" }, "geometry": { "type": "Polygon", "coordinates": [ [ [ -117.523424349478702, 49.001292717123903 ], [ -117.509337590172805, 49.003205517164211 ], [ -117.5125903992856, 49.011488071482525 ], [ -117.526679140448138, 49.009574956942103 ], [ -117.523424349478702, 49.001292717123903 ] ] ] } },
{ "type": "Feature", "properties": { "child_cell_id": "NHPA1K_V1_R+0001232_C-0001480", "parent_cell_id": "NHPA5K_V1_R+000246_C-000296", "claim_status": "GEOMETRY_QA_ONLY_NOT_A_DEER_PRODUCT" }, "geometry": { "type": "Polygon", "coordinates": [ [ [ -117.58302442439728, 49.001910261584584 ], [ -117.568939556559656, 49.003828270728619 ], [ -117.572201259671473, 49.012109630818571 ], [ -117.586288108192079, 49.010191306356454 ], [ -117.58302442439728, 49.001910261584584 ] ] ] } },
{ "type": "Feature", "properties": { "child_cell_id": "NHPA1K_V1_R+0001232_C-0001479", "parent_cell_id": "NHPA5K_V1_R+000246_C-000296", "claim_status": "GEOMETRY_QA_ONLY_NOT_A_DEER_PRODUCT" }, "geometry": { "type": "Polygon", "coordinates": [ [ [ -117.568939556559656, 49.003828270728619 ], [ -117.554853719607564, 49.005745056427784 ], [ -117.558113441611937, 49.014026731668423 ], [ -117.572201259671473, 49.012109630818571 ], [ -117.568939556559656, 49.003828270728619 ] ] ] } },
{ "type": "Feature", "properties": { "child_cell_id": "NHPA1K_V1_R+0001232_C-0001478", "parent_cell_id": "NHPA5K_V1_R+000246_C-000296", "claim_status": "GEOMETRY_QA_ONLY_NOT_A_DEER_PRODUCT" }, "geometry": { "type": "Polygon", "coordinates": [ [ [ -117.554853719607564, 49.005745056427784 ], [ -117.540766914062957, 49.007660618544747 ], [ -117.544024654535761, 49.015942608768327 ], [ -117.558113441611937, 49.014026731668423 ], [ -117.554853719607564, 49.005745056427784 ] ] ] } },
{ "type": "Feature", "properties": { "child_cell_id": "NHPA1K_V1_R+0001232_C-0001477", "parent_cell_id": "NHPA5K_V1_R+000246_C-000296", "claim_status": "GEOMETRY_QA_ONLY_NOT_A_DEER_PRODUCT" }, "geometry": { "type": "Polygon", "coordinates": [ [ [ -117.540766914062957, 49.007660618544747 ], [ -117.526679140448138, 49.009574956942103 ], [ -117.529934898965351, 49.017857261980929 ], [ -117.544024654535761, 49.015942608768327 ], [ -117.540766914062957, 49.007660618544747 ] ] ] } },
{ "type": "Feature", "properties": { "child_cell_id": "NHPA1K_V1_R+0001232_C-0001476", "parent_cell_id": "NHPA5K_V1_R+000246_C-000296", "claim_status": "GEOMETRY_QA_ONLY_NOT_A_DEER_PRODUCT" }, "geometry": { "type": "Polygon", "coordinates": [ [ [ -117.526679140448138, 49.009574956942103 ], [ -117.5125903992856, 49.011488071482525 ], [ -117.515844175423382, 49.019770691168773 ], [ -117.529934898965351, 49.017857261980929 ], [ -117.526679140448138, 49.009574956942103 ] ] ] } },
{ "type": "Feature", "properties": { "child_cell_id": "NHPA1K_V1_R+0001233_C-0001480", "parent_cell_id": "NHPA5K_V1_R+000246_C-000296", "claim_status": "GEOMETRY_QA_ONLY_NOT_A_DEER_PRODUCT" }, "geometry": { "type": "Polygon", "coordinates": [ [ [ -117.586288108192079, 49.010191306356454 ], [ -117.572201259671473, 49.012109630818571 ], [ -117.575463932322165, 49.020391055897932 ], [ -117.589552762047774, 49.018472415970038 ], [ -117.586288108192079, 49.010191306356454 ] ] ] } },
{ "type": "Feature", "properties": { "child_cell_id": "NHPA1K_V1_R+0001233_C-0001479", "parent_cell_id": "NHPA5K_V1_R+000246_C-000296", "claim_status": "GEOMETRY_QA_ONLY_NOT_A_DEER_PRODUCT" }, "geometry": { "type": "Polygon", "coordinates": [ [ [ -117.572201259671473, 49.012109630818571 ], [ -117.558113441611937, 49.014026731668423 ], [ -117.561374132633048, 49.022308472045871 ], [ -117.575463932322165, 49.020391055897932 ], [ -117.572201259671473, 49.012109630818571 ] ] ] } },
{ "type": "Feature", "properties": { "child_cell_id": "NHPA1K_V1_R+0001233_C-0001478", "parent_cell_id": "NHPA5K_V1_R+000246_C-000296", "claim_status": "GEOMETRY_QA_ONLY_NOT_A_DEER_PRODUCT" }, "geometry": { "type": "Polygon", "coordinates": [ [ [ -117.558113441611937, 49.014026731668423 ], [ -117.544024654535761, 49.015942608768327 ], [ -117.547283363502828, 49.024224664276268 ], [ -117.561374132633048, 49.022308472045871 ], [ -117.558113441611937, 49.014026731668423 ] ] ] } },
{ "type": "Feature", "properties": { "child_cell_id": "NHPA1K_V1_R+0001233_C-0001477", "parent_cell_id": "NHPA5K_V1_R+000246_C-000296", "claim_status": "GEOMETRY_QA_ONLY_NOT_A_DEER_PRODUCT" }, "geometry": { "type": "Polygon", "coordinates": [ [ [ -117.544024654535761, 49.015942608768327 ], [ -117.529934898965351, 49.017857261980929 ], [ -117.533191625454137, 49.026139632451518 ], [ -117.547283363502828, 49.024224664276268 ], [ -117.544024654535761, 49.015942608768327 ] ] ] } },
{ "type": "Feature", "properties": { "child_cell_id": "NHPA1K_V1_R+0001233_C-0001476", "parent_cell_id": "NHPA5K_V1_R+000246_C-000296", "claim_status": "GEOMETRY_QA_ONLY_NOT_A_DEER_PRODUCT" }, "geometry": { "type": "Polygon", "coordinates": [ [ [ -117.529934898965351, 49.017857261980929 ], [ -117.515844175423382, 49.019770691168773 ], [ -117.519098919009835, 49.028053376434229 ], [ -117.533191625454137, 49.026139632451518 ], [ -117.529934898965351, 49.017857261980929 ] ] ] } },
{ "type": "Feature", "properties": { "child_cell_id": "NHPA1K_V1_R+0001234_C-0001480", "parent_cell_id": "NHPA5K_V1_R+000246_C-000296", "claim_status": "GEOMETRY_QA_ONLY_NOT_A_DEER_PRODUCT" }, "geometry": { "type": "Polygon", "coordinates": [ [ [ -117.589552762047774, 49.018472415970038 ], [ -117.575463932322165, 49.020391055897932 ], [ -117.578727574936394, 49.028672546177624 ], [ -117.592818386389141, 49.026753590636218 ], [ -117.589552762047774, 49.018472415970038 ] ] ] } },
{ "type": "Feature", "properties": { "child_cell_id": "NHPA1K_V1_R+0001234_C-0001479", "parent_cell_id": "NHPA5K_V1_R+000246_C-000296", "claim_status": "GEOMETRY_QA_ONLY_NOT_A_DEER_PRODUCT" }, "geometry": { "type": "Polygon", "coordinates": [ [ [ -117.575463932322165, 49.020391055897932 ], [ -117.561374132633048, 49.022308472045871 ], [ -117.564635793095306, 49.03059027777136 ], [ -117.578727574936394, 49.028672546177624 ], [ -117.575463932322165, 49.020391055897932 ] ] ] } },
{ "type": "Feature", "properties": { "child_cell_id": "NHPA1K_V1_R+0001234_C-0001478", "parent_cell_id": "NHPA5K_V1_R+000246_C-000296", "claim_status": "GEOMETRY_QA_ONLY_NOT_A_DEER_PRODUCT" }, "geometry": { "type": "Polygon", "coordinates": [ [ [ -117.561374132633048, 49.022308472045871 ], [ -117.547283363502828, 49.024224664276268 ], [ -117.550543041388408, 49.032506785279757 ], [ -117.564635793095306, 49.03059027777136 ], [ -117.561374132633048, 49.022308472045871 ] ] ] } },
{ "type": "Feature", "properties": { "child_cell_id": "NHPA1K_V1_R+0001234_C-0001477", "parent_cell_id": "NHPA5K_V1_R+000246_C-000296", "claim_status": "GEOMETRY_QA_ONLY_NOT_A_DEER_PRODUCT" }, "geometry": { "type": "Polygon", "coordinates": [ [ [ -117.547283363502828, 49.024224664276268 ], [ -117.533191625454137, 49.026139632451518 ], [ -117.536449320338548, 49.034422068565284 ], [ -117.550543041388408, 49.032506785279757 ], [ -117.547283363502828, 49.024224664276268 ] ] ] } },
{ "type": "Feature", "properties": { "child_cell_id": "NHPA1K_V1_R+0001234_C-0001476", "parent_cell_id": "NHPA5K_V1_R+000246_C-000296", "claim_status": "GEOMETRY_QA_ONLY_NOT_A_DEER_PRODUCT" }, "geometry": { "type": "Polygon", "coordinates": [ [ [ -117.533191625454137, 49.026139632451518 ], [ -117.519098919009835, 49.028053376434229 ], [ -117.522354630468797, 49.036336127490245 ], [ -117.536449320338548, 49.034422068565284 ], [ -117.533191625454137, 49.026139632451518 ] ] ] } },
{ "type": "Feature", "properties": { "child_cell_id": "NHPA1K_V1_R+0001320_C-0001830", "parent_cell_id": "NHPA5K_V1_R+000264_C-000366", "claim_status": "GEOMETRY_QA_ONLY_NOT_A_DEER_PRODUCT" }, "geometry": { "type": "Polygon", "coordinates": [ [ [ -122.799807789137162, 48.974707500775338 ], [ -122.78593039291151, 48.97707797753386 ], [ -122.789960088329138, 48.9852409003825 ], [ -122.803839344938368, 48.982870039867059 ], [ -122.799807789137162, 48.974707500775338 ] ] ] } },
{ "type": "Feature", "properties": { "child_cell_id": "NHPA1K_V1_R+0001320_C-0001829", "parent_cell_id": "NHPA5K_V1_R+000264_C-000366", "claim_status": "GEOMETRY_QA_ONLY_NOT_A_DEER_PRODUCT" }, "geometry": { "type": "Polygon", "coordinates": [ [ [ -122.78593039291151, 48.97707797753386 ], [ -122.772051817010365, 48.979447269933154 ], [ -122.776079651540684, 48.987610576397408 ], [ -122.789960088329138, 48.9852409003825 ], [ -122.78593039291151, 48.97707797753386 ] ] ] } },
{ "type": "Feature", "properties": { "child_cell_id": "NHPA1K_V1_R+0001320_C-0001828", "parent_cell_id": "NHPA5K_V1_R+000264_C-000366", "claim_status": "GEOMETRY_QA_ONLY_NOT_A_DEER_PRODUCT" }, "geometry": { "type": "Polygon", "coordinates": [ [ [ -122.772051817010365, 48.979447269933154 ], [ -122.75817206187827, 48.98181537781047 ], [ -122.762198035017761, 48.989979067749033 ], [ -122.776079651540684, 48.987610576397408 ], [ -122.772051817010365, 48.979447269933154 ] ] ] } },
{ "type": "Feature", "properties": { "child_cell_id": "NHPA1K_V1_R+0001320_C-0001827", "parent_cell_id": "NHPA5K_V1_R+000264_C-000366", "claim_status": "GEOMETRY_QA_ONLY_NOT_A_DEER_PRODUCT" }, "geometry": { "type": "Polygon", "coordinates": [ [ [ -122.75817206187827, 48.98181537781047 ], [ -122.744291127960096, 48.984182301003045 ], [ -122.748315239205326, 48.992346374274447 ], [ -122.762198035017761, 48.989979067749033 ], [ -122.75817206187827, 48.98181537781047 ] ] ] } },
{ "type": "Feature", "properties": { "child_cell_id": "NHPA1K_V1_R+0001320_C-0001826", "parent_cell_id": "NHPA5K_V1_R+000264_C-000366", "claim_status": "GEOMETRY_QA_ONLY_NOT_A_DEER_PRODUCT" }, "geometry": { "type": "Polygon", "coordinates": [ [ [ -122.744291127960096, 48.984182301003045 ], [ -122.730409015700914, 48.986548039348257 ], [ -122.734431264548633, 48.994712495811029 ], [ -122.748315239205326, 48.992346374274447 ], [ -122.744291127960096, 48.984182301003045 ] ] ] } },
{ "type": "Feature", "properties": { "child_cell_id": "NHPA1K_V1_R+0001321_C-0001830", "parent_cell_id": "NHPA5K_V1_R+000264_C-000366", "claim_status": "GEOMETRY_QA_ONLY_NOT_A_DEER_PRODUCT" }, "geometry": { "type": "Polygon", "coordinates": [ [ [ -122.803839344938368, 48.982870039867059 ], [ -122.789960088329138, 48.9852409003825 ], [ -122.793990963925978, 48.993403848968029 ], [ -122.807872081363243, 48.991032604520541 ], [ -122.803839344938368, 48.982870039867059 ] ] ] } },
{ "type": "Feature", "properties": { "child_cell_id": "NHPA1K_V1_R+0001321_C-0001829", "parent_cell_id": "NHPA5K_V1_R+000264_C-000366", "claim_status": "GEOMETRY_QA_ONLY_NOT_A_DEER_PRODUCT" }, "geometry": { "type": "Polygon", "coordinates": [ [ [ -122.789960088329138, 48.9852409003825 ], [ -122.776079651540684, 48.987610576397408 ], [ -122.780108665805528, 48.995773908773799 ], [ -122.793990963925978, 48.993403848968029 ], [ -122.789960088329138, 48.9852409003825 ] ] ] } },
{ "type": "Feature", "properties": { "child_cell_id": "NHPA1K_V1_R+0001321_C-0001828", "parent_cell_id": "NHPA5K_V1_R+000264_C-000366", "claim_status": "GEOMETRY_QA_ONLY_NOT_A_DEER_PRODUCT" }, "geometry": { "type": "Polygon", "coordinates": [ [ [ -122.776079651540684, 48.987610576397408 ], [ -122.762198035017761, 48.989979067749033 ], [ -122.766225187446778, 48.998142783774874 ], [ -122.780108665805528, 48.995773908773799 ], [ -122.776079651540684, 48.987610576397408 ] ] ] } },
{ "type": "Feature", "properties": { "child_cell_id": "NHPA1K_V1_R+0001321_C-0001827", "parent_cell_id": "NHPA5K_V1_R+000264_C-000366", "claim_status": "GEOMETRY_QA_ONLY_NOT_A_DEER_PRODUCT" }, "geometry": { "type": "Polygon", "coordinates": [ [ [ -122.762198035017761, 48.989979067749033 ], [ -122.748315239205326, 48.992346374274447 ], [ -122.752340529294841, 49.000510473808347 ], [ -122.766225187446778, 48.998142783774874 ], [ -122.762198035017761, 48.989979067749033 ] ] ] } },
{ "type": "Feature", "properties": { "child_cell_id": "NHPA1K_V1_R+0001321_C-0001826", "parent_cell_id": "NHPA5K_V1_R+000264_C-000366", "claim_status": "GEOMETRY_QA_ONLY_NOT_A_DEER_PRODUCT" }, "geometry": { "type": "Polygon", "coordinates": [ [ [ -122.748315239205326, 48.992346374274447 ], [ -122.734431264548633, 48.994712495811029 ], [ -122.738454691795113, 49.002876978711356 ], [ -122.752340529294841, 49.000510473808347 ], [ -122.748315239205326, 48.992346374274447 ] ] ] } },
{ "type": "Feature", "properties": { "child_cell_id": "NHPA1K_V1_R+0001322_C-0001830", "parent_cell_id": "NHPA5K_V1_R+000264_C-000366", "claim_status": "GEOMETRY_QA_ONLY_NOT_A_DEER_PRODUCT" }, "geometry": { "type": "Polygon", "coordinates": [ [ [ -122.807872081363243, 48.991032604520541 ], [ -122.793990963925978, 48.993403848968029 ], [ -122.798023020205974, 49.001566823474512 ], [ -122.811905998915861, 48.999195194919487 ], [ -122.807872081363243, 48.991032604520541 ] ] ] } },
{ "type": "Feature", "properties": { "child_cell_id": "NHPA1K_V1_R+0001322_C-0001829", "parent_cell_id": "NHPA5K_V1_R+000264_C-000366", "claim_status": "GEOMETRY_QA_ONLY_NOT_A_DEER_PRODUCT" }, "geometry": { "type": "Polygon", "coordinates": [ [ [ -122.793990963925978, 48.993403848968029 ], [ -122.780108665805528, 48.995773908773799 ], [ -122.784138860308744, 49.003937267246407 ], [ -122.798023020205974, 49.001566823474512 ], [ -122.793990963925978, 48.993403848968029 ] ] ] } },
{ "type": "Feature", "properties": { "child_cell_id": "NHPA1K_V1_R+0001322_C-0001828", "parent_cell_id": "NHPA5K_V1_R+000264_C-000366", "claim_status": "GEOMETRY_QA_ONLY_NOT_A_DEER_PRODUCT" }, "geometry": { "type": "Polygon", "coordinates": [ [ [ -122.780108665805528, 48.995773908773799 ], [ -122.766225187446778, 48.998142783774874 ], [ -122.770253519669083, 49.006306526072301 ], [ -122.784138860308744, 49.003937267246407 ], [ -122.780108665805528, 48.995773908773799 ] ] ] } },
{ "type": "Feature", "properties": { "child_cell_id": "NHPA1K_V1_R+0001322_C-0001827", "parent_cell_id": "NHPA5K_V1_R+000264_C-000366", "claim_status": "GEOMETRY_QA_ONLY_NOT_A_DEER_PRODUCT" }, "geometry": { "type": "Polygon", "coordinates": [ [ [ -122.766225187446778, 48.998142783774874 ], [ -122.752340529294841, 49.000510473808347 ], [ -122.756366998732233, 49.008674599788968 ], [ -122.770253519669083, 49.006306526072301 ], [ -122.766225187446778, 48.998142783774874 ] ] ] } },
{ "type": "Feature", "properties": { "child_cell_id": "NHPA1K_V1_R+0001322_C-0001826", "parent_cell_id": "NHPA5K_V1_R+000264_C-000366", "claim_status": "GEOMETRY_QA_ONLY_NOT_A_DEER_PRODUCT" }, "geometry": { "type": "Polygon", "coordinates": [ [ [ -122.752340529294841, 49.000510473808347 ], [ -122.738454691795113, 49.002876978711356 ], [ -122.74247929794376, 49.011041488233673 ], [ -122.756366998732233, 49.008674599788968 ], [ -122.752340529294841, 49.000510473808347 ] ] ] } },
{ "type": "Feature", "properties": { "child_cell_id": "NHPA1K_V1_R+0001323_C-0001830", "parent_cell_id": "NHPA5K_V1_R+000264_C-000366", "claim_status": "GEOMETRY_QA_ONLY_NOT_A_DEER_PRODUCT" }, "geometry": { "type": "Polygon", "coordinates": [ [ [ -122.811905998915861, 48.999195194919487 ], [ -122.798023020205974, 49.001566823474512 ], [ -122.802056257673428, 49.009729824085809 ], [ -122.815941098100566, 49.0073578112478 ], [ -122.811905998915861, 48.999195194919487 ] ] ] } },
{ "type": "Feature", "properties": { "child_cell_id": "NHPA1K_V1_R+0001323_C-0001829", "parent_cell_id": "NHPA5K_V1_R+000264_C-000366", "claim_status": "GEOMETRY_QA_ONLY_NOT_A_DEER_PRODUCT" }, "geometry": { "type": "Polygon", "coordinates": [ [ [ -122.798023020205974, 49.001566823474512 ], [ -122.784138860308744, 49.003937267246407 ], [ -122.788170235554404, 49.012100651999319 ], [ -122.802056257673428, 49.009729824085809 ], [ -122.798023020205974, 49.001566823474512 ] ] ] } },
{ "type": "Feature", "properties": { "child_cell_id": "NHPA1K_V1_R+0001323_C-0001828", "parent_cell_id": "NHPA5K_V1_R+000264_C-000366", "claim_status": "GEOMETRY_QA_ONLY_NOT_A_DEER_PRODUCT" }, "geometry": { "type": "Polygon", "coordinates": [ [ [ -122.784138860308744, 49.003937267246407 ], [ -122.770253519669083, 49.006306526072301 ], [ -122.774283032188578, 49.014470294825323 ], [ -122.788170235554404, 49.012100651999319 ], [ -122.784138860308744, 49.003937267246407 ] ] ] } },
{ "type": "Feature", "properties": { "child_cell_id": "NHPA1K_V1_R+0001323_C-0001827", "parent_cell_id": "NHPA5K_V1_R+000264_C-000366", "claim_status": "GEOMETRY_QA_ONLY_NOT_A_DEER_PRODUCT" }, "geometry": { "type": "Polygon", "coordinates": [ [ [ -122.770253519669083, 49.006306526072301 ], [ -122.756366998732233, 49.008674599788968 ], [ -122.760394648021347, 49.016838752400645 ], [ -122.774283032188578, 49.014470294825323 ], [ -122.770253519669083, 49.006306526072301 ] ] ] } },
{ "type": "Feature", "properties": { "child_cell_id": "NHPA1K_V1_R+0001323_C-0001826", "parent_cell_id": "NHPA5K_V1_R+000264_C-000366", "claim_status": "GEOMETRY_QA_ONLY_NOT_A_DEER_PRODUCT" }, "geometry": { "type": "Polygon", "coordinates": [ [ [ -122.756366998732233, 49.008674599788968 ], [ -122.74247929794376, 49.011041488233673 ], [ -122.746505083498334, 49.019206024562294 ], [ -122.760394648021347, 49.016838752400645 ], [ -122.756366998732233, 49.008674599788968 ] ] ] } },
{ "type": "Feature", "properties": { "child_cell_id": "NHPA1K_V1_R+0001324_C-0001830", "parent_cell_id": "NHPA5K_V1_R+000264_C-000366", "claim_status": "GEOMETRY_QA_ONLY_NOT_A_DEER_PRODUCT" }, "geometry": { "type": "Polygon", "coordinates": [ [ [ -122.815941098100566, 49.0073578112478 ], [ -122.802056257673428, 49.009729824085809 ], [ -122.80609067683281, 49.01789285098603 ], [ -122.819977379422042, 49.015520453689497 ], [ -122.815941098100566, 49.0073578112478 ] ] ] } },
{ "type": "Feature", "properties": { "child_cell_id": "NHPA1K_V1_R+0001324_C-0001829", "parent_cell_id": "NHPA5K_V1_R+000264_C-000366", "claim_status": "GEOMETRY_QA_ONLY_NOT_A_DEER_PRODUCT" }, "geometry": { "type": "Polygon", "coordinates": [ [ [ -122.802056257673428, 49.009729824085809 ], [ -122.788170235554404, 49.012100651999319 ], [ -122.792202792046922, 49.020264063216736 ], [ -122.80609067683281, 49.01789285098603 ], [ -122.802056257673428, 49.009729824085809 ] ] ] } },
{ "type": "Feature", "properties": { "child_cell_id": "NHPA1K_V1_R+0001324_C-0001828", "parent_cell_id": "NHPA5K_V1_R+000264_C-000366", "claim_status": "GEOMETRY_QA_ONLY_NOT_A_DEER_PRODUCT" }, "geometry": { "type": "Polygon", "coordinates": [ [ [ -122.788170235554404, 49.012100651999319 ], [ -122.774283032188578, 49.014470294825323 ], [ -122.778313725509548, 49.022634090218332 ], [ -122.792202792046922, 49.020264063216736 ], [ -122.788170235554404, 49.012100651999319 ] ] ] } },
{ "type": "Feature", "properties": { "child_cell_id": "NHPA1K_V1_R+0001324_C-0001827", "parent_cell_id": "NHPA5K_V1_R+000264_C-000366", "claim_status": "GEOMETRY_QA_ONLY_NOT_A_DEER_PRODUCT" }, "geometry": { "type": "Polygon", "coordinates": [ [ [ -122.774283032188578, 49.014470294825323 ], [ -122.760394648021347, 49.016838752400645 ], [ -122.764423477666242, 49.025002931827785 ], [ -122.778313725509548, 49.022634090218332 ], [ -122.774283032188578, 49.014470294825323 ] ] ] } },
{ "type": "Feature", "properties": { "child_cell_id": "NHPA1K_V1_R+0001324_C-0001826", "parent_cell_id": "NHPA5K_V1_R+000264_C-000366", "claim_status": "GEOMETRY_QA_ONLY_NOT_A_DEER_PRODUCT" }, "geometry": { "type": "Polygon", "coordinates": [ [ [ -122.760394648021347, 49.016838752400645 ], [ -122.746505083498334, 49.019206024562294 ], [ -122.750532048962768, 49.02737058788184 ], [ -122.764423477666242, 49.025002931827785 ], [ -122.760394648021347, 49.016838752400645 ] ] ] } },
{ "type": "Feature", "properties": { "child_cell_id": "NHPA1K_V1_R+0000000_C+0001585", "parent_cell_id": "NHPA5K_V1_R+000000_C+000317", "claim_status": "GEOMETRY_QA_ONLY_NOT_A_DEER_PRODUCT" }, "geometry": { "type": "Polygon", "coordinates": [ [ [ -76.558263456471735, 38.616198563136166 ], [ -76.546338744673619, 38.614468654455735 ], [ -76.543856487151785, 38.622782377270177 ], [ -76.555782634178271, 38.624512483198707 ], [ -76.558263456471735, 38.616198563136166 ] ] ] } },
{ "type": "Feature", "properties": { "child_cell_id": "NHPA1K_V1_R+0000000_C+0001586", "parent_cell_id": "NHPA5K_V1_R+000000_C+000317", "claim_status": "GEOMETRY_QA_ONLY_NOT_A_DEER_PRODUCT" }, "geometry": { "type": "Polygon", "coordinates": [ [ [ -76.546338744673619, 38.614468654455735 ], [ -76.534414657265913, 38.612737695765155 ], [ -76.531930964747957, 38.621051221228861 ], [ -76.543856487151785, 38.622782377270177 ], [ -76.546338744673619, 38.614468654455735 ] ] ] } },
{ "type": "Feature", "properties": { "child_cell_id": "NHPA1K_V1_R+0000000_C+0001587", "parent_cell_id": "NHPA5K_V1_R+000000_C+000317", "claim_status": "GEOMETRY_QA_ONLY_NOT_A_DEER_PRODUCT" }, "geometry": { "type": "Polygon", "coordinates": [ [ [ -76.534414657265913, 38.612737695765155 ], [ -76.522491194576816, 38.611005687137592 ], [ -76.520006067295128, 38.619319015147923 ], [ -76.531930964747957, 38.621051221228861 ], [ -76.534414657265913, 38.612737695765155 ] ] ] } },
{ "type": "Feature", "properties": { "child_cell_id": "NHPA1K_V1_R+0000000_C+0001588", "parent_cell_id": "NHPA5K_V1_R+000000_C+000317", "claim_status": "GEOMETRY_QA_ONLY_NOT_A_DEER_PRODUCT" }, "geometry": { "type": "Polygon", "coordinates": [ [ [ -76.522491194576816, 38.611005687137592 ], [ -76.510568356934471, 38.609272628646195 ], [ -76.508081795121541, 38.617585759100535 ], [ -76.520006067295128, 38.619319015147923 ], [ -76.522491194576816, 38.611005687137592 ] ] ] } },
{ "type": "Feature", "properties": { "child_cell_id": "NHPA1K_V1_R+0000000_C+0001589", "parent_cell_id": "NHPA5K_V1_R+000000_C+000317", "claim_status": "GEOMETRY_QA_ONLY_NOT_A_DEER_PRODUCT" }, "geometry": { "type": "Polygon", "coordinates": [ [ [ -76.510568356934471, 38.609272628646195 ], [ -76.498646144666907, 38.607538520364194 ], [ -76.496158148555324, 38.615851453160033 ], [ -76.508081795121541, 38.617585759100535 ], [ -76.510568356934471, 38.609272628646195 ] ] ] } },
{ "type": "Feature", "properties": { "child_cell_id": "NHPA1K_V1_R+0000001_C+0001585", "parent_cell_id": "NHPA5K_V1_R+000000_C+000317", "claim_status": "GEOMETRY_QA_ONLY_NOT_A_DEER_PRODUCT" }, "geometry": { "type": "Polygon", "coordinates": [ [ [ -76.555782634178271, 38.624512483198707 ], [ -76.543856487151785, 38.622782377270177 ], [ -76.54137360500728, 38.631095956873345 ], [ -76.553301187590606, 38.632826260128518 ], [ -76.555782634178271, 38.624512483198707 ] ] ] } },
{ "type": "Feature", "properties": { "child_cell_id": "NHPA1K_V1_R+0000001_C+0001586", "parent_cell_id": "NHPA5K_V1_R+000000_C+000317", "claim_status": "GEOMETRY_QA_ONLY_NOT_A_DEER_PRODUCT" }, "geometry": { "type": "Polygon", "coordinates": [ [ [ -76.543856487151785, 38.622782377270177 ], [ -76.531930964747957, 38.621051221228861 ], [ -76.529446647278974, 38.629364603402635 ], [ -76.54137360500728, 38.631095956873345 ], [ -76.543856487151785, 38.622782377270177 ] ] ] } },
{ "type": "Feature", "properties": { "child_cell_id": "NHPA1K_V1_R+0000001_C+0001587", "parent_cell_id": "NHPA5K_V1_R+000000_C+000317", "claim_status": "GEOMETRY_QA_ONLY_NOT_A_DEER_PRODUCT" }, "geometry": { "type": "Polygon", "coordinates": [ [ [ -76.531930964747957, 38.621051221228861 ], [ -76.520006067295128, 38.619319015147923 ], [ -76.517520314734199, 38.627632199789673 ], [ -76.529446647278974, 38.629364603402635 ], [ -76.531930964747957, 38.621051221228861 ] ] ] } },
{ "type": "Feature", "properties": { "child_cell_id": "NHPA1K_V1_R+0000001_C+0001588", "parent_cell_id": "NHPA5K_V1_R+000000_C+000317", "claim_status": "GEOMETRY_QA_ONLY_NOT_A_DEER_PRODUCT" }, "geometry": { "type": "Polygon", "coordinates": [ [ [ -76.520006067295128, 38.619319015147923 ], [ -76.508081795121541, 38.617585759100535 ], [ -76.505594607701241, 38.625898746107673 ], [ -76.517520314734199, 38.627632199789673 ], [ -76.520006067295128, 38.619319015147923 ] ] ] } },
{ "type": "Feature", "properties": { "child_cell_id": "NHPA1K_V1_R+0000001_C+0001589", "parent_cell_id": "NHPA5K_V1_R+000000_C+000317", "claim_status": "GEOMETRY_QA_ONLY_NOT_A_DEER_PRODUCT" }, "geometry": { "type": "Polygon", "coordinates": [ [ [ -76.508081795121541, 38.617585759100535 ], [ -76.496158148555324, 38.615851453160033 ], [ -76.493669526508342, 38.62416424242997 ], [ -76.505594607701241, 38.625898746107673 ], [ -76.508081795121541, 38.617585759100535 ] ] ] } },
{ "type": "Feature", "properties": { "child_cell_id": "NHPA1K_V1_R+0000002_C+0001585", "parent_cell_id": "NHPA5K_V1_R+000000_C+000317", "claim_status": "GEOMETRY_QA_ONLY_NOT_A_DEER_PRODUCT" }, "geometry": { "type": "Polygon", "coordinates": [ [ [ -76.553301187590606, 38.632826260128518 ], [ -76.54137360500728, 38.631095956873345 ], [ -76.538890098007712, 38.63940939339377 ], [ -76.550819116476475, 38.641139894054241 ], [ -76.553301187590606, 38.632826260128518 ] ] ] } },
{ "type": "Feature", "properties": { "child_cell_id": "NHPA1K_V1_R+0000002_C+0001586", "parent_cell_id": "NHPA5K_V1_R+000000_C+000317", "claim_status": "GEOMETRY_QA_ONLY_NOT_A_DEER_PRODUCT" }, "geometry": { "type": "Polygon", "coordinates": [ [ [ -76.54137360500728, 38.631095956873345 ], [ -76.529446647278974, 38.629364603402635 ], [ -76.526961704626487, 38.637677842415087 ], [ -76.538890098007712, 38.63940939339377 ], [ -76.54137360500728, 38.631095956873345 ] ] ] } },
{ "type": "Feature", "properties": { "child_cell_id": "NHPA1K_V1_R+0000002_C+0001587", "parent_cell_id": "NHPA5K_V1_R+000000_C+000317", "claim_status": "GEOMETRY_QA_ONLY_NOT_A_DEER_PRODUCT" }, "geometry": { "type": "Polygon", "coordinates": [ [ [ -76.529446647278974, 38.629364603402635 ], [ -76.517520314734199, 38.627632199789673 ], [ -76.515033936661382, 38.6359452411915 ], [ -76.526961704626487, 38.637677842415087 ], [ -76.529446647278974, 38.629364603402635 ] ] ] } },
{ "type": "Feature", "properties": { "child_cell_id": "NHPA1K_V1_R+0000002_C+0001588", "parent_cell_id": "NHPA5K_V1_R+000000_C+000317", "claim_status": "GEOMETRY_QA_ONLY_NOT_A_DEER_PRODUCT" }, "geometry": { "type": "Polygon", "coordinates": [ [ [ -76.517520314734199, 38.627632199789673 ], [ -76.505594607701241, 38.625898746107673 ], [ -76.503106794440839, 38.634211589796138 ], [ -76.515033936661382, 38.6359452411915 ], [ -76.517520314734199, 38.627632199789673 ] ] ] } },
{ "type": "Feature", "properties": { "child_cell_id": "NHPA1K_V1_R+0000002_C+0001589", "parent_cell_id": "NHPA5K_V1_R+000000_C+000317", "claim_status": "GEOMETRY_QA_ONLY_NOT_A_DEER_PRODUCT" }, "geometry": { "type": "Polygon", "coordinates": [ [ [ -76.505594607701241, 38.625898746107673 ], [ -76.493669526508342, 38.62416424242997 ], [ -76.491180278293157, 38.632476888302456 ], [ -76.503106794440839, 38.634211589796138 ], [ -76.505594607701241, 38.625898746107673 ] ] ] } },
{ "type": "Feature", "properties": { "child_cell_id": "NHPA1K_V1_R+0000003_C+0001585", "parent_cell_id": "NHPA5K_V1_R+000000_C+000317", "claim_status": "GEOMETRY_QA_ONLY_NOT_A_DEER_PRODUCT" }, "geometry": { "type": "Polygon", "coordinates": [ [ [ -76.550819116476475, 38.641139894054241 ], [ -76.538890098007712, 38.63940939339377 ], [ -76.536405965920565, 38.647722686960265 ], [ -76.54833642060342, 38.649453385104565 ], [ -76.550819116476475, 38.641139894054241 ] ] ] } },
{ "type": "Feature", "properties": { "child_cell_id": "NHPA1K_V1_R+0000003_C+0001586", "parent_cell_id": "NHPA5K_V1_R+000000_C+000317", "claim_status": "GEOMETRY_QA_ONLY_NOT_A_DEER_PRODUCT" }, "geometry": { "type": "Polygon", "coordinates": [ [ [ -76.538890098007712, 38.63940939339377 ], [ -76.526961704626487, 38.637677842415087 ], [ -76.52447613655788, 38.645990938394874 ], [ -76.536405965920565, 38.647722686960265 ], [ -76.538890098007712, 38.63940939339377 ] ] ] } },
{ "type": "Feature", "properties": { "child_cell_id": "NHPA1K_V1_R+0000003_C+0001587", "parent_cell_id": "NHPA5K_V1_R+000000_C+000317", "claim_status": "GEOMETRY_QA_ONLY_NOT_A_DEER_PRODUCT" }, "geometry": { "type": "Polygon", "coordinates": [ [ [ -76.526961704626487, 38.637677842415087 ], [ -76.515033936661382, 38.6359452411915 ], [ -76.512546932844003, 38.644258139481899 ], [ -76.52447613655788, 38.645990938394874 ], [ -76.526961704626487, 38.637677842415087 ] ] ] } },
{ "type": "Feature", "properties": { "child_cell_id": "NHPA1K_V1_R+0000003_C+0001588", "parent_cell_id": "NHPA5K_V1_R+000000_C+000317", "claim_status": "GEOMETRY_QA_ONLY_NOT_A_DEER_PRODUCT" }, "geometry": { "type": "Polygon", "coordinates": [ [ [ -76.515033936661382, 38.6359452411915 ], [ -76.503106794440839, 38.634211589796138 ], [ -76.500618355107534, 38.642524290294446 ], [ -76.512546932844003, 38.644258139481899 ], [ -76.515033936661382, 38.6359452411915 ] ] ] } },
{ "type": "Feature", "properties": { "child_cell_id": "NHPA1K_V1_R+0000003_C+0001589", "parent_cell_id": "NHPA5K_V1_R+000000_C+000317", "claim_status": "GEOMETRY_QA_ONLY_NOT_A_DEER_PRODUCT" }, "geometry": { "type": "Polygon", "coordinates": [ [ [ -76.503106794440839, 38.634211589796138 ], [ -76.491180278293157, 38.632476888302456 ], [ -76.48869040367687, 38.640789390906079 ], [ -76.500618355107534, 38.642524290294446 ], [ -76.503106794440839, 38.634211589796138 ] ] ] } },
{ "type": "Feature", "properties": { "child_cell_id": "NHPA1K_V1_R+0000004_C+0001585", "parent_cell_id": "NHPA5K_V1_R+000000_C+000317", "claim_status": "GEOMETRY_QA_ONLY_NOT_A_DEER_PRODUCT" }, "geometry": { "type": "Polygon", "coordinates": [ [ [ -76.54833642060342, 38.649453385104565 ], [ -76.536405965920565, 38.647722686960265 ], [ -76.533921208513249, 38.656035837701367 ], [ -76.545853099738977, 38.657766733408231 ], [ -76.54833642060342, 38.649453385104565 ] ] ] } },
{ "type": "Feature", "properties": { "child_cell_id": "NHPA1K_V1_R+0000004_C+0001586", "parent_cell_id": "NHPA5K_V1_R+000000_C+000317", "claim_status": "GEOMETRY_QA_ONLY_NOT_A_DEER_PRODUCT" }, "geometry": { "type": "Polygon", "coordinates": [ [ [ -76.536405965920565, 38.647722686960265 ], [ -76.52447613655788, 38.645990938394874 ], [ -76.52198994284042, 38.654303891470647 ], [ -76.533921208513249, 38.656035837701367 ], [ -76.536405965920565, 38.647722686960265 ] ] ] } },
{ "type": "Feature", "properties": { "child_cell_id": "NHPA1K_V1_R+0000004_C+0001587", "parent_cell_id": "NHPA5K_V1_R+000000_C+000317", "claim_status": "GEOMETRY_QA_ONLY_NOT_A_DEER_PRODUCT" }, "geometry": { "type": "Polygon", "coordinates": [ [ [ -76.52447613655788, 38.645990938394874 ], [ -76.512546932844003, 38.644258139481899 ], [ -76.510059303049246, 38.652570894789513 ], [ -76.52198994284042, 38.654303891470647 ], [ -76.52447613655788, 38.645990938394874 ] ] ] } },
{ "type": "Feature", "properties": { "child_cell_id": "NHPA1K_V1_R+0000004_C+0001588", "parent_cell_id": "NHPA5K_V1_R+000000_C+000317", "claim_status": "GEOMETRY_QA_ONLY_NOT_A_DEER_PRODUCT" }, "geometry": { "type": "Polygon", "coordinates": [ [ [ -76.512546932844003, 38.644258139481899 ], [ -76.500618355107534, 38.642524290294446 ], [ -76.498129289468395, 38.650836847731235 ], [ -76.510059303049246, 38.652570894789513 ], [ -76.512546932844003, 38.644258139481899 ] ] ] } },
{ "type": "Feature", "properties": { "child_cell_id": "NHPA1K_V1_R+0000004_C+0001589", "parent_cell_id": "NHPA5K_V1_R+000000_C+000317", "claim_status": "GEOMETRY_QA_ONLY_NOT_A_DEER_PRODUCT" }, "geometry": { "type": "Polygon", "coordinates": [ [ [ -76.500618355107534, 38.642524290294446 ], [ -76.48869040367687, 38.640789390906079 ], [ -76.486199902426392, 38.64910175036929 ], [ -76.498129289468395, 38.650836847731235 ], [ -76.500618355107534, 38.642524290294446 ] ] ] } },
{ "type": "Feature", "properties": { "child_cell_id": "NHPA1K_V1_R+0000420_C-0001445", "parent_cell_id": "NHPA5K_V1_R+000084_C-000289", "claim_status": "GEOMETRY_QA_ONLY_NOT_A_DEER_PRODUCT" }, "geometry": { "type": "Polygon", "coordinates": [ [ [ -114.776472830842991, 42.341018393632815 ], [ -114.763815579091556, 42.34268303794731 ], [ -114.76635451444362, 42.350980250964 ], [ -114.779013388329062, 42.349315390156988 ], [ -114.776472830842991, 42.341018393632815 ] ] ] } },
{ "type": "Feature", "properties": { "child_cell_id": "NHPA1K_V1_R+0000420_C-0001444", "parent_cell_id": "NHPA5K_V1_R+000084_C-000289", "claim_status": "GEOMETRY_QA_ONLY_NOT_A_DEER_PRODUCT" }, "geometry": { "type": "Polygon", "coordinates": [ [ [ -114.763815579091556, 42.34268303794731 ], [ -114.751157649429913, 42.344346573243001 ], [ -114.753694962379981, 42.352644002626413 ], [ -114.76635451444362, 42.350980250964 ], [ -114.763815579091556, 42.34268303794731 ] ] ] } },
{ "type": "Feature", "properties": { "child_cell_id": "NHPA1K_V1_R+0000420_C-0001443", "parent_cell_id": "NHPA5K_V1_R+000084_C-000289", "claim_status": "GEOMETRY_QA_ONLY_NOT_A_DEER_PRODUCT" }, "geometry": { "type": "Polygon", "coordinates": [ [ [ -114.751157649429913, 42.344346573243001 ], [ -114.738499042254972, 42.346008999434524 ], [ -114.741034732535212, 42.354306645058806 ], [ -114.753694962379981, 42.352644002626413 ], [ -114.751157649429913, 42.344346573243001 ] ] ] } },
{ "type": "Feature", "properties": { "child_cell_id": "NHPA1K_V1_R+0000420_C-0001442", "parent_cell_id": "NHPA5K_V1_R+000084_C-000289", "claim_status": "GEOMETRY_QA_ONLY_NOT_A_DEER_PRODUCT" }, "geometry": { "type": "Polygon", "coordinates": [ [ [ -114.738499042254972, 42.346008999434524 ], [ -114.725839757963783, 42.347670316436606 ], [ -114.728373825306505, 42.355968178175857 ], [ -114.741034732535212, 42.354306645058806 ], [ -114.738499042254972, 42.346008999434524 ] ] ] } },
{ "type": "Feature", "properties": { "child_cell_id": "NHPA1K_V1_R+0000420_C-0001441", "parent_cell_id": "NHPA5K_V1_R+000084_C-000289", "claim_status": "GEOMETRY_QA_ONLY_NOT_A_DEER_PRODUCT" }, "geometry": { "type": "Polygon", "coordinates": [ [ [ -114.725839757963783, 42.347670316436606 ], [ -114.713179796953582, 42.349330524164053 ], [ -114.715712241091197, 42.357628601892394 ], [ -114.728373825306505, 42.355968178175857 ], [ -114.725839757963783, 42.347670316436606 ] ] ] } },
{ "type": "Feature", "properties": { "child_cell_id": "NHPA1K_V1_R+0000421_C-0001445", "parent_cell_id": "NHPA5K_V1_R+000084_C-000289", "claim_status": "GEOMETRY_QA_ONLY_NOT_A_DEER_PRODUCT" }, "geometry": { "type": "Polygon", "coordinates": [ [ [ -114.779013388329062, 42.349315390156988 ], [ -114.76635451444362, 42.350980250964 ], [ -114.76889412797388, 42.359277390619411 ], [ -114.781554624390253, 42.357612313229822 ], [ -114.779013388329062, 42.349315390156988 ] ] ] } },
{ "type": "Feature", "properties": { "child_cell_id": "NHPA1K_V1_R+0000421_C-0001444", "parent_cell_id": "NHPA5K_V1_R+000084_C-000289", "claim_status": "GEOMETRY_QA_ONLY_NOT_A_DEER_PRODUCT" }, "geometry": { "type": "Polygon", "coordinates": [ [ [ -114.76635451444362, 42.350980250964 ], [ -114.753694962379981, 42.352644002626413 ], [ -114.756232953111194, 42.360941358738557 ], [ -114.76889412797388, 42.359277390619411 ], [ -114.76635451444362, 42.350980250964 ] ] ] } },
{ "type": "Feature", "properties": { "child_cell_id": "NHPA1K_V1_R+0000421_C-0001443", "parent_cell_id": "NHPA5K_V1_R+000084_C-000289", "claim_status": "GEOMETRY_QA_ONLY_NOT_A_DEER_PRODUCT" }, "geometry": { "type": "Polygon", "coordinates": [ [ [ -114.753694962379981, 42.352644002626413 ], [ -114.741034732535212, 42.354306645058806 ], [ -114.743571100199389, 42.362604217501804 ], [ -114.756232953111194, 42.360941358738557 ], [ -114.753694962379981, 42.352644002626413 ] ] ] } },
{ "type": "Feature", "properties": { "child_cell_id": "NHPA1K_V1_R+0000421_C-0001442", "parent_cell_id": "NHPA5K_V1_R+000084_C-000289", "claim_status": "GEOMETRY_QA_ONLY_NOT_A_DEER_PRODUCT" }, "geometry": { "type": "Polygon", "coordinates": [ [ [ -114.741034732535212, 42.354306645058806 ], [ -114.728373825306505, 42.355968178175857 ], [ -114.73090856963583, 42.364265966823801 ], [ -114.743571100199389, 42.362604217501804 ], [ -114.741034732535212, 42.354306645058806 ] ] ] } },
{ "type": "Feature", "properties": { "child_cell_id": "NHPA1K_V1_R+0000421_C-0001441", "parent_cell_id": "NHPA5K_V1_R+000084_C-000289", "claim_status": "GEOMETRY_QA_ONLY_NOT_A_DEER_PRODUCT" }, "geometry": { "type": "Polygon", "coordinates": [ [ [ -114.728373825306505, 42.355968178175857 ], [ -114.715712241091197, 42.357628601892394 ], [ -114.718245361817964, 42.365926606619276 ], [ -114.73090856963583, 42.364265966823801 ], [ -114.728373825306505, 42.355968178175857 ] ] ] } },
{ "type": "Feature", "properties": { "child_cell_id": "NHPA1K_V1_R+0000422_C-0001445", "parent_cell_id": "NHPA5K_V1_R+000084_C-000289", "claim_status": "GEOMETRY_QA_ONLY_NOT_A_DEER_PRODUCT" }, "geometry": { "type": "Polygon", "coordinates": [ [ [ -114.781554624390253, 42.357612313229822 ], [ -114.76889412797388, 42.359277390619411 ], [ -114.771434419950467, 42.367574457062716 ], [ -114.78409653929485, 42.365909163000396 ], [ -114.781554624390253, 42.357612313229822 ] ] ] } },
{ "type": "Feature", "properties": { "child_cell_id": "NHPA1K_V1_R+0000422_C-0001444", "parent_cell_id": "NHPA5K_V1_R+000084_C-000289", "claim_status": "GEOMETRY_QA_ONLY_NOT_A_DEER_PRODUCT" }, "geometry": { "type": "Polygon", "coordinates": [ [ [ -114.76889412797388, 42.359277390619411 ], [ -114.756232953111194, 42.360941358738557 ], [ -114.758771621891526, 42.369238641728678 ], [ -114.771434419950467, 42.367574457062716 ], [ -114.76889412797388, 42.359277390619411 ] ] ] } },
{ "type": "Feature", "properties": { "child_cell_id": "NHPA1K_V1_R+0000422_C-0001443", "parent_cell_id": "NHPA5K_V1_R+000084_C-000289", "claim_status": "GEOMETRY_QA_ONLY_NOT_A_DEER_PRODUCT" }, "geometry": { "type": "Polygon", "coordinates": [ [ [ -114.756232953111194, 42.360941358738557 ], [ -114.743571100199389, 42.362604217501804 ], [ -114.746108145515379, 42.370901716912805 ], [ -114.758771621891526, 42.369238641728678 ], [ -114.756232953111194, 42.360941358738557 ] ] ] } },
{ "type": "Feature", "properties": { "child_cell_id": "NHPA1K_V1_R+0000422_C-0001442", "parent_cell_id": "NHPA5K_V1_R+000084_C-000289", "claim_status": "GEOMETRY_QA_ONLY_NOT_A_DEER_PRODUCT" }, "geometry": { "type": "Polygon", "coordinates": [ [ [ -114.743571100199389, 42.362604217501804 ], [ -114.73090856963583, 42.364265966823801 ], [ -114.733443991219474, 42.372563682529751 ], [ -114.746108145515379, 42.370901716912805 ], [ -114.743571100199389, 42.362604217501804 ] ] ] } },
{ "type": "Feature", "properties": { "child_cell_id": "NHPA1K_V1_R+0000422_C-0001441", "parent_cell_id": "NHPA5K_V1_R+000084_C-000289", "claim_status": "GEOMETRY_QA_ONLY_NOT_A_DEER_PRODUCT" }, "geometry": { "type": "Polygon", "coordinates": [ [ [ -114.73090856963583, 42.364265966823801 ], [ -114.718245361817964, 42.365926606619276 ], [ -114.720779159401431, 42.374224538494062 ], [ -114.733443991219474, 42.372563682529751 ], [ -114.73090856963583, 42.364265966823801 ] ] ] } },
{ "type": "Feature", "properties": { "child_cell_id": "NHPA1K_V1_R+0000423_C-0001445", "parent_cell_id": "NHPA5K_V1_R+000084_C-000289", "claim_status": "GEOMETRY_QA_ONLY_NOT_A_DEER_PRODUCT" }, "geometry": { "type": "Polygon", "coordinates": [ [ [ -114.78409653929485, 42.365909163000396 ], [ -114.771434419950467, 42.367574457062716 ], [ -114.773975390641652, 42.375871450443086 ], [ -114.786639133311226, 42.374205939617923 ], [ -114.78409653929485, 42.365909163000396 ] ] ] } },
{ "type": "Feature", "properties": { "child_cell_id": "NHPA1K_V1_R+0000423_C-0001444", "parent_cell_id": "NHPA5K_V1_R+000084_C-000289", "claim_status": "GEOMETRY_QA_ONLY_NOT_A_DEER_PRODUCT" }, "geometry": { "type": "Polygon", "coordinates": [ [ [ -114.771434419950467, 42.367574457062716 ], [ -114.758771621891526, 42.369238641728678 ], [ -114.761310968989136, 42.377535851745968 ], [ -114.773975390641652, 42.375871450443086 ], [ -114.771434419950467, 42.367574457062716 ] ] ] } },
{ "type": "Feature", "properties": { "child_cell_id": "NHPA1K_V1_R+0000423_C-0001443", "parent_cell_id": "NHPA5K_V1_R+000084_C-000289", "claim_status": "GEOMETRY_QA_ONLY_NOT_A_DEER_PRODUCT" }, "geometry": { "type": "Polygon", "coordinates": [ [ [ -114.758771621891526, 42.369238641728678 ], [ -114.746108145515379, 42.370901716912805 ], [ -114.748645868751126, 42.379199143441106 ], [ -114.761310968989136, 42.377535851745968 ], [ -114.758771621891526, 42.369238641728678 ] ] ] } },
{ "type": "Feature", "properties": { "child_cell_id": "NHPA1K_V1_R+0000423_C-0001442", "parent_cell_id": "NHPA5K_V1_R+000084_C-000289", "claim_status": "GEOMETRY_QA_ONLY_NOT_A_DEER_PRODUCT" }, "geometry": { "type": "Polygon", "coordinates": [ [ [ -114.746108145515379, 42.370901716912805 ], [ -114.733443991219474, 42.372563682529751 ], [ -114.735980090325285, 42.380861325442972 ], [ -114.748645868751126, 42.379199143441106 ], [ -114.746108145515379, 42.370901716912805 ] ] ] } },
{ "type": "Feature", "properties": { "child_cell_id": "NHPA1K_V1_R+0000423_C-0001441", "parent_cell_id": "NHPA5K_V1_R+000084_C-000289", "claim_status": "GEOMETRY_QA_ONLY_NOT_A_DEER_PRODUCT" }, "geometry": { "type": "Polygon", "coordinates": [ [ [ -114.733443991219474, 42.372563682529751 ], [ -114.720779159401431, 42.374224538494062 ], [ -114.723313634109289, 42.38252239766615 ], [ -114.735980090325285, 42.380861325442972 ], [ -114.733443991219474, 42.372563682529751 ] ] ] } },
{ "type": "Feature", "properties": { "child_cell_id": "NHPA1K_V1_R+0000424_C-0001445", "parent_cell_id": "NHPA5K_V1_R+000084_C-000289", "claim_status": "GEOMETRY_QA_ONLY_NOT_A_DEER_PRODUCT" }, "geometry": { "type": "Polygon", "coordinates": [ [ [ -114.786639133311226, 42.374205939617923 ], [ -114.773975390641652, 42.375871450443086 ], [ -114.776517040315795, 42.384168370909784 ], [ -114.789182406707894, 42.382502643231469 ], [ -114.786639133311226, 42.374205939617923 ] ] ] } },
{ "type": "Feature", "properties": { "child_cell_id": "NHPA1K_V1_R+0000424_C-0001444", "parent_cell_id": "NHPA5K_V1_R+000084_C-000289", "claim_status": "GEOMETRY_QA_ONLY_NOT_A_DEER_PRODUCT" }, "geometry": { "type": "Polygon", "coordinates": [ [ [ -114.773975390641652, 42.375871450443086 ], [ -114.761310968989136, 42.377535851745968 ], [ -114.763850994672211, 42.385832988939796 ], [ -114.776517040315795, 42.384168370909784 ], [ -114.773975390641652, 42.375871450443086 ] ] ] } },
{ "type": "Feature", "properties": { "child_cell_id": "NHPA1K_V1_R+0000424_C-0001443", "parent_cell_id": "NHPA5K_V1_R+000084_C-000289", "claim_status": "GEOMETRY_QA_ONLY_NOT_A_DEER_PRODUCT" }, "geometry": { "type": "Polygon", "coordinates": [ [ [ -114.761310968989136, 42.377535851745968 ], [ -114.748645868751126, 42.379199143441106 ], [ -114.751184270174775, 42.387496497236029 ], [ -114.763850994672211, 42.385832988939796 ], [ -114.761310968989136, 42.377535851745968 ] ] ] } },
{ "type": "Feature", "properties": { "child_cell_id": "NHPA1K_V1_R+0000424_C-0001442", "parent_cell_id": "NHPA5K_V1_R+000084_C-000289", "claim_status": "GEOMETRY_QA_ONLY_NOT_A_DEER_PRODUCT" }, "geometry": { "type": "Polygon", "coordinates": [ [ [ -114.748645868751126, 42.379199143441106 ], [ -114.735980090325285, 42.380861325442972 ], [ -114.738516867221207, 42.389158895712946 ], [ -114.751184270174775, 42.387496497236029 ], [ -114.748645868751126, 42.379199143441106 ] ] ] } },
{ "type": "Feature", "properties": { "child_cell_id": "NHPA1K_V1_R+0000424_C-0001441", "parent_cell_id": "NHPA5K_V1_R+000084_C-000289", "claim_status": "GEOMETRY_QA_ONLY_NOT_A_DEER_PRODUCT" }, "geometry": { "type": "Polygon", "coordinates": [ [ [ -114.735980090325285, 42.380861325442972 ], [ -114.723313634109289, 42.38252239766615 ], [ -114.725848786209411, 42.390820184284991 ], [ -114.738516867221207, 42.389158895712946 ], [ -114.735980090325285, 42.380861325442972 ] ] ] } },
{ "type": "Feature", "properties": { "child_cell_id": "NHPA1K_V1_R+0000650_C+0000780", "parent_cell_id": "NHPA5K_V1_R+000130_C+000156", "claim_status": "GEOMETRY_QA_ONLY_NOT_A_DEER_PRODUCT" }, "geometry": { "type": "Polygon", "coordinates": [ [ [ -85.435006297073002, 45.133629586875841 ], [ -85.42157352272055, 45.132687814414147 ], [ -85.420068140475266, 45.141097787274418 ], [ -85.43350279461383, 45.142039696789588 ], [ -85.435006297073002, 45.133629586875841 ] ] ] } },
{ "type": "Feature", "properties": { "child_cell_id": "NHPA1K_V1_R+0000650_C+0000781", "parent_cell_id": "NHPA5K_V1_R+000130_C+000156", "claim_status": "GEOMETRY_QA_ONLY_NOT_A_DEER_PRODUCT" }, "geometry": { "type": "Polygon", "coordinates": [ [ [ -85.42157352272055, 45.132687814414147 ], [ -85.408141174919677, 45.13174485069846 ], [ -85.406633913068916, 45.14015468633869 ], [ -85.420068140475266, 45.141097787274418 ], [ -85.42157352272055, 45.132687814414147 ] ] ] } },
{ "type": "Feature", "properties": { "child_cell_id": "NHPA1K_V1_R+0000650_C+0000782", "parent_cell_id": "NHPA5K_V1_R+000130_C+000156", "claim_status": "GEOMETRY_QA_ONLY_NOT_A_DEER_PRODUCT" }, "geometry": { "type": "Polygon", "coordinates": [ [ [ -85.408141174919677, 45.13174485069846 ], [ -85.394709254189394, 45.130800695786796 ], [ -85.393200112913973, 45.139210394040532 ], [ -85.406633913068916, 45.14015468633869 ], [ -85.408141174919677, 45.13174485069846 ] ] ] } },
{ "type": "Feature", "properties": { "child_cell_id": "NHPA1K_V1_R+0000650_C+0000783", "parent_cell_id": "NHPA5K_V1_R+000130_C+000156", "claim_status": "GEOMETRY_QA_ONLY_NOT_A_DEER_PRODUCT" }, "geometry": { "type": "Polygon", "coordinates": [ [ [ -85.394709254189394, 45.130800695786796 ], [ -85.381277761048622, 45.129855349737248 ], [ -85.379766740529604, 45.138264910437982 ], [ -85.393200112913973, 45.139210394040532 ], [ -85.394709254189394, 45.130800695786796 ] ] ] } },
{ "type": "Feature", "properties": { "child_cell_id": "NHPA1K_V1_R+0000650_C+0000784", "parent_cell_id": "NHPA5K_V1_R+000130_C+000156", "claim_status": "GEOMETRY_QA_ONLY_NOT_A_DEER_PRODUCT" }, "geometry": { "type": "Polygon", "coordinates": [ [ [ -85.381277761048622, 45.129855349737248 ], [ -85.367846696016173, 45.128908812608003 ], [ -85.366333796434802, 45.137318235589277 ], [ -85.379766740529604, 45.138264910437982 ], [ -85.381277761048622, 45.129855349737248 ] ] ] } },
{ "type": "Feature", "properties": { "child_cell_id": "NHPA1K_V1_R+0000651_C+0000780", "parent_cell_id": "NHPA5K_V1_R+000130_C+000156", "claim_status": "GEOMETRY_QA_ONLY_NOT_A_DEER_PRODUCT" }, "geometry": { "type": "Polygon", "coordinates": [ [ [ -85.43350279461383, 45.142039696789588 ], [ -85.420068140475266, 45.141097787274418 ], [ -85.418562331497782, 45.149507777286374 ], [ -85.431998865941765, 45.15044982391602 ], [ -85.43350279461383, 45.142039696789588 ] ] ] } },
{ "type": "Feature", "properties": { "child_cell_id": "NHPA1K_V1_R+0000651_C+0000781", "parent_cell_id": "NHPA5K_V1_R+000130_C+000156", "claim_status": "GEOMETRY_QA_ONLY_NOT_A_DEER_PRODUCT" }, "geometry": { "type": "Polygon", "coordinates": [ [ [ -85.420068140475266, 45.141097787274418 ], [ -85.406633913068916, 45.14015468633869 ], [ -85.405126223966718, 45.148564539069604 ], [ -85.418562331497782, 45.149507777286374 ], [ -85.420068140475266, 45.141097787274418 ] ] ] } },
{ "type": "Feature", "properties": { "child_cell_id": "NHPA1K_V1_R+0000651_C+0000782", "parent_cell_id": "NHPA5K_V1_R+000130_C+000156", "claim_status": "GEOMETRY_QA_ONLY_NOT_A_DEER_PRODUCT" }, "geometry": { "type": "Polygon", "coordinates": [ [ [ -85.406633913068916, 45.14015468633869 ], [ -85.393200112913973, 45.139210394040532 ], [ -85.391690543868009, 45.147620109323739 ], [ -85.405126223966718, 45.148564539069604 ], [ -85.406633913068916, 45.14015468633869 ] ] ] } },
{ "type": "Feature", "properties": { "child_cell_id": "NHPA1K_V1_R+0000651_C+0000783", "parent_cell_id": "NHPA5K_V1_R+000130_C+000156", "claim_status": "GEOMETRY_QA_ONLY_NOT_A_DEER_PRODUCT" }, "geometry": { "type": "Polygon", "coordinates": [ [ [ -85.393200112913973, 45.139210394040532 ], [ -85.379766740529604, 45.138264910437982 ], [ -85.378255291720976, 45.14667448810696 ], [ -85.391690543868009, 45.147620109323739 ], [ -85.393200112913973, 45.139210394040532 ] ] ] } },
{ "type": "Feature", "properties": { "child_cell_id": "NHPA1K_V1_R+0000651_C+0000784", "parent_cell_id": "NHPA5K_V1_R+000130_C+000156", "claim_status": "GEOMETRY_QA_ONLY_NOT_A_DEER_PRODUCT" }, "geometry": { "type": "Polygon", "coordinates": [ [ [ -85.379766740529604, 45.138264910437982 ], [ -85.366333796434802, 45.137318235589277 ], [ -85.364820468044883, 45.145727675477445 ], [ -85.378255291720976, 45.14667448810696 ], [ -85.379766740529604, 45.138264910437982 ] ] ] } },
{ "type": "Feature", "properties": { "child_cell_id": "NHPA1K_V1_R+0000652_C+0000780", "parent_cell_id": "NHPA5K_V1_R+000130_C+000156", "claim_status": "GEOMETRY_QA_ONLY_NOT_A_DEER_PRODUCT" }, "geometry": { "type": "Polygon", "coordinates": [ [ [ -85.431998865941765, 45.15044982391602 ], [ -85.418562331497782, 45.149507777286374 ], [ -85.417056095607379, 45.157917784643644 ], [ -85.430494510876329, 45.158859968448823 ], [ -85.431998865941765, 45.15044982391602 ] ] ] } },
{ "type": "Feature", "properties": { "child_cell_id": "NHPA1K_V1_R+0000652_C+0000781", "parent_cell_id": "NHPA5K_V1_R+000130_C+000156", "claim_status": "GEOMETRY_QA_ONLY_NOT_A_DEER_PRODUCT" }, "geometry": { "type": "Polygon", "coordinates": [ [ [ -85.418562331497782, 45.149507777286374 ], [ -85.405126223966718, 45.148564539069604 ], [ -85.403618107432152, 45.156974409084604 ], [ -85.417056095607379, 45.157917784643644 ], [ -85.418562331497782, 45.149507777286374 ] ] ] } },
{ "type": "Feature", "properties": { "child_cell_id": "NHPA1K_V1_R+0000652_C+0000782", "parent_cell_id": "NHPA5K_V1_R+000130_C+000156", "claim_status": "GEOMETRY_QA_ONLY_NOT_A_DEER_PRODUCT" }, "geometry": { "type": "Polygon", "coordinates": [ [ [ -85.405126223966718, 45.148564539069604 ], [ -85.391690543868009, 45.147620109323739 ], [ -85.390180546870312, 45.156029841829827 ], [ -85.403618107432152, 45.156974409084604 ], [ -85.405126223966718, 45.148564539069604 ] ] ] } },
{ "type": "Feature", "properties": { "child_cell_id": "NHPA1K_V1_R+0000652_C+0000783", "parent_cell_id": "NHPA5K_V1_R+000130_C+000156", "claim_status": "GEOMETRY_QA_ONLY_NOT_A_DEER_PRODUCT" }, "geometry": { "type": "Polygon", "coordinates": [ [ [ -85.391690543868009, 45.147620109323739 ], [ -85.378255291720976, 45.14667448810696 ], [ -85.376743414441407, 45.155084082937591 ], [ -85.390180546870312, 45.156029841829827 ], [ -85.391690543868009, 45.147620109323739 ] ] ] } },
{ "type": "Feature", "properties": { "child_cell_id": "NHPA1K_V1_R+0000652_C+0000784", "parent_cell_id": "NHPA5K_V1_R+000130_C+000156", "claim_status": "GEOMETRY_QA_ONLY_NOT_A_DEER_PRODUCT" }, "geometry": { "type": "Polygon", "coordinates": [ [ [ -85.378255291720976, 45.14667448810696 ], [ -85.364820468044883, 45.145727675477445 ], [ -85.363306710664872, 45.154137132466005 ], [ -85.376743414441407, 45.155084082937591 ], [ -85.378255291720976, 45.14667448810696 ] ] ] } },
{ "type": "Feature", "properties": { "child_cell_id": "NHPA1K_V1_R+0000653_C+0000780", "parent_cell_id": "NHPA5K_V1_R+000130_C+000156", "claim_status": "GEOMETRY_QA_ONLY_NOT_A_DEER_PRODUCT" }, "geometry": { "type": "Polygon", "coordinates": [ [ [ -85.430494510876329, 45.158859968448823 ], [ -85.417056095607379, 45.157917784643644 ], [ -85.415549432623237, 45.166327809539851 ], [ -85.428989729236903, 45.16727013058172 ], [ -85.430494510876329, 45.158859968448823 ] ] ] } },
{ "type": "Feature", "properties": { "child_cell_id": "NHPA1K_V1_R+0000653_C+0000781", "parent_cell_id": "NHPA5K_V1_R+000130_C+000156", "claim_status": "GEOMETRY_QA_ONLY_NOT_A_DEER_PRODUCT" }, "geometry": { "type": "Polygon", "coordinates": [ [ [ -85.417056095607379, 45.157917784643644 ], [ -85.403618107432152, 45.156974409084604 ], [ -85.402109563284199, 45.16538429657745 ], [ -85.415549432623237, 45.166327809539851 ], [ -85.417056095607379, 45.157917784643644 ] ] ] } },
{ "type": "Feature", "properties": { "child_cell_id": "NHPA1K_V1_R+0000653_C+0000782", "parent_cell_id": "NHPA5K_V1_R+000130_C+000156", "claim_status": "GEOMETRY_QA_ONLY_NOT_A_DEER_PRODUCT" }, "geometry": { "type": "Polygon", "coordinates": [ [ [ -85.403618107432152, 45.156974409084604 ], [ -85.390180546870312, 45.156029841829827 ], [ -85.388670121739679, 45.164439591752554 ], [ -85.402109563284199, 45.16538429657745 ], [ -85.403618107432152, 45.156974409084604 ] ] ] } },
{ "type": "Feature", "properties": { "child_cell_id": "NHPA1K_V1_R+0000653_C+0000783", "parent_cell_id": "NHPA5K_V1_R+000130_C+000156", "claim_status": "GEOMETRY_QA_ONLY_NOT_A_DEER_PRODUCT" }, "geometry": { "type": "Polygon", "coordinates": [ [ [ -85.390180546870312, 45.156029841829827 ], [ -85.376743414441407, 45.155084082937591 ], [ -85.375231108509425, 45.163493695123464 ], [ -85.388670121739679, 45.164439591752554 ], [ -85.390180546870312, 45.156029841829827 ] ] ] } },
{ "type": "Feature", "properties": { "child_cell_id": "NHPA1K_V1_R+0000653_C+0000784", "parent_cell_id": "NHPA5K_V1_R+000130_C+000156", "claim_status": "GEOMETRY_QA_ONLY_NOT_A_DEER_PRODUCT" }, "geometry": { "type": "Polygon", "coordinates": [ [ [ -85.376743414441407, 45.155084082937591 ], [ -85.363306710664872, 45.154137132466005 ], [ -85.361792524113113, 45.162546606748464 ], [ -85.375231108509425, 45.163493695123464 ], [ -85.376743414441407, 45.155084082937591 ] ] ] } },
{ "type": "Feature", "properties": { "child_cell_id": "NHPA1K_V1_R+0000654_C+0000780", "parent_cell_id": "NHPA5K_V1_R+000130_C+000156", "claim_status": "GEOMETRY_QA_ONLY_NOT_A_DEER_PRODUCT" }, "geometry": { "type": "Polygon", "coordinates": [ [ [ -85.428989729236903, 45.16727013058172 ], [ -85.415549432623237, 45.166327809539851 ], [ -85.414042342364425, 45.174737852168867 ], [ -85.42748452084281, 45.175680310508433 ], [ -85.428989729236903, 45.16727013058172 ] ] ] } },
{ "type": "Feature", "properties": { "child_cell_id": "NHPA1K_V1_R+0000654_C+0000781", "parent_cell_id": "NHPA5K_V1_R+000130_C+000156", "claim_status": "GEOMETRY_QA_ONLY_NOT_A_DEER_PRODUCT" }, "geometry": { "type": "Polygon", "coordinates": [ [ [ -85.415549432623237, 45.166327809539851 ], [ -85.402109563284199, 45.16538429657745 ], [ -85.400600591341714, 45.173794201741806 ], [ -85.414042342364425, 45.174737852168867 ], [ -85.415549432623237, 45.166327809539851 ] ] ] } },
{ "type": "Feature", "properties": { "child_cell_id": "NHPA1K_V1_R+0000654_C+0000782", "parent_cell_id": "NHPA5K_V1_R+000130_C+000156", "claim_status": "GEOMETRY_QA_ONLY_NOT_A_DEER_PRODUCT" }, "geometry": { "type": "Polygon", "coordinates": [ [ [ -85.402109563284199, 45.16538429657745 ], [ -85.388670121739679, 45.164439591752554 ], [ -85.387159268294738, 45.172849359285543 ], [ -85.400600591341714, 45.173794201741806 ], [ -85.402109563284199, 45.16538429657745 ] ] ] } },
{ "type": "Feature", "properties": { "child_cell_id": "NHPA1K_V1_R+0000654_C+0000783", "parent_cell_id": "NHPA5K_V1_R+000130_C+000156", "claim_status": "GEOMETRY_QA_ONLY_NOT_A_DEER_PRODUCT" }, "geometry": { "type": "Polygon", "coordinates": [ [ [ -85.388670121739679, 45.164439591752554 ], [ -85.375231108509425, 45.163493695123464 ], [ -85.3737183737435, 45.171903324858242 ], [ -85.387159268294738, 45.172849359285543 ], [ -85.388670121739679, 45.164439591752554 ] ] ] } },
{ "type": "Feature", "properties": { "child_cell_id": "NHPA1K_V1_R+0000654_C+0000784", "parent_cell_id": "NHPA5K_V1_R+000130_C+000156", "claim_status": "GEOMETRY_QA_ONLY_NOT_A_DEER_PRODUCT" }, "geometry": { "type": "Polygon", "coordinates": [ [ [ -85.375231108509425, 45.163493695123464 ], [ -85.361792524113113, 45.162546606748464 ], [ -85.360277908207848, 45.170956098518346 ], [ -85.3737183737435, 45.171903324858242 ], [ -85.375231108509425, 45.163493695123464 ] ] ] } },
{ "type": "Feature", "properties": { "child_cell_id": "NHPA1K_V1_R+0000810_C+0002215", "parent_cell_id": "NHPA5K_V1_R+000162_C+000443", "claim_status": "GEOMETRY_QA_ONLY_NOT_A_DEER_PRODUCT" }, "geometry": { "type": "Polygon", "coordinates": [ [ [ -66.18864715108873, 43.884244158997731 ], [ -66.176058769115471, 43.881626842746456 ], [ -66.171962015729989, 43.889671560690424 ], [ -66.184551892543041, 43.892289225521644 ], [ -66.18864715108873, 43.884244158997731 ] ] ] } },
{ "type": "Feature", "properties": { "child_cell_id": "NHPA1K_V1_R+0000810_C+0002216", "parent_cell_id": "NHPA5K_V1_R+000162_C+000443", "claim_status": "GEOMETRY_QA_ONLY_NOT_A_DEER_PRODUCT" }, "geometry": { "type": "Polygon", "coordinates": [ [ [ -66.176058769115471, 43.881626842746456 ], [ -66.163471474971587, 43.87900845857871 ], [ -66.159373227164423, 43.887052827847931 ], [ -66.171962015729989, 43.889671560690424 ], [ -66.176058769115471, 43.881626842746456 ] ] ] } },
{ "type": "Feature", "properties": { "child_cell_id": "NHPA1K_V1_R+0000810_C+0002217", "parent_cell_id": "NHPA5K_V1_R+000162_C+000443", "claim_status": "GEOMETRY_QA_ONLY_NOT_A_DEER_PRODUCT" }, "geometry": { "type": "Polygon", "coordinates": [ [ [ -66.163471474971587, 43.87900845857871 ], [ -66.150885268959854, 43.876389006627655 ], [ -66.14678552714922, 43.88443302712755 ], [ -66.159373227164423, 43.887052827847931 ], [ -66.163471474971587, 43.87900845857871 ] ] ] } },
{ "type": "Feature", "properties": { "child_cell_id": "NHPA1K_V1_R+0000810_C+0002218", "parent_cell_id": "NHPA5K_V1_R+000162_C+000443", "claim_status": "GEOMETRY_QA_ONLY_NOT_A_DEER_PRODUCT" }, "geometry": { "type": "Polygon", "coordinates": [ [ [ -66.150885268959854, 43.876389006627655 ], [ -66.138300151382822, 43.873768487026723 ], [ -66.134198915987014, 43.881812158662498 ], [ -66.14678552714922, 43.88443302712755 ], [ -66.150885268959854, 43.876389006627655 ] ] ] } },
{ "type": "Feature", "properties": { "child_cell_id": "NHPA1K_V1_R+0000810_C+0002219", "parent_cell_id": "NHPA5K_V1_R+000162_C+000443", "claim_status": "GEOMETRY_QA_ONLY_NOT_A_DEER_PRODUCT" }, "geometry": { "type": "Polygon", "coordinates": [ [ [ -66.138300151382822, 43.873768487026723 ], [ -66.125716122542855, 43.871146899909014 ], [ -66.12161339398024, 43.879190222586118 ], [ -66.134198915987014, 43.881812158662498 ], [ -66.138300151382822, 43.873768487026723 ] ] ] } },
{ "type": "Feature", "properties": { "child_cell_id": "NHPA1K_V1_R+0000811_C+0002215", "parent_cell_id": "NHPA5K_V1_R+000162_C+000443", "claim_status": "GEOMETRY_QA_ONLY_NOT_A_DEER_PRODUCT" }, "geometry": { "type": "Polygon", "coordinates": [ [ [ -66.184551892543041, 43.892289225521644 ], [ -66.171962015729989, 43.889671560690424 ], [ -66.16786417409692, 43.897716168543589 ], [ -66.180455546052841, 43.900334182095705 ], [ -66.184551892543041, 43.892289225521644 ] ] ] } },
{ "type": "Feature", "properties": { "child_cell_id": "NHPA1K_V1_R+0000811_C+0002216", "parent_cell_id": "NHPA5K_V1_R+000162_C+000443", "claim_status": "GEOMETRY_QA_ONLY_NOT_A_DEER_PRODUCT" }, "geometry": { "type": "Polygon", "coordinates": [ [ [ -66.171962015729989, 43.889671560690424 ], [ -66.159373227164423, 43.887052827847931 ], [ -66.155273890806853, 43.895097086885428 ], [ -66.16786417409692, 43.897716168543589 ], [ -66.171962015729989, 43.889671560690424 ] ] ] } },
{ "type": "Feature", "properties": { "child_cell_id": "NHPA1K_V1_R+0000811_C+0002217", "parent_cell_id": "NHPA5K_V1_R+000162_C+000443", "claim_status": "GEOMETRY_QA_ONLY_NOT_A_DEER_PRODUCT" }, "geometry": { "type": "Polygon", "coordinates": [ [ [ -66.159373227164423, 43.887052827847931 ], [ -66.14678552714922, 43.88443302712755 ], [ -66.142684696485574, 43.89247693725455 ], [ -66.155273890806853, 43.895097086885428 ], [ -66.159373227164423, 43.887052827847931 ] ] ] } },
{ "type": "Feature", "properties": { "child_cell_id": "NHPA1K_V1_R+0000811_C+0002218", "parent_cell_id": "NHPA5K_V1_R+000162_C+000443", "claim_status": "GEOMETRY_QA_ONLY_NOT_A_DEER_PRODUCT" }, "geometry": { "type": "Polygon", "coordinates": [ [ [ -66.14678552714922, 43.88443302712755 ], [ -66.134198915987014, 43.881812158662498 ], [ -66.130096591435759, 43.889855719784393 ], [ -66.142684696485574, 43.89247693725455 ], [ -66.14678552714922, 43.88443302712755 ] ] ] } },
{ "type": "Feature", "properties": { "child_cell_id": "NHPA1K_V1_R+0000811_C+0002219", "parent_cell_id": "NHPA5K_V1_R+000162_C+000443", "claim_status": "GEOMETRY_QA_ONLY_NOT_A_DEER_PRODUCT" }, "geometry": { "type": "Polygon", "coordinates": [ [ [ -66.134198915987014, 43.881812158662498 ], [ -66.12161339398024, 43.879190222586118 ], [ -66.117509575959943, 43.887233434608305 ], [ -66.130096591435759, 43.889855719784393 ], [ -66.134198915987014, 43.881812158662498 ] ] ] } },
{ "type": "Feature", "properties": { "child_cell_id": "NHPA1K_V1_R+0000812_C+0002215", "parent_cell_id": "NHPA5K_V1_R+000162_C+000443", "claim_status": "GEOMETRY_QA_ONLY_NOT_A_DEER_PRODUCT" }, "geometry": { "type": "Polygon", "coordinates": [ [ [ -66.180455546052841, 43.900334182095705 ], [ -66.16786417409692, 43.897716168543589 ], [ -66.163765243797954, 43.905760666424463 ], [ -66.17635811119986, 43.908379028838525 ], [ -66.180455546052841, 43.900334182095705 ] ] ] } },
{ "type": "Feature", "properties": { "child_cell_id": "NHPA1K_V1_R+0000812_C+0002216", "parent_cell_id": "NHPA5K_V1_R+000162_C+000443", "claim_status": "GEOMETRY_QA_ONLY_NOT_A_DEER_PRODUCT" }, "geometry": { "type": "Polygon", "coordinates": [ [ [ -66.16786417409692, 43.897716168543589 ], [ -66.155273890806853, 43.895097086885428 ], [ -66.151173465480483, 43.903141235809493 ], [ -66.163765243797954, 43.905760666424463 ], [ -66.16786417409692, 43.897716168543589 ] ] ] } },
{ "type": "Feature", "properties": { "child_cell_id": "NHPA1K_V1_R+0000812_C+0002217", "parent_cell_id": "NHPA5K_V1_R+000162_C+000443", "claim_status": "GEOMETRY_QA_ONLY_NOT_A_DEER_PRODUCT" }, "geometry": { "type": "Polygon", "coordinates": [ [ [ -66.155273890806853, 43.895097086885428 ], [ -66.142684696485574, 43.89247693725455 ], [ -66.138582776550408, 43.900520737127103 ], [ -66.151173465480483, 43.903141235809493 ], [ -66.155273890806853, 43.895097086885428 ] ] ] } },
{ "type": "Feature", "properties": { "child_cell_id": "NHPA1K_V1_R+0000812_C+0002218", "parent_cell_id": "NHPA5K_V1_R+000162_C+000443", "claim_status": "GEOMETRY_QA_ONLY_NOT_A_DEER_PRODUCT" }, "geometry": { "type": "Polygon", "coordinates": [ [ [ -66.142684696485574, 43.89247693725455 ], [ -66.130096591435759, 43.889855719784393 ], [ -66.125993177310491, 43.897899170510719 ], [ -66.138582776550408, 43.900520737127103 ], [ -66.142684696485574, 43.89247693725455 ] ] ] } },
{ "type": "Feature", "properties": { "child_cell_id": "NHPA1K_V1_R+0000812_C+0002219", "parent_cell_id": "NHPA5K_V1_R+000162_C+000443", "claim_status": "GEOMETRY_QA_ONLY_NOT_A_DEER_PRODUCT" }, "geometry": { "type": "Polygon", "coordinates": [ [ [ -66.130096591435759, 43.889855719784393 ], [ -66.117509575959943, 43.887233434608305 ], [ -66.113404668063339, 43.895276536093768 ], [ -66.125993177310491, 43.897899170510719 ], [ -66.130096591435759, 43.889855719784393 ] ] ] } },
{ "type": "Feature", "properties": { "child_cell_id": "NHPA1K_V1_R+0000813_C+0002215", "parent_cell_id": "NHPA5K_V1_R+000162_C+000443", "claim_status": "GEOMETRY_QA_ONLY_NOT_A_DEER_PRODUCT" }, "geometry": { "type": "Polygon", "coordinates": [ [ [ -66.17635811119986, 43.908379028838525 ], [ -66.163765243797954, 43.905760666424463 ], [ -66.159665224414539, 43.913805054451544 ], [ -66.172259587565605, 43.916423765868629 ], [ -66.17635811119986, 43.908379028838525 ] ] ] } },
{ "type": "Feature", "properties": { "child_cell_id": "NHPA1K_V1_R+0000813_C+0002216", "parent_cell_id": "NHPA5K_V1_R+000162_C+000443", "claim_status": "GEOMETRY_QA_ONLY_NOT_A_DEER_PRODUCT" }, "geometry": { "type": "Polygon", "coordinates": [ [ [ -66.163765243797954, 43.905760666424463 ], [ -66.151173465480483, 43.903141235809493 ], [ -66.147071950766659, 43.911185274738692 ], [ -66.159665224414539, 43.913805054451544 ], [ -66.163765243797954, 43.905760666424463 ] ] ] } },
{ "type": "Feature", "properties": { "child_cell_id": "NHPA1K_V1_R+0000813_C+0002217", "parent_cell_id": "NHPA5K_V1_R+000162_C+000443", "claim_status": "GEOMETRY_QA_ONLY_NOT_A_DEER_PRODUCT" }, "geometry": { "type": "Polygon", "coordinates": [ [ [ -66.151173465480483, 43.903141235809493 ], [ -66.138582776550408, 43.900520737127103 ], [ -66.134479766925026, 43.908564426863599 ], [ -66.147071950766659, 43.911185274738692 ], [ -66.151173465480483, 43.903141235809493 ] ] ] } },
{ "type": "Feature", "properties": { "child_cell_id": "NHPA1K_V1_R+0000813_C+0002218", "parent_cell_id": "NHPA5K_V1_R+000162_C+000443", "claim_status": "GEOMETRY_QA_ONLY_NOT_A_DEER_PRODUCT" }, "geometry": { "type": "Polygon", "coordinates": [ [ [ -66.138582776550408, 43.900520737127103 ], [ -66.125993177310491, 43.897899170510719 ], [ -66.121888673192458, 43.905942510959775 ], [ -66.134479766925026, 43.908564426863599 ], [ -66.138582776550408, 43.900520737127103 ] ] ] } },
{ "type": "Feature", "properties": { "child_cell_id": "NHPA1K_V1_R+0000813_C+0002219", "parent_cell_id": "NHPA5K_V1_R+000162_C+000443", "claim_status": "GEOMETRY_QA_ONLY_NOT_A_DEER_PRODUCT" }, "geometry": { "type": "Polygon", "coordinates": [ [ [ -66.125993177310491, 43.897899170510719 ], [ -66.113404668063339, 43.895276536093768 ], [ -66.10929866987162, 43.90331952716074 ], [ -66.121888673192458, 43.905942510959775 ], [ -66.125993177310491, 43.897899170510719 ] ] ] } },
{ "type": "Feature", "properties": { "child_cell_id": "NHPA1K_V1_R+0000814_C+0002215", "parent_cell_id": "NHPA5K_V1_R+000162_C+000443", "claim_status": "GEOMETRY_QA_ONLY_NOT_A_DEER_PRODUCT" }, "geometry": { "type": "Polygon", "coordinates": [ [ [ -66.172259587565605, 43.916423765868629 ], [ -66.159665224414539, 43.913805054451544 ], [ -66.155564115527881, 43.921849332743456 ], [ -66.168159974731367, 43.924468393304821 ], [ -66.172259587565605, 43.916423765868629 ] ] ] } },
{ "type": "Feature", "properties": { "child_cell_id": "NHPA1K_V1_R+0000814_C+0002216", "parent_cell_id": "NHPA5K_V1_R+000162_C+000443", "claim_status": "GEOMETRY_QA_ONLY_NOT_A_DEER_PRODUCT" }, "geometry": { "type": "Polygon", "coordinates": [ [ [ -66.159665224414539, 43.913805054451544 ], [ -66.147071950766659, 43.911185274738692 ], [ -66.142969346246574, 43.919229203791488 ], [ -66.155564115527881, 43.921849332743456 ], [ -66.159665224414539, 43.913805054451544 ] ] ] } },
{ "type": "Feature", "properties": { "child_cell_id": "NHPA1K_V1_R+0000814_C+0002217", "parent_cell_id": "NHPA5K_V1_R+000162_C+000443", "claim_status": "GEOMETRY_QA_ONLY_NOT_A_DEER_PRODUCT" }, "geometry": { "type": "Polygon", "coordinates": [ [ [ -66.147071950766659, 43.911185274738692 ], [ -66.134479766925026, 43.908564426863599 ], [ -66.130375667190549, 43.916608006582386 ], [ -66.142969346246574, 43.919229203791488 ], [ -66.147071950766659, 43.911185274738692 ] ] ] } },
{ "type": "Feature", "properties": { "child_cell_id": "NHPA1K_V1_R+0000814_C+0002218", "parent_cell_id": "NHPA5K_V1_R+000162_C+000443", "claim_status": "GEOMETRY_QA_ONLY_NOT_A_DEER_PRODUCT" }, "geometry": { "type": "Polygon", "coordinates": [ [ [ -66.134479766925026, 43.908564426863599 ], [ -66.121888673192458, 43.905942510959775 ], [ -66.117783078662697, 43.913985741249931 ], [ -66.130375667190549, 43.916608006582386 ], [ -66.134479766925026, 43.908564426863599 ] ] ] } },
{ "type": "Feature", "properties": { "child_cell_id": "NHPA1K_V1_R+0000814_C+0002219", "parent_cell_id": "NHPA5K_V1_R+000162_C+000443", "claim_status": "GEOMETRY_QA_ONLY_NOT_A_DEER_PRODUCT" }, "geometry": { "type": "Polygon", "coordinates": [ [ [ -66.121888673192458, 43.905942510959775 ], [ -66.10929866987162, 43.90331952716074 ], [ -66.105191580965723, 43.911362407927534 ], [ -66.117783078662697, 43.913985741249931 ], [ -66.121888673192458, 43.905942510959775 ] ] ] } },
{ "type": "Feature", "properties": { "child_cell_id": "NHPA1K_V1_R+0001005_C+0000505", "parent_cell_id": "NHPA5K_V1_R+000201_C+000101", "claim_status": "GEOMETRY_QA_ONLY_NOT_A_DEER_PRODUCT" }, "geometry": { "type": "Polygon", "coordinates": [ [ [ -88.776776768923355, 48.347432679479454 ], [ -88.762528817124362, 48.346785730450193 ], [ -88.761438778225383, 48.355251574112948 ], [ -88.775688859257613, 48.355898629358592 ], [ -88.776776768923355, 48.347432679479454 ] ] ] } },
{ "type": "Feature", "properties": { "child_cell_id": "NHPA1K_V1_R+0001005_C+0000506", "parent_cell_id": "NHPA5K_V1_R+000201_C+000101", "claim_status": "GEOMETRY_QA_ONLY_NOT_A_DEER_PRODUCT" }, "geometry": { "type": "Polygon", "coordinates": [ [ [ -88.762528817124362, 48.346785730450193 ], [ -88.748281192931216, 48.346137509739748 ], [ -88.747189024946465, 48.354603246981128 ], [ -88.761438778225383, 48.355251574112948 ], [ -88.762528817124362, 48.346785730450193 ] ] ] } },
{ "type": "Feature", "properties": { "child_cell_id": "NHPA1K_V1_R+0001005_C+0000507", "parent_cell_id": "NHPA5K_V1_R+000201_C+000101", "claim_status": "GEOMETRY_QA_ONLY_NOT_A_DEER_PRODUCT" }, "geometry": { "type": "Polygon", "coordinates": [ [ [ -88.748281192931216, 48.346137509739748 ], [ -88.734033896976257, 48.345488017396058 ], [ -88.732939600053498, 48.353953648011 ], [ -88.747189024946465, 48.354603246981128 ], [ -88.748281192931216, 48.346137509739748 ] ] ] } },
{ "type": "Feature", "properties": { "child_cell_id": "NHPA1K_V1_R+0001005_C+0000508", "parent_cell_id": "NHPA5K_V1_R+000201_C+000101", "claim_status": "GEOMETRY_QA_ONLY_NOT_A_DEER_PRODUCT" }, "geometry": { "type": "Polygon", "coordinates": [ [ [ -88.734033896976257, 48.345488017396058 ], [ -88.719786929891725, 48.344837253466977 ], [ -88.718690504178966, 48.353302777250654 ], [ -88.732939600053498, 48.353953648011 ], [ -88.734033896976257, 48.345488017396058 ] ] ] } },
{ "type": "Feature", "properties": { "child_cell_id": "NHPA1K_V1_R+0001005_C+0000509", "parent_cell_id": "NHPA5K_V1_R+000201_C+000101", "claim_status": "GEOMETRY_QA_ONLY_NOT_A_DEER_PRODUCT" }, "geometry": { "type": "Polygon", "coordinates": [ [ [ -88.719786929891725, 48.344837253466977 ], [ -88.705540292309763, 48.344185218000646 ], [ -88.704441737955335, 48.352650634748066 ], [ -88.718690504178966, 48.353302777250654 ], [ -88.719786929891725, 48.344837253466977 ] ] ] } },
{ "type": "Feature", "properties": { "child_cell_id": "NHPA1K_V1_R+0001006_C+0000505", "parent_cell_id": "NHPA5K_V1_R+000201_C+000101", "claim_status": "GEOMETRY_QA_ONLY_NOT_A_DEER_PRODUCT" }, "geometry": { "type": "Polygon", "coordinates": [ [ [ -88.775688859257613, 48.355898629358592 ], [ -88.761438778225383, 48.355251574112948 ], [ -88.760348411573062, 48.363717527768948 ], [ -88.774600622471226, 48.364364689281913 ], [ -88.775688859257613, 48.355898629358592 ] ] ] } },
{ "type": "Feature", "properties": { "child_cell_id": "NHPA1K_V1_R+0001006_C+0000506", "parent_cell_id": "NHPA5K_V1_R+000201_C+000101", "claim_status": "GEOMETRY_QA_ONLY_NOT_A_DEER_PRODUCT" }, "geometry": { "type": "Polygon", "coordinates": [ [ [ -88.761438778225383, 48.355251574112948 ], [ -88.747189024946465, 48.354603246981128 ], [ -88.746096528575777, 48.363069094164729 ], [ -88.760348411573062, 48.363717527768948 ], [ -88.761438778225383, 48.355251574112948 ] ] ] } },
{ "type": "Feature", "properties": { "child_cell_id": "NHPA1K_V1_R+0001006_C+0000507", "parent_cell_id": "NHPA5K_V1_R+000201_C+000101", "claim_status": "GEOMETRY_QA_ONLY_NOT_A_DEER_PRODUCT" }, "geometry": { "type": "Polygon", "coordinates": [ [ [ -88.747189024946465, 48.354603246981128 ], [ -88.732939600053498, 48.353953648011 ], [ -88.731844974112263, 48.362419388517239 ], [ -88.746096528575777, 48.363069094164729 ], [ -88.747189024946465, 48.354603246981128 ] ] ] } },
{ "type": "Feature", "properties": { "child_cell_id": "NHPA1K_V1_R+0001006_C+0000508", "parent_cell_id": "NHPA5K_V1_R+000201_C+000101", "claim_status": "GEOMETRY_QA_ONLY_NOT_A_DEER_PRODUCT" }, "geometry": { "type": "Polygon", "coordinates": [ [ [ -88.732939600053498, 48.353953648011 ], [ -88.718690504178966, 48.353302777250654 ], [ -88.717593748815318, 48.361768410874404 ], [ -88.731844974112263, 48.362419388517239 ], [ -88.732939600053498, 48.353953648011 ] ] ] } },
{ "type": "Feature", "properties": { "child_cell_id": "NHPA1K_V1_R+0001006_C+0000509", "parent_cell_id": "NHPA5K_V1_R+000201_C+000101", "claim_status": "GEOMETRY_QA_ONLY_NOT_A_DEER_PRODUCT" }, "geometry": { "type": "Polygon", "coordinates": [ [ [ -88.718690504178966, 48.353302777250654 ], [ -88.704441737955335, 48.352650634748066 ], [ -88.70334285331765, 48.361116161284372 ], [ -88.717593748815318, 48.361768410874404 ], [ -88.718690504178966, 48.353302777250654 ] ] ] } },
{ "type": "Feature", "properties": { "child_cell_id": "NHPA1K_V1_R+0001007_C+0000505", "parent_cell_id": "NHPA5K_V1_R+000201_C+000101", "claim_status": "GEOMETRY_QA_ONLY_NOT_A_DEER_PRODUCT" }, "geometry": { "type": "Polygon", "coordinates": [ [ [ -88.774600622471226, 48.364364689281913 ], [ -88.760348411573062, 48.363717527768948 ], [ -88.759257717019878, 48.372183591663401 ], [ -88.773512058416955, 48.372830859494577 ], [ -88.774600622471226, 48.364364689281913 ] ] ] } },
{ "type": "Feature", "properties": { "child_cell_id": "NHPA1K_V1_R+0001007_C+0000506", "parent_cell_id": "NHPA5K_V1_R+000201_C+000101", "claim_status": "GEOMETRY_QA_ONLY_NOT_A_DEER_PRODUCT" }, "geometry": { "type": "Polygon", "coordinates": [ [ [ -88.760348411573062, 48.363717527768948 ], [ -88.746096528575777, 48.363069094164729 ], [ -88.745003703671316, 48.371535051535844 ], [ -88.759257717019878, 48.372183591663401 ], [ -88.760348411573062, 48.363717527768948 ] ] ] } },
{ "type": "Feature", "properties": { "child_cell_id": "NHPA1K_V1_R+0001007_C+0000507", "parent_cell_id": "NHPA5K_V1_R+000201_C+000101", "claim_status": "GEOMETRY_QA_ONLY_NOT_A_DEER_PRODUCT" }, "geometry": { "type": "Polygon", "coordinates": [ [ [ -88.746096528575777, 48.363069094164729 ], [ -88.731844974112263, 48.362419388517239 ], [ -88.730750019004461, 48.370885239159733 ], [ -88.745003703671316, 48.371535051535844 ], [ -88.746096528575777, 48.363069094164729 ] ] ] } },
{ "type": "Feature", "properties": { "child_cell_id": "NHPA1K_V1_R+0001007_C+0000508", "parent_cell_id": "NHPA5K_V1_R+000201_C+000101", "claim_status": "GEOMETRY_QA_ONLY_NOT_A_DEER_PRODUCT" }, "geometry": { "type": "Polygon", "coordinates": [ [ [ -88.731844974112263, 48.362419388517239 ], [ -88.717593748815318, 48.361768410874404 ], [ -88.71649666365235, 48.370234154583329 ], [ -88.730750019004461, 48.370885239159733 ], [ -88.731844974112263, 48.362419388517239 ] ] ] } },
{ "type": "Feature", "properties": { "child_cell_id": "NHPA1K_V1_R+0001007_C+0000509", "parent_cell_id": "NHPA5K_V1_R+000201_C+000101", "claim_status": "GEOMETRY_QA_ONLY_NOT_A_DEER_PRODUCT" }, "geometry": { "type": "Polygon", "coordinates": [ [ [ -88.717593748815318, 48.361768410874404 ], [ -88.70334285331765, 48.361116161284372 ], [ -88.702243638248035, 48.369581797854508 ], [ -88.71649666365235, 48.370234154583329 ], [ -88.717593748815318, 48.361768410874404 ] ] ] } },
{ "type": "Feature", "properties": { "child_cell_id": "NHPA1K_V1_R+0001008_C+0000505", "parent_cell_id": "NHPA5K_V1_R+000201_C+000101", "claim_status": "GEOMETRY_QA_ONLY_NOT_A_DEER_PRODUCT" }, "geometry": { "type": "Polygon", "coordinates": [ [ [ -88.773512058416955, 48.372830859494577 ], [ -88.759257717019878, 48.372183591663401 ], [ -88.758166694418136, 48.380649766041614 ], [ -88.772423166947391, 48.381297140241905 ], [ -88.773512058416955, 48.372830859494577 ] ] ] } },
{ "type": "Feature", "properties": { "child_cell_id": "NHPA1K_V1_R+0001008_C+0000506", "parent_cell_id": "NHPA5K_V1_R+000201_C+000101", "claim_status": "GEOMETRY_QA_ONLY_NOT_A_DEER_PRODUCT" }, "geometry": { "type": "Polygon", "coordinates": [ [ [ -88.759257717019878, 48.372183591663401 ], [ -88.745003703671316, 48.371535051535844 ], [ -88.743910550085147, 48.38000111933966 ], [ -88.758166694418136, 48.380649766041614 ], [ -88.759257717019878, 48.372183591663401 ] ] ] } },
{ "type": "Feature", "properties": { "child_cell_id": "NHPA1K_V1_R+0001008_C+0000507", "parent_cell_id": "NHPA5K_V1_R+000201_C+000101", "claim_status": "GEOMETRY_QA_ONLY_NOT_A_DEER_PRODUCT" }, "geometry": { "type": "Polygon", "coordinates": [ [ [ -88.745003703671316, 48.371535051535844 ], [ -88.730750019004461, 48.370885239159733 ], [ -88.729654734581842, 48.379351200183969 ], [ -88.743910550085147, 48.38000111933966 ], [ -88.745003703671316, 48.371535051535844 ] ] ] } },
{ "type": "Feature", "properties": { "child_cell_id": "NHPA1K_V1_R+0001008_C+0000508", "parent_cell_id": "NHPA5K_V1_R+000201_C+000101", "claim_status": "GEOMETRY_QA_ONLY_NOT_A_DEER_PRODUCT" }, "geometry": { "type": "Polygon", "coordinates": [ [ [ -88.730750019004461, 48.370885239159733 ], [ -88.71649666365235, 48.370234154583329 ], [ -88.71539924854163, 48.378700008622587 ], [ -88.729654734581842, 48.379351200183969 ], [ -88.730750019004461, 48.370885239159733 ] ] ] } },
{ "type": "Feature", "properties": { "child_cell_id": "NHPA1K_V1_R+0001008_C+0000509", "parent_cell_id": "NHPA5K_V1_R+000201_C+000101", "claim_status": "GEOMETRY_QA_ONLY_NOT_A_DEER_PRODUCT" }, "geometry": { "type": "Polygon", "coordinates": [ [ [ -88.71649666365235, 48.370234154583329 ], [ -88.702243638248035, 48.369581797854508 ], [ -88.701144092597744, 48.378047544703733 ], [ -88.71539924854163, 48.378700008622587 ], [ -88.71649666365235, 48.370234154583329 ] ] ] } },
{ "type": "Feature", "properties": { "child_cell_id": "NHPA1K_V1_R+0001009_C+0000505", "parent_cell_id": "NHPA5K_V1_R+000201_C+000101", "claim_status": "GEOMETRY_QA_ONLY_NOT_A_DEER_PRODUCT" }, "geometry": { "type": "Polygon", "coordinates": [ [ [ -88.772423166947391, 48.381297140241905 ], [ -88.758166694418136, 48.380649766041614 ], [ -88.757075343620144, 48.389116051149081 ], [ -88.77133394791511, 48.389763531769418 ], [ -88.772423166947391, 48.381297140241905 ] ] ] } },
{ "type": "Feature", "properties": { "child_cell_id": "NHPA1K_V1_R+0001009_C+0000506", "parent_cell_id": "NHPA5K_V1_R+000201_C+000101", "claim_status": "GEOMETRY_QA_ONLY_NOT_A_DEER_PRODUCT" }, "geometry": { "type": "Polygon", "coordinates": [ [ [ -88.758166694418136, 48.380649766041614 ], [ -88.743910550085147, 48.38000111933966 ], [ -88.74281706766925, 48.388467297821634 ], [ -88.757075343620144, 48.389116051149081 ], [ -88.758166694418136, 48.380649766041614 ] ] ] } },
{ "type": "Feature", "properties": { "child_cell_id": "NHPA1K_V1_R+0001009_C+0000507", "parent_cell_id": "NHPA5K_V1_R+000201_C+000101", "claim_status": "GEOMETRY_QA_ONLY_NOT_A_DEER_PRODUCT" }, "geometry": { "type": "Polygon", "coordinates": [ [ [ -88.743910550085147, 48.38000111933966 ], [ -88.729654734581842, 48.379351200183969 ], [ -88.728559120696147, 48.387817271835104 ], [ -88.74281706766925, 48.388467297821634 ], [ -88.743910550085147, 48.38000111933966 ] ] ] } },
{ "type": "Feature", "properties": { "child_cell_id": "NHPA1K_V1_R+0001009_C+0000508", "parent_cell_id": "NHPA5K_V1_R+000201_C+000101", "claim_status": "GEOMETRY_QA_ONLY_NOT_A_DEER_PRODUCT" }, "geometry": { "type": "Polygon", "coordinates": [ [ [ -88.729654734581842, 48.379351200183969 ], [ -88.71539924854163, 48.378700008622587 ], [ -88.714301503334525, 48.387165973237607 ], [ -88.728559120696147, 48.387817271835104 ], [ -88.729654734581842, 48.379351200183969 ] ] ] } },
{ "type": "Feature", "properties": { "child_cell_id": "NHPA1K_V1_R+0001009_C+0000509", "parent_cell_id": "NHPA5K_V1_R+000201_C+000101", "claim_status": "GEOMETRY_QA_ONLY_NOT_A_DEER_PRODUCT" }, "geometry": { "type": "Polygon", "coordinates": [ [ [ -88.71539924854163, 48.378700008622587 ], [ -88.701144092597744, 48.378047544703733 ], [ -88.700044216217904, 48.386513402077348 ], [ -88.714301503334525, 48.387165973237607 ], [ -88.71539924854163, 48.378700008622587 ] ] ] } },
{ "type": "Feature", "properties": { "child_cell_id": "NHPA1K_V1_R+0001180_C-0001250", "parent_cell_id": "NHPA5K_V1_R+000236_C-000250", "claim_status": "GEOMETRY_QA_ONLY_NOT_A_DEER_PRODUCT" }, "geometry": { "type": "Polygon", "coordinates": [ [ [ -114.174746496539484, 48.976545236720852 ], [ -114.160559963407479, 48.978164256440195 ], [ -114.163311905503434, 48.986508790543162 ], [ -114.177500481995139, 48.984889502871752 ], [ -114.174746496539484, 48.976545236720852 ] ] ] } },
{ "type": "Feature", "properties": { "child_cell_id": "NHPA1K_V1_R+0001180_C-0001249", "parent_cell_id": "NHPA5K_V1_R+000236_C-000250", "claim_status": "GEOMETRY_QA_ONLY_NOT_A_DEER_PRODUCT" }, "geometry": { "type": "Polygon", "coordinates": [ [ [ -114.160559963407479, 48.978164256440195 ], [ -114.146372606724199, 48.979782032343557 ], [ -114.149122505095221, 48.988126834216729 ], [ -114.163311905503434, 48.986508790543162 ], [ -114.160559963407479, 48.978164256440195 ] ] ] } },
{ "type": "Feature", "properties": { "child_cell_id": "NHPA1K_V1_R+0001180_C-0001248", "parent_cell_id": "NHPA5K_V1_R+000236_C-000250", "claim_status": "GEOMETRY_QA_ONLY_NOT_A_DEER_PRODUCT" }, "geometry": { "type": "Polygon", "coordinates": [ [ [ -114.146372606724199, 48.979782032343557 ], [ -114.13218442705346, 48.981398564312506 ], [ -114.134932281334599, 48.989743633774204 ], [ -114.149122505095221, 48.988126834216729 ], [ -114.146372606724199, 48.979782032343557 ] ] ] } },
{ "type": "Feature", "properties": { "child_cell_id": "NHPA1K_V1_R+0001180_C-0001247", "parent_cell_id": "NHPA5K_V1_R+000236_C-000250", "claim_status": "GEOMETRY_QA_ONLY_NOT_A_DEER_PRODUCT" }, "geometry": { "type": "Polygon", "coordinates": [ [ [ -114.13218442705346, 48.981398564312506 ], [ -114.117995424959361, 48.983013852228758 ], [ -114.120741234785825, 48.99135918909689 ], [ -114.134932281334599, 48.989743633774204 ], [ -114.13218442705346, 48.981398564312506 ] ] ] } },
{ "type": "Feature", "properties": { "child_cell_id": "NHPA1K_V1_R+0001180_C-0001246", "parent_cell_id": "NHPA5K_V1_R+000236_C-000250", "claim_status": "GEOMETRY_QA_ONLY_NOT_A_DEER_PRODUCT" }, "geometry": { "type": "Polygon", "coordinates": [ [ [ -114.117995424959361, 48.983013852228758 ], [ -114.103805601006215, 48.984627895974015 ], [ -114.106549366013439, 48.992973500066689 ], [ -114.120741234785825, 48.99135918909689 ], [ -114.117995424959361, 48.983013852228758 ] ] ] } },
{ "type": "Feature", "properties": { "child_cell_id": "NHPA1K_V1_R+0001181_C-0001250", "parent_cell_id": "NHPA5K_V1_R+000236_C-000250", "claim_status": "GEOMETRY_QA_ONLY_NOT_A_DEER_PRODUCT" }, "geometry": { "type": "Polygon", "coordinates": [ [ [ -114.177500481995139, 48.984889502871752 ], [ -114.163311905503434, 48.986508790543162 ], [ -114.166064671515926, 48.99485340988705 ], [ -114.180255291931189, 48.993233854136626 ], [ -114.177500481995139, 48.984889502871752 ] ] ] } },
{ "type": "Feature", "properties": { "child_cell_id": "NHPA1K_V1_R+0001181_C-0001249", "parent_cell_id": "NHPA5K_V1_R+000236_C-000250", "claim_status": "GEOMETRY_QA_ONLY_NOT_A_DEER_PRODUCT" }, "geometry": { "type": "Polygon", "coordinates": [ [ [ -114.163311905503434, 48.986508790543162 ], [ -114.149122505095221, 48.988126834216729 ], [ -114.151873226818722, 48.996471721457844 ], [ -114.166064671515926, 48.99485340988705 ], [ -114.163311905503434, 48.986508790543162 ] ] ] } },
{ "type": "Feature", "properties": { "child_cell_id": "NHPA1K_V1_R+0001181_C-0001248", "parent_cell_id": "NHPA5K_V1_R+000236_C-000250", "claim_status": "GEOMETRY_QA_ONLY_NOT_A_DEER_PRODUCT" }, "geometry": { "type": "Polygon", "coordinates": [ [ [ -114.149122505095221, 48.988126834216729 ], [ -114.134932281334599, 48.989743633774204 ], [ -114.137680958403891, 48.998088788730435 ], [ -114.151873226818722, 48.996471721457844 ], [ -114.149122505095221, 48.988126834216729 ] ] ] } },
{ "type": "Feature", "properties": { "child_cell_id": "NHPA1K_V1_R+0001181_C-0001247", "parent_cell_id": "NHPA5K_V1_R+000236_C-000250", "claim_status": "GEOMETRY_QA_ONLY_NOT_A_DEER_PRODUCT" }, "geometry": { "type": "Polygon", "coordinates": [ [ [ -114.134932281334599, 48.989743633774204 ], [ -114.120741234785825, 48.99135918909689 ], [ -114.123487866835958, 48.999704611586438 ], [ -114.137680958403891, 48.998088788730435 ], [ -114.134932281334599, 48.989743633774204 ] ] ] } },
{ "type": "Feature", "properties": { "child_cell_id": "NHPA1K_V1_R+0001181_C-0001246", "parent_cell_id": "NHPA5K_V1_R+000236_C-000250", "claim_status": "GEOMETRY_QA_ONLY_NOT_A_DEER_PRODUCT" }, "geometry": { "type": "Polygon", "coordinates": [ [ [ -114.120741234785825, 48.99135918909689 ], [ -114.106549366013439, 48.992973500066689 ], [ -114.109293952679636, 49.001319189907385 ], [ -114.123487866835958, 48.999704611586438 ], [ -114.120741234785825, 48.99135918909689 ] ] ] } },
{ "type": "Feature", "properties": { "child_cell_id": "NHPA1K_V1_R+0001182_C-0001250", "parent_cell_id": "NHPA5K_V1_R+000236_C-000250", "claim_status": "GEOMETRY_QA_ONLY_NOT_A_DEER_PRODUCT" }, "geometry": { "type": "Polygon", "coordinates": [ [ [ -114.180255291931189, 48.993233854136626 ], [ -114.166064671515926, 48.99485340988705 ], [ -114.168818261810387, 49.003198114697277 ], [ -114.183010926713308, 49.001578290740788 ], [ -114.180255291931189, 48.993233854136626 ] ] ] } },
{ "type": "Feature", "properties": { "child_cell_id": "NHPA1K_V1_R+0001182_C-0001249", "parent_cell_id": "NHPA5K_V1_R+000236_C-000250", "claim_status": "GEOMETRY_QA_ONLY_NOT_A_DEER_PRODUCT" }, "geometry": { "type": "Polygon", "coordinates": [ [ [ -114.166064671515926, 48.99485340988705 ], [ -114.151873226818722, 48.996471721457844 ], [ -114.154624772259879, 49.004816694292217 ], [ -114.168818261810387, 49.003198114697277 ], [ -114.166064671515926, 48.99485340988705 ] ] ] } },
{ "type": "Feature", "properties": { "child_cell_id": "NHPA1K_V1_R+0001182_C-0001248", "parent_cell_id": "NHPA5K_V1_R+000236_C-000250", "claim_status": "GEOMETRY_QA_ONLY_NOT_A_DEER_PRODUCT" }, "geometry": { "type": "Polygon", "coordinates": [ [ [ -114.151873226818722, 48.996471721457844 ], [ -114.137680958403891, 48.998088788730435 ], [ -114.140430458626341, 49.006434029406982 ], [ -114.154624772259879, 49.004816694292217 ], [ -114.151873226818722, 48.996471721457844 ] ] ] } },
{ "type": "Feature", "properties": { "child_cell_id": "NHPA1K_V1_R+0001182_C-0001247", "parent_cell_id": "NHPA5K_V1_R+000236_C-000250", "claim_status": "GEOMETRY_QA_ONLY_NOT_A_DEER_PRODUCT" }, "geometry": { "type": "Polygon", "coordinates": [ [ [ -114.137680958403891, 48.998088788730435 ], [ -114.123487866835958, 48.999704611586438 ], [ -114.126235321474482, 49.008050119923084 ], [ -114.140430458626341, 49.006434029406982 ], [ -114.137680958403891, 48.998088788730435 ] ] ] } },
{ "type": "Feature", "properties": { "child_cell_id": "NHPA1K_V1_R+0001182_C-0001246", "parent_cell_id": "NHPA5K_V1_R+000236_C-000250", "claim_status": "GEOMETRY_QA_ONLY_NOT_A_DEER_PRODUCT" }, "geometry": { "type": "Polygon", "coordinates": [ [ [ -114.123487866835958, 48.999704611586438 ], [ -114.109293952679636, 49.001319189907385 ], [ -114.112039361369284, 49.00966496572196 ], [ -114.126235321474482, 49.008050119923084 ], [ -114.123487866835958, 48.999704611586438 ] ] ] } },
{ "type": "Feature", "properties": { "child_cell_id": "NHPA1K_V1_R+0001183_C-0001250", "parent_cell_id": "NHPA5K_V1_R+000236_C-000250", "claim_status": "GEOMETRY_QA_ONLY_NOT_A_DEER_PRODUCT" }, "geometry": { "type": "Polygon", "coordinates": [ [ [ -114.183010926713308, 49.001578290740788 ], [ -114.168818261810387, 49.003198114697277 ], [ -114.171572676752447, 49.01154290519937 ], [ -114.185767386707354, 49.009922812909643 ], [ -114.183010926713308, 49.001578290740788 ] ] ] } },
{ "type": "Feature", "properties": { "child_cell_id": "NHPA1K_V1_R+0001183_C-0001249", "parent_cell_id": "NHPA5K_V1_R+000236_C-000250", "claim_status": "GEOMETRY_QA_ONLY_NOT_A_DEER_PRODUCT" }, "geometry": { "type": "Polygon", "coordinates": [ [ [ -114.168818261810387, 49.003198114697277 ], [ -114.154624772259879, 49.004816694292217 ], [ -114.157377141784124, 49.013161752945557 ], [ -114.171572676752447, 49.01154290519937 ], [ -114.168818261810387, 49.003198114697277 ] ] ] } },
{ "type": "Feature", "properties": { "child_cell_id": "NHPA1K_V1_R+0001183_C-0001248", "parent_cell_id": "NHPA5K_V1_R+000236_C-000250", "claim_status": "GEOMETRY_QA_ONLY_NOT_A_DEER_PRODUCT" }, "geometry": { "type": "Polygon", "coordinates": [ [ [ -114.154624772259879, 49.004816694292217 ], [ -114.140430458626341, 49.006434029406982 ], [ -114.143180782367125, 49.014779356029479 ], [ -114.157377141784124, 49.013161752945557 ], [ -114.154624772259879, 49.004816694292217 ] ] ] } },
{ "type": "Feature", "properties": { "child_cell_id": "NHPA1K_V1_R+0001183_C-0001247", "parent_cell_id": "NHPA5K_V1_R+000236_C-000250", "claim_status": "GEOMETRY_QA_ONLY_NOT_A_DEER_PRODUCT" }, "geometry": { "type": "Polygon", "coordinates": [ [ [ -114.140430458626341, 49.006434029406982 ], [ -114.126235321474482, 49.008050119923084 ], [ -114.128983599066416, 49.016395714332589 ], [ -114.143180782367125, 49.014779356029479 ], [ -114.140430458626341, 49.006434029406982 ] ] ] } },
{ "type": "Feature", "properties": { "child_cell_id": "NHPA1K_V1_R+0001183_C-0001246", "parent_cell_id": "NHPA5K_V1_R+000236_C-000250", "claim_status": "GEOMETRY_QA_ONLY_NOT_A_DEER_PRODUCT" }, "geometry": { "type": "Polygon", "coordinates": [ [ [ -114.126235321474482, 49.008050119923084 ], [ -114.112039361369284, 49.00966496572196 ], [ -114.114785592447163, 49.018010827736248 ], [ -114.128983599066416, 49.016395714332589 ], [ -114.126235321474482, 49.008050119923084 ] ] ] } },
{ "type": "Feature", "properties": { "child_cell_id": "NHPA1K_V1_R+0001184_C-0001250", "parent_cell_id": "NHPA5K_V1_R+000236_C-000250", "claim_status": "GEOMETRY_QA_ONLY_NOT_A_DEER_PRODUCT" }, "geometry": { "type": "Polygon", "coordinates": [ [ [ -114.185767386707354, 49.009922812909643 ], [ -114.171572676752447, 49.01154290519937 ], [ -114.174327916707981, 49.01988778161914 ], [ -114.188524672279385, 49.018267420868924 ], [ -114.185767386707354, 49.009922812909643 ] ] ] } },
{ "type": "Feature", "properties": { "child_cell_id": "NHPA1K_V1_R+0001184_C-0001249", "parent_cell_id": "NHPA5K_V1_R+000236_C-000250", "claim_status": "GEOMETRY_QA_ONLY_NOT_A_DEER_PRODUCT" }, "geometry": { "type": "Polygon", "coordinates": [ [ [ -114.171572676752447, 49.01154290519937 ], [ -114.157377141784124, 49.013161752945557 ], [ -114.160130335757088, 49.021506897643668 ], [ -114.174327916707981, 49.01988778161914 ], [ -114.171572676752447, 49.01154290519937 ] ] ] } },
{ "type": "Feature", "properties": { "child_cell_id": "NHPA1K_V1_R+0001184_C-0001248", "parent_cell_id": "NHPA5K_V1_R+000236_C-000250", "claim_status": "GEOMETRY_QA_ONLY_NOT_A_DEER_PRODUCT" }, "geometry": { "type": "Polygon", "coordinates": [ [ [ -114.157377141784124, 49.013161752945557 ], [ -114.143180782367125, 49.014779356029479 ], [ -114.145931929991676, 49.023124768823834 ], [ -114.160130335757088, 49.021506897643668 ], [ -114.157377141784124, 49.013161752945557 ] ] ] } },
{ "type": "Feature", "properties": { "child_cell_id": "NHPA1K_V1_R+0001184_C-0001247", "parent_cell_id": "NHPA5K_V1_R+000236_C-000250", "claim_status": "GEOMETRY_QA_ONLY_NOT_A_DEER_PRODUCT" }, "geometry": { "type": "Polygon", "coordinates": [ [ [ -114.143180782367125, 49.014779356029479 ], [ -114.128983599066416, 49.016395714332589 ], [ -114.131732699976922, 49.024741395040913 ], [ -114.145931929991676, 49.023124768823834 ], [ -114.143180782367125, 49.014779356029479 ] ] ] } },
{ "type": "Feature", "properties": { "child_cell_id": "NHPA1K_V1_R+0001184_C-0001246", "parent_cell_id": "NHPA5K_V1_R+000236_C-000250", "claim_status": "GEOMETRY_QA_ONLY_NOT_A_DEER_PRODUCT" }, "geometry": { "type": "Polygon", "coordinates": [ [ [ -114.128983599066416, 49.016395714332589 ], [ -114.114785592447163, 49.018010827736248 ], [ -114.117532646278235, 49.026356776176264 ], [ -114.131732699976922, 49.024741395040913 ], [ -114.128983599066416, 49.016395714332589 ] ] ] } },
{ "type": "Feature", "properties": { "child_cell_id": "NHPA1K_V1_R+0001560_C+0001235", "parent_cell_id": "NHPA5K_V1_R+000312_C+000247", "claim_status": "GEOMETRY_QA_ONLY_NOT_A_DEER_PRODUCT" }, "geometry": { "type": "Polygon", "coordinates": [ [ [ -76.941045949441133, 52.18148896721025 ], [ -76.926026581672573, 52.179776607250275 ], [ -76.922962772801057, 52.188175306520485 ], [ -76.937984421567805, 52.189887986665767 ], [ -76.941045949441133, 52.18148896721025 ] ] ] } },
{ "type": "Feature", "properties": { "child_cell_id": "NHPA1K_V1_R+0001560_C+0001236", "parent_cell_id": "NHPA5K_V1_R+000312_C+000247", "claim_status": "GEOMETRY_QA_ONLY_NOT_A_DEER_PRODUCT" }, "geometry": { "type": "Polygon", "coordinates": [ [ [ -76.926026581672573, 52.179776607250275 ], [ -76.911008184543519, 52.178062926663152 ], [ -76.90794209512886, 52.186461305533413 ], [ -76.922962772801057, 52.188175306520485 ], [ -76.926026581672573, 52.179776607250275 ] ] ] } },
{ "type": "Feature", "properties": { "child_cell_id": "NHPA1K_V1_R+0001560_C+0001237", "parent_cell_id": "NHPA5K_V1_R+000312_C+000247", "claim_status": "GEOMETRY_QA_ONLY_NOT_A_DEER_PRODUCT" }, "geometry": { "type": "Polygon", "coordinates": [ [ [ -76.911008184543519, 52.178062926663152 ], [ -76.895990758713651, 52.176347925598392 ], [ -76.892922389211193, 52.184745983854093 ], [ -76.90794209512886, 52.186461305533413 ], [ -76.911008184543519, 52.178062926663152 ] ] ] } },
{ "type": "Feature", "properties": { "child_cell_id": "NHPA1K_V1_R+0001560_C+0001238", "parent_cell_id": "NHPA5K_V1_R+000312_C+000247", "claim_status": "GEOMETRY_QA_ONLY_NOT_A_DEER_PRODUCT" }, "geometry": { "type": "Polygon", "coordinates": [ [ [ -76.895990758713651, 52.176347925598392 ], [ -76.880974304842411, 52.174631604205523 ], [ -76.877903655707783, 52.183029341632171 ], [ -76.892922389211193, 52.184745983854093 ], [ -76.895990758713651, 52.176347925598392 ] ] ] } },
{ "type": "Feature", "properties": { "child_cell_id": "NHPA1K_V1_R+0001560_C+0001239", "parent_cell_id": "NHPA5K_V1_R+000312_C+000247", "claim_status": "GEOMETRY_QA_ONLY_NOT_A_DEER_PRODUCT" }, "geometry": { "type": "Polygon", "coordinates": [ [ [ -76.880974304842411, 52.174631604205523 ], [ -76.865958823588926, 52.172913962634247 ], [ -76.862885895277998, 52.181311379017558 ], [ -76.877903655707783, 52.183029341632171 ], [ -76.880974304842411, 52.174631604205523 ] ] ] } },
{ "type": "Feature", "properties": { "child_cell_id": "NHPA1K_V1_R+0001561_C+0001235", "parent_cell_id": "NHPA5K_V1_R+000312_C+000247", "claim_status": "GEOMETRY_QA_ONLY_NOT_A_DEER_PRODUCT" }, "geometry": { "type": "Polygon", "coordinates": [ [ [ -76.937984421567805, 52.189887986665767 ], [ -76.922962772801057, 52.188175306520485 ], [ -76.919897992834919, 52.196574190071253 ], [ -76.934921923260148, 52.198287190566859 ], [ -76.937984421567805, 52.189887986665767 ] ] ] } },
{ "type": "Feature", "properties": { "child_cell_id": "NHPA1K_V1_R+0001561_C+0001236", "parent_cell_id": "NHPA5K_V1_R+000312_C+000247", "claim_status": "GEOMETRY_QA_ONLY_NOT_A_DEER_PRODUCT" }, "geometry": { "type": "Polygon", "coordinates": [ [ [ -76.922962772801057, 52.188175306520485 ], [ -76.90794209512886, 52.186461305533413 ], [ -76.904875033959613, 52.194859868518975 ], [ -76.919897992834919, 52.196574190071253 ], [ -76.922962772801057, 52.188175306520485 ] ] ] } },
{ "type": "Feature", "properties": { "child_cell_id": "NHPA1K_V1_R+0001561_C+0001237", "parent_cell_id": "NHPA5K_V1_R+000312_C+000247", "claim_status": "GEOMETRY_QA_ONLY_NOT_A_DEER_PRODUCT" }, "geometry": { "type": "Polygon", "coordinates": [ [ [ -76.90794209512886, 52.186461305533413 ], [ -76.892922389211193, 52.184745983854093 ], [ -76.889853047294466, 52.193144226059829 ], [ -76.904875033959613, 52.194859868518975 ], [ -76.90794209512886, 52.186461305533413 ] ] ] } },
{ "type": "Feature", "properties": { "child_cell_id": "NHPA1K_V1_R+0001561_C+0001238", "parent_cell_id": "NHPA5K_V1_R+000312_C+000247", "claim_status": "GEOMETRY_QA_ONLY_NOT_A_DEER_PRODUCT" }, "geometry": { "type": "Polygon", "coordinates": [ [ [ -76.892922389211193, 52.184745983854093 ], [ -76.877903655707783, 52.183029341632171 ], [ -76.874832033499445, 52.191427262843575 ], [ -76.889853047294466, 52.193144226059829 ], [ -76.892922389211193, 52.184745983854093 ] ] ] } },
{ "type": "Feature", "properties": { "child_cell_id": "NHPA1K_V1_R+0001561_C+0001239", "parent_cell_id": "NHPA5K_V1_R+000312_C+000247", "claim_status": "GEOMETRY_QA_ONLY_NOT_A_DEER_PRODUCT" }, "geometry": { "type": "Polygon", "coordinates": [ [ [ -76.877903655707783, 52.183029341632171 ], [ -76.862885895277998, 52.181311379017558 ], [ -76.859811993234246, 52.189708979020068 ], [ -76.874832033499445, 52.191427262843575 ], [ -76.877903655707783, 52.183029341632171 ] ] ] } },
{ "type": "Feature", "properties": { "child_cell_id": "NHPA1K_V1_R+0001562_C+0001235", "parent_cell_id": "NHPA5K_V1_R+000312_C+000247", "claim_status": "GEOMETRY_QA_ONLY_NOT_A_DEER_PRODUCT" }, "geometry": { "type": "Polygon", "coordinates": [ [ [ -76.934921923260148, 52.198287190566859 ], [ -76.919897992834919, 52.196574190071253 ], [ -76.916832241318815, 52.204973258193633 ], [ -76.931858454063033, 52.206686579204849 ], [ -76.934921923260148, 52.198287190566859 ] ] ] } },
{ "type": "Feature", "properties": { "child_cell_id": "NHPA1K_V1_R+0001562_C+0001236", "parent_cell_id": "NHPA5K_V1_R+000312_C+000247", "claim_status": "GEOMETRY_QA_ONLY_NOT_A_DEER_PRODUCT" }, "geometry": { "type": "Polygon", "coordinates": [ [ [ -76.919897992834919, 52.196574190071253 ], [ -76.904875033959613, 52.194859868518975 ], [ -76.901807000580149, 52.203258615910933 ], [ -76.916832241318815, 52.204973258193633 ], [ -76.919897992834919, 52.196574190071253 ] ] ] } },
{ "type": "Feature", "properties": { "child_cell_id": "NHPA1K_V1_R+0001562_C+0001237", "parent_cell_id": "NHPA5K_V1_R+000312_C+000247", "claim_status": "GEOMETRY_QA_ONLY_NOT_A_DEER_PRODUCT" }, "geometry": { "type": "Polygon", "coordinates": [ [ [ -76.904875033959613, 52.194859868518975 ], [ -76.889853047294466, 52.193144226059829 ], [ -76.886782732507555, 52.201542652506568 ], [ -76.901807000580149, 52.203258615910933 ], [ -76.904875033959613, 52.194859868518975 ] ] ] } },
{ "type": "Feature", "properties": { "child_cell_id": "NHPA1K_V1_R+0001562_C+0001238", "parent_cell_id": "NHPA5K_V1_R+000312_C+000247", "claim_status": "GEOMETRY_QA_ONLY_NOT_A_DEER_PRODUCT" }, "geometry": { "type": "Polygon", "coordinates": [ [ [ -76.889853047294466, 52.193144226059829 ], [ -76.874832033499445, 52.191427262843575 ], [ -76.87175943776127, 52.199825368130391 ], [ -76.886782732507555, 52.201542652506568 ], [ -76.889853047294466, 52.193144226059829 ] ] ] } },
{ "type": "Feature", "properties": { "child_cell_id": "NHPA1K_V1_R+0001562_C+0001239", "parent_cell_id": "NHPA5K_V1_R+000312_C+000247", "claim_status": "GEOMETRY_QA_ONLY_NOT_A_DEER_PRODUCT" }, "geometry": { "type": "Polygon", "coordinates": [ [ [ -76.874832033499445, 52.191427262843575 ], [ -76.859811993234246, 52.189708979020068 ], [ -76.856737117001231, 52.198106762932355 ], [ -76.87175943776127, 52.199825368130391 ], [ -76.874832033499445, 52.191427262843575 ] ] ] } },
{ "type": "Feature", "properties": { "child_cell_id": "NHPA1K_V1_R+0001563_C+0001235", "parent_cell_id": "NHPA5K_V1_R+000312_C+000247", "claim_status": "GEOMETRY_QA_ONLY_NOT_A_DEER_PRODUCT" }, "geometry": { "type": "Polygon", "coordinates": [ [ [ -76.931858454063033, 52.206686579204849 ], [ -76.916832241318815, 52.204973258193633 ], [ -76.913765517797117, 52.213372511179024 ], [ -76.928794013521141, 52.215086152871159 ], [ -76.931858454063033, 52.206686579204849 ] ] ] } },
{ "type": "Feature", "properties": { "child_cell_id": "NHPA1K_V1_R+0001563_C+0001236", "parent_cell_id": "NHPA5K_V1_R+000312_C+000247", "claim_status": "GEOMETRY_QA_ONLY_NOT_A_DEER_PRODUCT" }, "geometry": { "type": "Polygon", "coordinates": [ [ [ -76.916832241318815, 52.204973258193633 ], [ -76.901807000580149, 52.203258615910933 ], [ -76.898737994534585, 52.21165754800051 ], [ -76.913765517797117, 52.213372511179024 ], [ -76.916832241318815, 52.204973258193633 ] ] ] } },
{ "type": "Feature", "properties": { "child_cell_id": "NHPA1K_V1_R+0001563_C+0001237", "parent_cell_id": "NHPA5K_V1_R+000312_C+000247", "claim_status": "GEOMETRY_QA_ONLY_NOT_A_DEER_PRODUCT" }, "geometry": { "type": "Polygon", "coordinates": [ [ [ -76.901807000580149, 52.203258615910933 ], [ -76.886782732507555, 52.201542652506568 ], [ -76.883711444394294, 52.209941263485355 ], [ -76.898737994534585, 52.21165754800051 ], [ -76.901807000580149, 52.203258615910933 ] ] ] } },
{ "type": "Feature", "properties": { "child_cell_id": "NHPA1K_V1_R+0001563_C+0001238", "parent_cell_id": "NHPA5K_V1_R+000312_C+000247", "claim_status": "GEOMETRY_QA_ONLY_NOT_A_DEER_PRODUCT" }, "geometry": { "type": "Polygon", "coordinates": [ [ [ -76.886782732507555, 52.201542652506568 ], [ -76.87175943776127, 52.199825368130391 ], [ -76.868685868036778, 52.208223657783698 ], [ -76.883711444394294, 52.209941263485355 ], [ -76.886782732507555, 52.201542652506568 ] ] ] } },
{ "type": "Feature", "properties": { "child_cell_id": "NHPA1K_V1_R+0001563_C+0001239", "parent_cell_id": "NHPA5K_V1_R+000312_C+000247", "claim_status": "GEOMETRY_QA_ONLY_NOT_A_DEER_PRODUCT" }, "geometry": { "type": "Polygon", "coordinates": [ [ [ -76.87175943776127, 52.199825368130391 ], [ -76.856737117001231, 52.198106762932355 ], [ -76.853661266122245, 52.206504731045563 ], [ -76.868685868036778, 52.208223657783698 ], [ -76.87175943776127, 52.199825368130391 ] ] ] } },
{ "type": "Feature", "properties": { "child_cell_id": "NHPA1K_V1_R+0001564_C+0001235", "parent_cell_id": "NHPA5K_V1_R+000312_C+000247", "claim_status": "GEOMETRY_QA_ONLY_NOT_A_DEER_PRODUCT" }, "geometry": { "type": "Polygon", "coordinates": [ [ [ -76.928794013521141, 52.215086152871159 ], [ -76.913765517797117, 52.213372511179024 ], [ -76.910697821813883, 52.221771949319141 ], [ -76.925728601178761, 52.223485911857594 ], [ -76.928794013521141, 52.215086152871159 ] ] ] } },
{ "type": "Feature", "properties": { "child_cell_id": "NHPA1K_V1_R+0001564_C+0001236", "parent_cell_id": "NHPA5K_V1_R+000312_C+000247", "claim_status": "GEOMETRY_QA_ONLY_NOT_A_DEER_PRODUCT" }, "geometry": { "type": "Polygon", "coordinates": [ [ [ -76.913765517797117, 52.213372511179024 ], [ -76.898737994534585, 52.21165754800051 ], [ -76.895668015366709, 52.220056665079163 ], [ -76.910697821813883, 52.221771949319141 ], [ -76.913765517797117, 52.213372511179024 ] ] ] } },
{ "type": "Feature", "properties": { "child_cell_id": "NHPA1K_V1_R+0001564_C+0001237", "parent_cell_id": "NHPA5K_V1_R+000312_C+000247", "claim_status": "GEOMETRY_QA_ONLY_NOT_A_DEER_PRODUCT" }, "geometry": { "type": "Polygon", "coordinates": [ [ [ -76.898737994534585, 52.21165754800051 ], [ -76.883711444394294, 52.209941263485355 ], [ -76.880639182498228, 52.218340059287677 ], [ -76.895668015366709, 52.220056665079163 ], [ -76.898737994534585, 52.21165754800051 ] ] ] } },
{ "type": "Feature", "properties": { "child_cell_id": "NHPA1K_V1_R+0001564_C+0001238", "parent_cell_id": "NHPA5K_V1_R+000312_C+000247", "claim_status": "GEOMETRY_QA_ONLY_NOT_A_DEER_PRODUCT" }, "geometry": { "type": "Polygon", "coordinates": [ [ [ -76.883711444394294, 52.209941263485355 ], [ -76.868685868036778, 52.208223657783698 ], [ -76.86561132386926, 52.216622132094734 ], [ -76.880639182498228, 52.218340059287677 ], [ -76.883711444394294, 52.209941263485355 ] ] ] } },
{ "type": "Feature", "properties": { "child_cell_id": "NHPA1K_V1_R+0001564_C+0001239", "parent_cell_id": "NHPA5K_V1_R+000312_C+000247", "claim_status": "GEOMETRY_QA_ONLY_NOT_A_DEER_PRODUCT" }, "geometry": { "type": "Polygon", "coordinates": [ [ [ -76.868685868036778, 52.208223657783698 ], [ -76.853661266122245, 52.206504731045563 ], [ -76.850584440140281, 52.214902883650531 ], [ -76.86561132386926, 52.216622132094734 ], [ -76.868685868036778, 52.208223657783698 ] ] ] } },
{ "type": "Feature", "properties": { "child_cell_id": "NHPA1K_V1_R+0002220_C-0000390", "parent_cell_id": "NHPA5K_V1_R+000444_C-000078", "claim_status": "GEOMETRY_QA_ONLY_NOT_A_DEER_PRODUCT" }, "geometry": { "type": "Polygon", "coordinates": [ [ [ -102.834873181955828, 58.89085079742825 ], [ -102.817408304614617, 58.891490528419432 ], [ -102.818666701713099, 58.900359887382827 ], [ -102.836134780471298, 58.899719993415587 ], [ -102.834873181955828, 58.89085079742825 ] ] ] } },
{ "type": "Feature", "properties": { "child_cell_id": "NHPA1K_V1_R+0002220_C-0000389", "parent_cell_id": "NHPA5K_V1_R+000444_C-000078", "claim_status": "GEOMETRY_QA_ONLY_NOT_A_DEER_PRODUCT" }, "geometry": { "type": "Polygon", "coordinates": [ [ [ -102.817408304614617, 58.891490528419432 ], [ -102.799942963680834, 58.892128628675898 ], [ -102.801198159106463, 58.900998150207037 ], [ -102.818666701713099, 58.900359887382827 ], [ -102.817408304614617, 58.891490528419432 ] ] ] } },
{ "type": "Feature", "properties": { "child_cell_id": "NHPA1K_V1_R+0002220_C-0000388", "parent_cell_id": "NHPA5K_V1_R+000444_C-000078", "claim_status": "GEOMETRY_QA_ONLY_NOT_A_DEER_PRODUCT" }, "geometry": { "type": "Polygon", "coordinates": [ [ [ -102.799942963680834, 58.892128628675898 ], [ -102.782477160321719, 58.892765098108022 ], [ -102.783729153819252, 58.90163478179857 ], [ -102.801198159106463, 58.900998150207037 ], [ -102.799942963680834, 58.892128628675898 ] ] ] } },
{ "type": "Feature", "properties": { "child_cell_id": "NHPA1K_V1_R+0002220_C-0000387", "parent_cell_id": "NHPA5K_V1_R+000444_C-000078", "claim_status": "GEOMETRY_QA_ONLY_NOT_A_DEER_PRODUCT" }, "geometry": { "type": "Polygon", "coordinates": [ [ [ -102.782477160321719, 58.892765098108022 ], [ -102.765010895704691, 58.893399936626565 ], [ -102.766259687019513, 58.902269782067982 ], [ -102.783729153819252, 58.90163478179857 ], [ -102.782477160321719, 58.892765098108022 ] ] ] } },
{ "type": "Feature", "properties": { "child_cell_id": "NHPA1K_V1_R+0002220_C-0000386", "parent_cell_id": "NHPA5K_V1_R+000444_C-000078", "claim_status": "GEOMETRY_QA_ONLY_NOT_A_DEER_PRODUCT" }, "geometry": { "type": "Polygon", "coordinates": [ [ [ -102.765010895704691, 58.893399936626565 ], [ -102.747544170997358, 58.894033144142441 ], [ -102.748789759875507, 58.902903150926079 ], [ -102.766259687019513, 58.902269782067982 ], [ -102.765010895704691, 58.893399936626565 ] ] ] } },
{ "type": "Feature", "properties": { "child_cell_id": "NHPA1K_V1_R+0002221_C-0000390", "parent_cell_id": "NHPA5K_V1_R+000444_C-000078", "claim_status": "GEOMETRY_QA_ONLY_NOT_A_DEER_PRODUCT" }, "geometry": { "type": "Polygon", "coordinates": [ [ [ -102.836134780471298, 58.899719993415587 ], [ -102.818666701713099, 58.900359887382827 ], [ -102.819925562660089, 58.909229863322452 ], [ -102.837396844002924, 58.90858980626858 ], [ -102.836134780471298, 58.899719993415587 ] ] ] } },
{ "type": "Feature", "properties": { "child_cell_id": "NHPA1K_V1_R+0002221_C-0000389", "parent_cell_id": "NHPA5K_V1_R+000444_C-000078", "claim_status": "GEOMETRY_QA_ONLY_NOT_A_DEER_PRODUCT" }, "geometry": { "type": "Polygon", "coordinates": [ [ [ -102.818666701713099, 58.900359887382827 ], [ -102.801198159106463, 58.900998150207037 ], [ -102.802453817212708, 58.909868288824583 ], [ -102.819925562660089, 58.909229863322452 ], [ -102.818666701713099, 58.900359887382827 ] ] ] } },
{ "type": "Feature", "properties": { "child_cell_id": "NHPA1K_V1_R+0002221_C-0000388", "parent_cell_id": "NHPA5K_V1_R+000444_C-000078", "claim_status": "GEOMETRY_QA_ONLY_NOT_A_DEER_PRODUCT" }, "geometry": { "type": "Polygon", "coordinates": [ [ [ -102.801198159106463, 58.900998150207037 ], [ -102.783729153819252, 58.90163478179857 ], [ -102.784981608829327, 58.910505082685475 ], [ -102.802453817212708, 58.909868288824583 ], [ -102.801198159106463, 58.900998150207037 ] ] ] } },
{ "type": "Feature", "properties": { "child_cell_id": "NHPA1K_V1_R+0002221_C-0000387", "parent_cell_id": "NHPA5K_V1_R+000444_C-000078", "claim_status": "GEOMETRY_QA_ONLY_NOT_A_DEER_PRODUCT" }, "geometry": { "type": "Polygon", "coordinates": [ [ [ -102.783729153819252, 58.90163478179857 ], [ -102.766259687019513, 58.902269782067982 ], [ -102.767508938678645, 58.911140244815449 ], [ -102.784981608829327, 58.910505082685475 ], [ -102.783729153819252, 58.90163478179857 ] ] ] } },
{ "type": "Feature", "properties": { "child_cell_id": "NHPA1K_V1_R+0002221_C-0000386", "parent_cell_id": "NHPA5K_V1_R+000444_C-000078", "claim_status": "GEOMETRY_QA_ONLY_NOT_A_DEER_PRODUCT" }, "geometry": { "type": "Polygon", "coordinates": [ [ [ -102.766259687019513, 58.902269782067982 ], [ -102.748789759875507, 58.902903150926079 ], [ -102.750035807929521, 58.911773775125333 ], [ -102.767508938678645, 58.911140244815449 ], [ -102.766259687019513, 58.902269782067982 ] ] ] } },
{ "type": "Feature", "properties": { "child_cell_id": "NHPA1K_V1_R+0002222_C-0000390", "parent_cell_id": "NHPA5K_V1_R+000444_C-000078", "claim_status": "GEOMETRY_QA_ONLY_NOT_A_DEER_PRODUCT" }, "geometry": { "type": "Polygon", "coordinates": [ [ [ -102.837396844002924, 58.90858980626858 ], [ -102.819925562660089, 58.909229863322452 ], [ -102.82118488771161, 58.91810045693363 ], [ -102.838659372807442, 58.917460236682558 ], [ -102.837396844002924, 58.90858980626858 ] ] ] } },
{ "type": "Feature", "properties": { "child_cell_id": "NHPA1K_V1_R+0002222_C-0000389", "parent_cell_id": "NHPA5K_V1_R+000444_C-000078", "claim_status": "GEOMETRY_QA_ONLY_NOT_A_DEER_PRODUCT" }, "geometry": { "type": "Polygon", "coordinates": [ [ [ -102.819925562660089, 58.909229863322452 ], [ -102.802453817212708, 58.909868288824583 ], [ -102.803709938254997, 58.918739045224164 ], [ -102.82118488771161, 58.91810045693363 ], [ -102.819925562660089, 58.909229863322452 ] ] ] } },
{ "type": "Feature", "properties": { "child_cell_id": "NHPA1K_V1_R+0002222_C-0000388", "parent_cell_id": "NHPA5K_V1_R+000444_C-000078", "claim_status": "GEOMETRY_QA_ONLY_NOT_A_DEER_PRODUCT" }, "geometry": { "type": "Polygon", "coordinates": [ [ [ -102.802453817212708, 58.909868288824583 ], [ -102.784981608829327, 58.910505082685475 ], [ -102.786234525606744, 58.919376001464506 ], [ -102.803709938254997, 58.918739045224164 ], [ -102.802453817212708, 58.909868288824583 ] ] ] } },
{ "type": "Feature", "properties": { "child_cell_id": "NHPA1K_V1_R+0002222_C-0000387", "parent_cell_id": "NHPA5K_V1_R+000444_C-000078", "claim_status": "GEOMETRY_QA_ONLY_NOT_A_DEER_PRODUCT" }, "geometry": { "type": "Polygon", "coordinates": [ [ [ -102.784981608829327, 58.910505082685475 ], [ -102.767508938678645, 58.911140244815449 ], [ -102.768758650936221, 58.920011325564928 ], [ -102.786234525606744, 58.919376001464506 ], [ -102.784981608829327, 58.910505082685475 ] ] ] } },
{ "type": "Feature", "properties": { "child_cell_id": "NHPA1K_V1_R+0002222_C-0000386", "parent_cell_id": "NHPA5K_V1_R+000444_C-000078", "claim_status": "GEOMETRY_QA_ONLY_NOT_A_DEER_PRODUCT" }, "geometry": { "type": "Polygon", "coordinates": [ [ [ -102.767508938678645, 58.911140244815449 ], [ -102.750035807929521, 58.911773775125333 ], [ -102.751282315412908, 58.920645017436229 ], [ -102.768758650936221, 58.920011325564928 ], [ -102.767508938678645, 58.911140244815449 ] ] ] } },
{ "type": "Feature", "properties": { "child_cell_id": "NHPA1K_V1_R+0002223_C-0000390", "parent_cell_id": "NHPA5K_V1_R+000444_C-000078", "claim_status": "GEOMETRY_QA_ONLY_NOT_A_DEER_PRODUCT" }, "geometry": { "type": "Polygon", "coordinates": [ [ [ -102.838659372807442, 58.917460236682558 ], [ -102.82118488771161, 58.91810045693363 ], [ -102.822444677123926, 58.926971668912728 ], [ -102.83992236714171, 58.926331285353697 ], [ -102.838659372807442, 58.917460236682558 ] ] ] } },
{ "type": "Feature", "properties": { "child_cell_id": "NHPA1K_V1_R+0002223_C-0000389", "parent_cell_id": "NHPA5K_V1_R+000444_C-000078", "claim_status": "GEOMETRY_QA_ONLY_NOT_A_DEER_PRODUCT" }, "geometry": { "type": "Polygon", "coordinates": [ [ [ -102.82118488771161, 58.91810045693363 ], [ -102.803709938254997, 58.918739045224164 ], [ -102.80496652248894, 58.927610420102269 ], [ -102.822444677123926, 58.926971668912728 ], [ -102.82118488771161, 58.91810045693363 ] ] ] } },
{ "type": "Feature", "properties": { "child_cell_id": "NHPA1K_V1_R+0002223_C-0000388", "parent_cell_id": "NHPA5K_V1_R+000444_C-000078", "claim_status": "GEOMETRY_QA_ONLY_NOT_A_DEER_PRODUCT" }, "geometry": { "type": "Polygon", "coordinates": [ [ [ -102.803709938254997, 58.918739045224164 ], [ -102.786234525606744, 58.919376001464506 ], [ -102.787487904406504, 58.928247538832196 ], [ -102.80496652248894, 58.927610420102269 ], [ -102.803709938254997, 58.918739045224164 ] ] ] } },
{ "type": "Feature", "properties": { "child_cell_id": "NHPA1K_V1_R+0002223_C-0000387", "parent_cell_id": "NHPA5K_V1_R+000444_C-000078", "claim_status": "GEOMETRY_QA_ONLY_NOT_A_DEER_PRODUCT" }, "geometry": { "type": "Polygon", "coordinates": [ [ [ -102.786234525606744, 58.919376001464506 ], [ -102.768758650936221, 58.920011325564928 ], [ -102.770008824046599, 58.928883025013086 ], [ -102.787487904406504, 58.928247538832196 ], [ -102.786234525606744, 58.919376001464506 ] ] ] } },
{ "type": "Feature", "properties": { "child_cell_id": "NHPA1K_V1_R+0002223_C-0000386", "parent_cell_id": "NHPA5K_V1_R+000444_C-000078", "claim_status": "GEOMETRY_QA_ONLY_NOT_A_DEER_PRODUCT" }, "geometry": { "type": "Polygon", "coordinates": [ [ [ -102.768758650936221, 58.920011325564928 ], [ -102.751282315412908, 58.920645017436229 ], [ -102.752529282579403, 58.929516878555326 ], [ -102.770008824046599, 58.928883025013086 ], [ -102.768758650936221, 58.920011325564928 ] ] ] } },
{ "type": "Feature", "properties": { "child_cell_id": "NHPA1K_V1_R+0002224_C-0000390", "parent_cell_id": "NHPA5K_V1_R+000444_C-000078", "claim_status": "GEOMETRY_QA_ONLY_NOT_A_DEER_PRODUCT" }, "geometry": { "type": "Polygon", "coordinates": [ [ [ -102.83992236714171, 58.926331285353697 ], [ -102.822444677123926, 58.926971668912728 ], [ -102.8237049311535, 58.935843499957024 ], [ -102.841185827262805, 58.935202952978969 ], [ -102.83992236714171, 58.926331285353697 ] ] ] } },
{ "type": "Feature", "properties": { "child_cell_id": "NHPA1K_V1_R+0002224_C-0000389", "parent_cell_id": "NHPA5K_V1_R+000444_C-000078", "claim_status": "GEOMETRY_QA_ONLY_NOT_A_DEER_PRODUCT" }, "geometry": { "type": "Polygon", "coordinates": [ [ [ -102.822444677123926, 58.926971668912728 ], [ -102.80496652248894, 58.927610420102269 ], [ -102.806223570170332, 58.936482414155982 ], [ -102.8237049311535, 58.935843499957024 ], [ -102.822444677123926, 58.926971668912728 ] ] ] } },
{ "type": "Feature", "properties": { "child_cell_id": "NHPA1K_V1_R+0002224_C-0000388", "parent_cell_id": "NHPA5K_V1_R+000444_C-000078", "claim_status": "GEOMETRY_QA_ONLY_NOT_A_DEER_PRODUCT" }, "geometry": { "type": "Polygon", "coordinates": [ [ [ -102.80496652248894, 58.927610420102269 ], [ -102.787487904406504, 58.928247538832196 ], [ -102.788741745483748, 58.937119695485968 ], [ -102.806223570170332, 58.936482414155982 ], [ -102.80496652248894, 58.927610420102269 ] ] ] } },
{ "type": "Feature", "properties": { "child_cell_id": "NHPA1K_V1_R+0002224_C-0000387", "parent_cell_id": "NHPA5K_V1_R+000444_C-000078", "claim_status": "GEOMETRY_QA_ONLY_NOT_A_DEER_PRODUCT" }, "geometry": { "type": "Polygon", "coordinates": [ [ [ -102.787487904406504, 58.928247538832196 ], [ -102.770008824046599, 58.928883025013086 ], [ -102.771259458264339, 58.937755343857376 ], [ -102.788741745483748, 58.937119695485968 ], [ -102.787487904406504, 58.928247538832196 ] ] ] } },
{ "type": "Feature", "properties": { "child_cell_id": "NHPA1K_V1_R+0002224_C-0000386", "parent_cell_id": "NHPA5K_V1_R+000444_C-000078", "claim_status": "GEOMETRY_QA_ONLY_NOT_A_DEER_PRODUCT" }, "geometry": { "type": "Polygon", "coordinates": [ [ [ -102.770008824046599, 58.928883025013086 ], [ -102.752529282579403, 58.929516878555326 ], [ -102.75377670968291, 58.938389359180491 ], [ -102.771259458264339, 58.937755343857376 ], [ -102.770008824046599, 58.928883025013086 ] ] ] } },
{ "type": "Feature", "properties": { "child_cell_id": "NHPA1K_V1_R-0000120_C+0001610", "parent_cell_id": "NHPA5K_V1_R-000024_C+000322", "claim_status": "GEOMETRY_QA_ONLY_NOT_A_DEER_PRODUCT" }, "geometry": { "type": "Polygon", "coordinates": [ [ [ -76.557806286343123, 37.574470028348976 ], [ -76.546066475723535, 37.572737301346692 ], [ -76.543622675972784, 37.581064403089513 ], [ -76.555363877652439, 37.582797320614013 ], [ -76.557806286343123, 37.574470028348976 ] ] ] } },
{ "type": "Feature", "properties": { "child_cell_id": "NHPA1K_V1_R-0000120_C+0001611", "parent_cell_id": "NHPA5K_V1_R-000024_C+000322", "claim_status": "GEOMETRY_QA_ONLY_NOT_A_DEER_PRODUCT" }, "geometry": { "type": "Polygon", "coordinates": [ [ [ -76.546066475723535, 37.572737301346692 ], [ -76.534327270290419, 37.571003538121161 ], [ -76.531882079701219, 37.57933044924421 ], [ -76.543622675972784, 37.581064403089513 ], [ -76.546066475723535, 37.572737301346692 ] ] ] } },
{ "type": "Feature", "properties": { "child_cell_id": "NHPA1K_V1_R-0000120_C+0001612", "parent_cell_id": "NHPA5K_V1_R-000024_C+000322", "claim_status": "GEOMETRY_QA_ONLY_NOT_A_DEER_PRODUCT" }, "geometry": { "type": "Polygon", "coordinates": [ [ [ -76.534327270290419, 37.571003538121161 ], [ -76.522588670356981, 37.569268738741791 ], [ -76.520142089151079, 37.577595459147631 ], [ -76.531882079701219, 37.57933044924421 ], [ -76.534327270290419, 37.571003538121161 ] ] ] } },
{ "type": "Feature", "properties": { "child_cell_id": "NHPA1K_V1_R-0000120_C+0001613", "parent_cell_id": "NHPA5K_V1_R-000024_C+000322", "claim_status": "GEOMETRY_QA_ONLY_NOT_A_DEER_PRODUCT" }, "geometry": { "type": "Polygon", "coordinates": [ [ [ -76.522588670356981, 37.569268738741791 ], [ -76.510850676236302, 37.567532903278185 ], [ -76.508402704635557, 37.575859432869407 ], [ -76.520142089151079, 37.577595459147631 ], [ -76.522588670356981, 37.569268738741791 ] ] ] } },
{ "type": "Feature", "properties": { "child_cell_id": "NHPA1K_V1_R-0000120_C+0001614", "parent_cell_id": "NHPA5K_V1_R-000024_C+000322", "claim_status": "GEOMETRY_QA_ONLY_NOT_A_DEER_PRODUCT" }, "geometry": { "type": "Polygon", "coordinates": [ [ [ -76.510850676236302, 37.567532903278185 ], [ -76.499113288241432, 37.565796031800041 ], [ -76.496663926467747, 37.574122370479195 ], [ -76.508402704635557, 37.575859432869407 ], [ -76.510850676236302, 37.567532903278185 ] ] ] } },
{ "type": "Feature", "properties": { "child_cell_id": "NHPA1K_V1_R-0000119_C+0001610", "parent_cell_id": "NHPA5K_V1_R-000024_C+000322", "claim_status": "GEOMETRY_QA_ONLY_NOT_A_DEER_PRODUCT" }, "geometry": { "type": "Polygon", "coordinates": [ [ [ -76.555363877652439, 37.582797320614013 ], [ -76.543622675972784, 37.581064403089513 ], [ -76.541178270813901, 37.589391344472247 ], [ -76.552920863867058, 37.591124452594379 ], [ -76.555363877652439, 37.582797320614013 ] ] ] } },
{ "type": "Feature", "properties": { "child_cell_id": "NHPA1K_V1_R-0000119_C+0001611", "parent_cell_id": "NHPA5K_V1_R-000024_C+000322", "claim_status": "GEOMETRY_QA_ONLY_NOT_A_DEER_PRODUCT" }, "geometry": { "type": "Polygon", "coordinates": [ [ [ -76.543622675972784, 37.581064403089513 ], [ -76.531882079701219, 37.57933044924421 ], [ -76.529436283390595, 37.58765719993179 ], [ -76.541178270813901, 37.589391344472247 ], [ -76.543622675972784, 37.581064403089513 ] ] ] } },
{ "type": "Feature", "properties": { "child_cell_id": "NHPA1K_V1_R-0000119_C+0001612", "parent_cell_id": "NHPA5K_V1_R-000024_C+000322", "claim_status": "GEOMETRY_QA_ONLY_NOT_A_DEER_PRODUCT" }, "geometry": { "type": "Polygon", "coordinates": [ [ [ -76.531882079701219, 37.57933044924421 ], [ -76.520142089151079, 37.577595459147631 ], [ -76.517694901910559, 37.585922019042627 ], [ -76.529436283390595, 37.58765719993179 ], [ -76.531882079701219, 37.57933044924421 ] ] ] } },
{ "type": "Feature", "properties": { "child_cell_id": "NHPA1K_V1_R-0000119_C+0001613", "parent_cell_id": "NHPA5K_V1_R-000024_C+000322", "claim_status": "GEOMETRY_QA_ONLY_NOT_A_DEER_PRODUCT" }, "geometry": { "type": "Polygon", "coordinates": [ [ [ -76.520142089151079, 37.577595459147631 ], [ -76.508402704635557, 37.575859432869407 ], [ -76.505954126687072, 37.584185801874362 ], [ -76.517694901910559, 37.585922019042627 ], [ -76.520142089151079, 37.577595459147631 ] ] ] } },
{ "type": "Feature", "properties": { "child_cell_id": "NHPA1K_V1_R-0000119_C+0001614", "parent_cell_id": "NHPA5K_V1_R-000024_C+000322", "claim_status": "GEOMETRY_QA_ONLY_NOT_A_DEER_PRODUCT" }, "geometry": { "type": "Polygon", "coordinates": [ [ [ -76.508402704635557, 37.575859432869407 ], [ -76.496663926467747, 37.574122370479195 ], [ -76.494213958033342, 37.582448548496686 ], [ -76.505954126687072, 37.584185801874362 ], [ -76.508402704635557, 37.575859432869407 ] ] ] } },
{ "type": "Feature", "properties": { "child_cell_id": "NHPA1K_V1_R-0000118_C+0001610", "parent_cell_id": "NHPA5K_V1_R-000024_C+000322", "claim_status": "GEOMETRY_QA_ONLY_NOT_A_DEER_PRODUCT" }, "geometry": { "type": "Polygon", "coordinates": [ [ [ -76.552920863867058, 37.591124452594379 ], [ -76.541178270813901, 37.589391344472247 ], [ -76.538733260025154, 37.597718125620155 ], [ -76.550477244765304, 37.599451424415236 ], [ -76.552920863867058, 37.591124452594379 ] ] ] } },
{ "type": "Feature", "properties": { "child_cell_id": "NHPA1K_V1_R-0000118_C+0001611", "parent_cell_id": "NHPA5K_V1_R-000024_C+000322", "claim_status": "GEOMETRY_QA_ONLY_NOT_A_DEER_PRODUCT" }, "geometry": { "type": "Polygon", "coordinates": [ [ [ -76.541178270813901, 37.589391344472247 ], [ -76.529436283390595, 37.58765719993179 ], [ -76.526989881136686, 37.595983790309212 ], [ -76.538733260025154, 37.597718125620155 ], [ -76.541178270813901, 37.589391344472247 ] ] ] } },
{ "type": "Feature", "properties": { "child_cell_id": "NHPA1K_V1_R-0000118_C+0001612", "parent_cell_id": "NHPA5K_V1_R-000024_C+000322", "claim_status": "GEOMETRY_QA_ONLY_NOT_A_DEER_PRODUCT" }, "geometry": { "type": "Polygon", "coordinates": [ [ [ -76.529436283390595, 37.58765719993179 ], [ -76.517694901910559, 37.585922019042627 ], [ -76.515247108413433, 37.594248418552041 ], [ -76.526989881136686, 37.595983790309212 ], [ -76.529436283390595, 37.58765719993179 ] ] ] } },
{ "type": "Feature", "properties": { "child_cell_id": "NHPA1K_V1_R-0000118_C+0001613", "parent_cell_id": "NHPA5K_V1_R-000024_C+000322", "claim_status": "GEOMETRY_QA_ONLY_NOT_A_DEER_PRODUCT" }, "geometry": { "type": "Polygon", "coordinates": [ [ [ -76.517694901910559, 37.585922019042627 ], [ -76.505954126687072, 37.584185801874362 ], [ -76.503504942168817, 37.592512010418297 ], [ -76.515247108413433, 37.594248418552041 ], [ -76.517694901910559, 37.585922019042627 ] ] ] } },
{ "type": "Feature", "properties": { "child_cell_id": "NHPA1K_V1_R-0000118_C+0001614", "parent_cell_id": "NHPA5K_V1_R-000024_C+000322", "claim_status": "GEOMETRY_QA_ONLY_NOT_A_DEER_PRODUCT" }, "geometry": { "type": "Polygon", "coordinates": [ [ [ -76.505954126687072, 37.584185801874362 ], [ -76.494213958033342, 37.582448548496686 ], [ -76.491763382716087, 37.590774565977632 ], [ -76.503504942168817, 37.592512010418297 ], [ -76.505954126687072, 37.584185801874362 ] ] ] } },
{ "type": "Feature", "properties": { "child_cell_id": "NHPA1K_V1_R-0000117_C+0001610", "parent_cell_id": "NHPA5K_V1_R-000024_C+000322", "claim_status": "GEOMETRY_QA_ONLY_NOT_A_DEER_PRODUCT" }, "geometry": { "type": "Polygon", "coordinates": [ [ [ -76.550477244765304, 37.599451424415236 ], [ -76.538733260025154, 37.597718125620155 ], [ -76.536287643384668, 37.606044746658519 ], [ -76.548033020125445, 37.607778236201916 ], [ -76.550477244765304, 37.599451424415236 ] ] ] } },
{ "type": "Feature", "properties": { "child_cell_id": "NHPA1K_V1_R-0000117_C+0001611", "parent_cell_id": "NHPA5K_V1_R-000024_C+000322", "claim_status": "GEOMETRY_QA_ONLY_NOT_A_DEER_PRODUCT" }, "geometry": { "type": "Polygon", "coordinates": [ [ [ -76.538733260025154, 37.597718125620155 ], [ -76.526989881136686, 37.595983790309212 ], [ -76.524542872717561, 37.604310220501723 ], [ -76.536287643384668, 37.606044746658519 ], [ -76.538733260025154, 37.597718125620155 ] ] ] } },
{ "type": "Feature", "properties": { "child_cell_id": "NHPA1K_V1_R-0000117_C+0001612", "parent_cell_id": "NHPA5K_V1_R-000024_C+000322", "claim_status": "GEOMETRY_QA_ONLY_NOT_A_DEER_PRODUCT" }, "geometry": { "type": "Polygon", "coordinates": [ [ [ -76.526989881136686, 37.595983790309212 ], [ -76.515247108413433, 37.594248418552041 ], [ -76.512798708437714, 37.602574657801028 ], [ -76.524542872717561, 37.604310220501723 ], [ -76.526989881136686, 37.595983790309212 ] ] ] } },
{ "type": "Feature", "properties": { "child_cell_id": "NHPA1K_V1_R-0000117_C+0001613", "parent_cell_id": "NHPA5K_V1_R-000024_C+000322", "claim_status": "GEOMETRY_QA_ONLY_NOT_A_DEER_PRODUCT" }, "geometry": { "type": "Polygon", "coordinates": [ [ [ -76.515247108413433, 37.594248418552041 ], [ -76.503504942168817, 37.592512010418297 ], [ -76.501055150858633, 37.600838058626245 ], [ -76.512798708437714, 37.602574657801028 ], [ -76.515247108413433, 37.594248418552041 ] ] ] } },
{ "type": "Feature", "properties": { "child_cell_id": "NHPA1K_V1_R-0000117_C+0001614", "parent_cell_id": "NHPA5K_V1_R-000024_C+000322", "claim_status": "GEOMETRY_QA_ONLY_NOT_A_DEER_PRODUCT" }, "geometry": { "type": "Polygon", "coordinates": [ [ [ -76.503504942168817, 37.592512010418297 ], [ -76.491763382716087, 37.590774565977632 ], [ -76.489312200293696, 37.599100423047155 ], [ -76.501055150858633, 37.600838058626245 ], [ -76.503504942168817, 37.592512010418297 ] ] ] } },
{ "type": "Feature", "properties": { "child_cell_id": "NHPA1K_V1_R-0000116_C+0001610", "parent_cell_id": "NHPA5K_V1_R-000024_C+000322", "claim_status": "GEOMETRY_QA_ONLY_NOT_A_DEER_PRODUCT" }, "geometry": { "type": "Polygon", "coordinates": [ [ [ -76.548033020125445, 37.607778236201916 ], [ -76.536287643384668, 37.606044746658519 ], [ -76.533841420670512, 37.614371207712672 ], [ -76.545588189725621, 37.616104888079782 ], [ -76.548033020125445, 37.607778236201916 ] ] ] } },
{ "type": "Feature", "properties": { "child_cell_id": "NHPA1K_V1_R-0000116_C+0001611", "parent_cell_id": "NHPA5K_V1_R-000024_C+000322", "claim_status": "GEOMETRY_QA_ONLY_NOT_A_DEER_PRODUCT" }, "geometry": { "type": "Polygon", "coordinates": [ [ [ -76.536287643384668, 37.606044746658519 ], [ -76.524542872717561, 37.604310220501723 ], [ -76.522095257911133, 37.612636490634465 ], [ -76.533841420670512, 37.614371207712672 ], [ -76.536287643384668, 37.606044746658519 ] ] ] } },
{ "type": "Feature", "properties": { "child_cell_id": "NHPA1K_V1_R-0000116_C+0001612", "parent_cell_id": "NHPA5K_V1_R-000024_C+000322", "claim_status": "GEOMETRY_QA_ONLY_NOT_A_DEER_PRODUCT" }, "geometry": { "type": "Polygon", "coordinates": [ [ [ -76.524542872717561, 37.604310220501723 ], [ -76.512798708437714, 37.602574657801028 ], [ -76.510349701761172, 37.610900736914829 ], [ -76.522095257911133, 37.612636490634465 ], [ -76.524542872717561, 37.604310220501723 ] ] ] } },
{ "type": "Feature", "properties": { "child_cell_id": "NHPA1K_V1_R-0000116_C+0001613", "parent_cell_id": "NHPA5K_V1_R-000024_C+000322", "claim_status": "GEOMETRY_QA_ONLY_NOT_A_DEER_PRODUCT" }, "geometry": { "type": "Polygon", "coordinates": [ [ [ -76.512798708437714, 37.602574657801028 ], [ -76.501055150858633, 37.600838058626245 ], [ -76.498604752534263, 37.609163946623589 ], [ -76.510349701761172, 37.610900736914829 ], [ -76.512798708437714, 37.602574657801028 ] ] ] } },
{ "type": "Feature", "properties": { "child_cell_id": "NHPA1K_V1_R-0000116_C+0001614", "parent_cell_id": "NHPA5K_V1_R-000024_C+000322", "claim_status": "GEOMETRY_QA_ONLY_NOT_A_DEER_PRODUCT" }, "geometry": { "type": "Polygon", "coordinates": [ [ [ -76.501055150858633, 37.600838058626245 ], [ -76.489312200293696, 37.599100423047155 ], [ -76.486860410543869, 37.607426119830414 ], [ -76.498604752534263, 37.609163946623589 ], [ -76.501055150858633, 37.600838058626245 ] ] ] } },
{ "type": "Feature", "properties": { "child_cell_id": "NHPA1K_V1_R-0000770_C+0001380", "parent_cell_id": "NHPA5K_V1_R-000154_C+000276", "claim_status": "GEOMETRY_QA_ONLY_NOT_A_DEER_PRODUCT" }, "geometry": { "type": "Polygon", "coordinates": [ [ [ -80.545499440093323, 32.469436548320886 ], [ -80.534498106549492, 32.468039693922314 ], [ -80.532687075314996, 32.476528777349934 ], [ -80.543689651126783, 32.477925760952168 ], [ -80.545499440093323, 32.469436548320886 ] ] ] } },
{ "type": "Feature", "properties": { "child_cell_id": "NHPA1K_V1_R-0000770_C+0001381", "parent_cell_id": "NHPA5K_V1_R-000154_C+000276", "claim_status": "GEOMETRY_QA_ONLY_NOT_A_DEER_PRODUCT" }, "geometry": { "type": "Polygon", "coordinates": [ [ [ -80.534498106549492, 32.468039693922314 ], [ -80.523497193286957, 32.466641848954637 ], [ -80.521684919929541, 32.475130803095993 ], [ -80.532687075314996, 32.476528777349934 ], [ -80.534498106549492, 32.468039693922314 ] ] ] } },
{ "type": "Feature", "properties": { "child_cell_id": "NHPA1K_V1_R-0000770_C+0001382", "parent_cell_id": "NHPA5K_V1_R-000154_C+000276", "claim_status": "GEOMETRY_QA_ONLY_NOT_A_DEER_PRODUCT" }, "geometry": { "type": "Polygon", "coordinates": [ [ [ -80.523497193286957, 32.466641848954637 ], [ -80.512496700577884, 32.46524301346227 ], [ -80.510683185242669, 32.473731838234812 ], [ -80.521684919929541, 32.475130803095993 ], [ -80.523497193286957, 32.466641848954637 ] ] ] } },
{ "type": "Feature", "properties": { "child_cell_id": "NHPA1K_V1_R-0000770_C+0001383", "parent_cell_id": "NHPA5K_V1_R-000154_C+000276", "claim_status": "GEOMETRY_QA_ONLY_NOT_A_DEER_PRODUCT" }, "geometry": { "type": "Polygon", "coordinates": [ [ [ -80.512496700577884, 32.46524301346227 ], [ -80.501496628694426, 32.463843187489694 ], [ -80.499681871526604, 32.472331882810757 ], [ -80.510683185242669, 32.473731838234812 ], [ -80.512496700577884, 32.46524301346227 ] ] ] } },
{ "type": "Feature", "properties": { "child_cell_id": "NHPA1K_V1_R-0000770_C+0001384", "parent_cell_id": "NHPA5K_V1_R-000154_C+000276", "claim_status": "GEOMETRY_QA_ONLY_NOT_A_DEER_PRODUCT" }, "geometry": { "type": "Polygon", "coordinates": [ [ [ -80.501496628694426, 32.463843187489694 ], [ -80.490496977908606, 32.462442371081323 ], [ -80.48868097905347, 32.470930936868399 ], [ -80.499681871526604, 32.472331882810757 ], [ -80.501496628694426, 32.463843187489694 ] ] ] } },
{ "type": "Feature", "properties": { "child_cell_id": "NHPA1K_V1_R-0000769_C+0001380", "parent_cell_id": "NHPA5K_V1_R-000154_C+000276", "claim_status": "GEOMETRY_QA_ONLY_NOT_A_DEER_PRODUCT" }, "geometry": { "type": "Polygon", "coordinates": [ [ [ -80.543689651126783, 32.477925760952168 ], [ -80.532687075314996, 32.476528777349934 ], [ -80.530875623654183, 32.485017634097709 ], [ -80.541879442006248, 32.486414746954857 ], [ -80.543689651126783, 32.477925760952168 ] ] ] } },
{ "type": "Feature", "properties": { "child_cell_id": "NHPA1K_V1_R-0000769_C+0001381", "parent_cell_id": "NHPA5K_V1_R-000154_C+000276", "claim_status": "GEOMETRY_QA_ONLY_NOT_A_DEER_PRODUCT" }, "geometry": { "type": "Polygon", "coordinates": [ [ [ -80.532687075314996, 32.476528777349934 ], [ -80.521684919929541, 32.475130803095993 ], [ -80.519872225873527, 32.483619530506203 ], [ -80.530875623654183, 32.485017634097709 ], [ -80.532687075314996, 32.476528777349934 ] ] ] } },
{ "type": "Feature", "properties": { "child_cell_id": "NHPA1K_V1_R-0000769_C+0001382", "parent_cell_id": "NHPA5K_V1_R-000154_C+000276", "claim_status": "GEOMETRY_QA_ONLY_NOT_A_DEER_PRODUCT" }, "geometry": { "type": "Polygon", "coordinates": [ [ [ -80.521684919929541, 32.475130803095993 ], [ -80.510683185242669, 32.473731838234812 ], [ -80.508869248936662, 32.482220436224843 ], [ -80.519872225873527, 32.483619530506203 ], [ -80.521684919929541, 32.475130803095993 ] ] ] } },
{ "type": "Feature", "properties": { "child_cell_id": "NHPA1K_V1_R-0000769_C+0001383", "parent_cell_id": "NHPA5K_V1_R-000154_C+000276", "claim_status": "GEOMETRY_QA_ONLY_NOT_A_DEER_PRODUCT" }, "geometry": { "type": "Polygon", "coordinates": [ [ [ -80.510683185242669, 32.473731838234812 ], [ -80.499681871526604, 32.472331882810757 ], [ -80.497866693115824, 32.480820351298043 ], [ -80.508869248936662, 32.482220436224843 ], [ -80.510683185242669, 32.473731838234812 ] ] ] } },
{ "type": "Feature", "properties": { "child_cell_id": "NHPA1K_V1_R-0000769_C+0001384", "parent_cell_id": "NHPA5K_V1_R-000154_C+000276", "claim_status": "GEOMETRY_QA_ONLY_NOT_A_DEER_PRODUCT" }, "geometry": { "type": "Polygon", "coordinates": [ [ [ -80.499681871526604, 32.472331882810757 ], [ -80.48868097905347, 32.470930936868399 ], [ -80.486864558683322, 32.479419275770375 ], [ -80.497866693115824, 32.480820351298043 ], [ -80.499681871526604, 32.472331882810757 ] ] ] } },
{ "type": "Feature", "properties": { "child_cell_id": "NHPA1K_V1_R-0000768_C+0001380", "parent_cell_id": "NHPA5K_V1_R-000154_C+000276", "claim_status": "GEOMETRY_QA_ONLY_NOT_A_DEER_PRODUCT" }, "geometry": { "type": "Polygon", "coordinates": [ [ [ -80.541879442006248, 32.486414746954857 ], [ -80.530875623654183, 32.485017634097709 ], [ -80.52906375142193, 32.493506264289792 ], [ -80.540068812586696, 32.49490350645307 ], [ -80.541879442006248, 32.486414746954857 ] ] ] } },
{ "type": "Feature", "properties": { "child_cell_id": "NHPA1K_V1_R-0000768_C+0001381", "parent_cell_id": "NHPA5K_V1_R-000154_C+000276", "claim_status": "GEOMETRY_QA_ONLY_NOT_A_DEER_PRODUCT" }, "geometry": { "type": "Polygon", "coordinates": [ [ [ -80.530875623654183, 32.485017634097709 ], [ -80.519872225873527, 32.483619530506203 ], [ -80.518059110973724, 32.492108031309478 ], [ -80.52906375142193, 32.493506264289792 ], [ -80.530875623654183, 32.485017634097709 ] ] ] } },
{ "type": "Feature", "properties": { "child_cell_id": "NHPA1K_V1_R-0000768_C+0001382", "parent_cell_id": "NHPA5K_V1_R-000154_C+000276", "claim_status": "GEOMETRY_QA_ONLY_NOT_A_DEER_PRODUCT" }, "geometry": { "type": "Polygon", "coordinates": [ [ [ -80.519872225873527, 32.483619530506203 ], [ -80.508869248936662, 32.482220436224843 ], [ -80.507054891514557, 32.490708807556572 ], [ -80.518059110973724, 32.492108031309478 ], [ -80.519872225873527, 32.483619530506203 ] ] ] } },
{ "type": "Feature", "properties": { "child_cell_id": "NHPA1K_V1_R-0000768_C+0001383", "parent_cell_id": "NHPA5K_V1_R-000154_C+000276", "claim_status": "GEOMETRY_QA_ONLY_NOT_A_DEER_PRODUCT" }, "geometry": { "type": "Polygon", "coordinates": [ [ [ -80.508869248936662, 32.482220436224843 ], [ -80.497866693115824, 32.480820351298043 ], [ -80.496051093316765, 32.489308593075698 ], [ -80.507054891514557, 32.490708807556572 ], [ -80.508869248936662, 32.482220436224843 ] ] ] } },
{ "type": "Feature", "properties": { "child_cell_id": "NHPA1K_V1_R-0000768_C+0001384", "parent_cell_id": "NHPA5K_V1_R-000154_C+000276", "claim_status": "GEOMETRY_QA_ONLY_NOT_A_DEER_PRODUCT" }, "geometry": { "type": "Polygon", "coordinates": [ [ [ -80.497866693115824, 32.480820351298043 ], [ -80.486864558683322, 32.479419275770375 ], [ -80.485047716652701, 32.487907387911257 ], [ -80.496051093316765, 32.489308593075698 ], [ -80.497866693115824, 32.480820351298043 ] ] ] } },
{ "type": "Feature", "properties": { "child_cell_id": "NHPA1K_V1_R-0000767_C+0001380", "parent_cell_id": "NHPA5K_V1_R-000154_C+000276", "claim_status": "GEOMETRY_QA_ONLY_NOT_A_DEER_PRODUCT" }, "geometry": { "type": "Polygon", "coordinates": [ [ [ -80.540068812586696, 32.49490350645307 ], [ -80.52906375142193, 32.493506264289792 ], [ -80.527251458473089, 32.501994668050379 ], [ -80.538257762723106, 32.503392039571082 ], [ -80.540068812586696, 32.49490350645307 ] ] ] } },
{ "type": "Feature", "properties": { "child_cell_id": "NHPA1K_V1_R-0000767_C+0001381", "parent_cell_id": "NHPA5K_V1_R-000154_C+000276", "claim_status": "GEOMETRY_QA_ONLY_NOT_A_DEER_PRODUCT" }, "geometry": { "type": "Polygon", "coordinates": [ [ [ -80.52906375142193, 32.493506264289792 ], [ -80.518059110973724, 32.492108031309478 ], [ -80.516245575084895, 32.500596305629877 ], [ -80.527251458473089, 32.501994668050379 ], [ -80.52906375142193, 32.493506264289792 ] ] ] } },
{ "type": "Feature", "properties": { "child_cell_id": "NHPA1K_V1_R-0000767_C+0001382", "parent_cell_id": "NHPA5K_V1_R-000154_C+000276", "claim_status": "GEOMETRY_QA_ONLY_NOT_A_DEER_PRODUCT" }, "geometry": { "type": "Polygon", "coordinates": [ [ [ -80.518059110973724, 32.492108031309478 ], [ -80.507054891514557, 32.490708807556572 ], [ -80.505240112831032, 32.499196952354218 ], [ -80.516245575084895, 32.500596305629877 ], [ -80.518059110973724, 32.492108031309478 ] ] ] } },
{ "type": "Feature", "properties": { "child_cell_id": "NHPA1K_V1_R-0000767_C+0001383", "parent_cell_id": "NHPA5K_V1_R-000154_C+000276", "claim_status": "GEOMETRY_QA_ONLY_NOT_A_DEER_PRODUCT" }, "geometry": { "type": "Polygon", "coordinates": [ [ [ -80.507054891514557, 32.490708807556572 ], [ -80.496051093316765, 32.489308593075698 ], [ -80.494235071983979, 32.497796608267784 ], [ -80.505240112831032, 32.499196952354218 ], [ -80.507054891514557, 32.490708807556572 ] ] ] } },
{ "type": "Feature", "properties": { "child_cell_id": "NHPA1K_V1_R-0000767_C+0001384", "parent_cell_id": "NHPA5K_V1_R-000154_C+000276", "claim_status": "GEOMETRY_QA_ONLY_NOT_A_DEER_PRODUCT" }, "geometry": { "type": "Polygon", "coordinates": [ [ [ -80.496051093316765, 32.489308593075698 ], [ -80.485047716652701, 32.487907387911257 ], [ -80.483230452816116, 32.496395273415189 ], [ -80.494235071983979, 32.497796608267784 ], [ -80.496051093316765, 32.489308593075698 ] ] ] } },
{ "type": "Feature", "properties": { "child_cell_id": "NHPA1K_V1_R-0000766_C+0001380", "parent_cell_id": "NHPA5K_V1_R-000154_C+000276", "claim_status": "GEOMETRY_QA_ONLY_NOT_A_DEER_PRODUCT" }, "geometry": { "type": "Polygon", "coordinates": [ [ [ -80.538257762723106, 32.503392039571082 ], [ -80.527251458473089, 32.501994668050379 ], [ -80.525438744662452, 32.510482845503589 ], [ -80.53644629227027, 32.511880346433053 ], [ -80.538257762723106, 32.503392039571082 ] ] ] } },
{ "type": "Feature", "properties": { "child_cell_id": "NHPA1K_V1_R-0000766_C+0001381", "parent_cell_id": "NHPA5K_V1_R-000154_C+000276", "claim_status": "GEOMETRY_QA_ONLY_NOT_A_DEER_PRODUCT" }, "geometry": { "type": "Polygon", "coordinates": [ [ [ -80.527251458473089, 32.501994668050379 ], [ -80.516245575084895, 32.500596305629877 ], [ -80.514431618061721, 32.509084353591604 ], [ -80.525438744662452, 32.510482845503589 ], [ -80.527251458473089, 32.501994668050379 ] ] ] } },
{ "type": "Feature", "properties": { "child_cell_id": "NHPA1K_V1_R-0000766_C+0001382", "parent_cell_id": "NHPA5K_V1_R-000154_C+000276", "claim_status": "GEOMETRY_QA_ONLY_NOT_A_DEER_PRODUCT" }, "geometry": { "type": "Polygon", "coordinates": [ [ [ -80.516245575084895, 32.500596305629877 ], [ -80.505240112831032, 32.499196952354218 ], [ -80.503424912740698, 32.507684870741706 ], [ -80.514431618061721, 32.509084353591604 ], [ -80.516245575084895, 32.500596305629877 ] ] ] } },
{ "type": "Feature", "properties": { "child_cell_id": "NHPA1K_V1_R-0000766_C+0001383", "parent_cell_id": "NHPA5K_V1_R-000154_C+000276", "claim_status": "GEOMETRY_QA_ONLY_NOT_A_DEER_PRODUCT" }, "geometry": { "type": "Polygon", "coordinates": [ [ [ -80.505240112831032, 32.499196952354218 ], [ -80.494235071983979, 32.497796608267784 ], [ -80.492418628971961, 32.506284396998382 ], [ -80.503424912740698, 32.507684870741706 ], [ -80.505240112831032, 32.499196952354218 ] ] ] } },
{ "type": "Feature", "properties": { "child_cell_id": "NHPA1K_V1_R-0000766_C+0001384", "parent_cell_id": "NHPA5K_V1_R-000154_C+000276", "claim_status": "GEOMETRY_QA_ONLY_NOT_A_DEER_PRODUCT" }, "geometry": { "type": "Polygon", "coordinates": [ [ [ -80.494235071983979, 32.497796608267784 ], [ -80.483230452816116, 32.496395273415189 ], [ -80.481412767027976, 32.504882932406232 ], [ -80.492418628971961, 32.506284396998382 ], [ -80.494235071983979, 32.497796608267784 ] ] ] } },
{ "type": "Feature", "properties": { "child_cell_id": "NHPA1K_V1_R-0001225_C+0000630", "parent_cell_id": "NHPA5K_V1_R-000245_C+000126", "claim_status": "GEOMETRY_QA_ONLY_NOT_A_DEER_PRODUCT" }, "geometry": { "type": "Polygon", "coordinates": [ [ [ -89.259085513842422, 29.317253082047369 ], [ -89.248421766406651, 29.316635374071737 ], [ -89.247660926683636, 29.325300637094426 ], [ -89.258325867703647, 29.325918396473359 ], [ -89.259085513842422, 29.317253082047369 ] ] ] } },
{ "type": "Feature", "properties": { "child_cell_id": "NHPA1K_V1_R-0001225_C+0000631", "parent_cell_id": "NHPA5K_V1_R-000245_C+000126", "claim_status": "GEOMETRY_QA_ONLY_NOT_A_DEER_PRODUCT" }, "geometry": { "type": "Polygon", "coordinates": [ [ [ -89.248421766406651, 29.316635374071737 ], [ -89.237758190121397, 29.316016690056895 ], [ -89.236996156871797, 29.324681901596747 ], [ -89.247660926683636, 29.325300637094426 ], [ -89.248421766406651, 29.316635374071737 ] ] ] } },
{ "type": "Feature", "properties": { "child_cell_id": "NHPA1K_V1_R-0001225_C+0000632", "parent_cell_id": "NHPA5K_V1_R-000245_C+000126", "claim_status": "GEOMETRY_QA_ONLY_NOT_A_DEER_PRODUCT" }, "geometry": { "type": "Polygon", "coordinates": [ [ [ -89.237758190121397, 29.316016690056895 ], [ -89.227094785252362, 29.315397030020161 ], [ -89.226331558533943, 29.32406218999758 ], [ -89.236996156871797, 29.324681901596747 ], [ -89.237758190121397, 29.316016690056895 ] ] ] } },
{ "type": "Feature", "properties": { "child_cell_id": "NHPA1K_V1_R-0001225_C+0000633", "parent_cell_id": "NHPA5K_V1_R-000245_C+000126", "claim_status": "GEOMETRY_QA_ONLY_NOT_A_DEER_PRODUCT" }, "geometry": { "type": "Polygon", "coordinates": [ [ [ -89.227094785252362, 29.315397030020161 ], [ -89.216431552065245, 29.314776393978999 ], [ -89.215667131935874, 29.323441502314378 ], [ -89.226331558533943, 29.32406218999758 ], [ -89.227094785252362, 29.315397030020161 ] ] ] } },
{ "type": "Feature", "properties": { "child_cell_id": "NHPA1K_V1_R-0001225_C+0000634", "parent_cell_id": "NHPA5K_V1_R-000245_C+000126", "claim_status": "GEOMETRY_QA_ONLY_NOT_A_DEER_PRODUCT" }, "geometry": { "type": "Polygon", "coordinates": [ [ [ -89.216431552065245, 29.314776393978999 ], [ -89.205768490825747, 29.314154781950744 ], [ -89.205002877343361, 29.322819838564484 ], [ -89.215667131935874, 29.323441502314378 ], [ -89.216431552065245, 29.314776393978999 ] ] ] } },
{ "type": "Feature", "properties": { "child_cell_id": "NHPA1K_V1_R-0001224_C+0000630", "parent_cell_id": "NHPA5K_V1_R-000245_C+000126", "claim_status": "GEOMETRY_QA_ONLY_NOT_A_DEER_PRODUCT" }, "geometry": { "type": "Polygon", "coordinates": [ [ [ -89.258325867703647, 29.325918396473359 ], [ -89.247660926683636, 29.325300637094426 ], [ -89.246899915752437, 29.333965641482923 ], [ -89.257566050622543, 29.334583452286289 ], [ -89.258325867703647, 29.325918396473359 ] ] ] } },
{ "type": "Feature", "properties": { "child_cell_id": "NHPA1K_V1_R-0001224_C+0000631", "parent_cell_id": "NHPA5K_V1_R-000245_C+000126", "claim_status": "GEOMETRY_QA_ONLY_NOT_A_DEER_PRODUCT" }, "geometry": { "type": "Polygon", "coordinates": [ [ [ -89.247660926683636, 29.325300637094426 ], [ -89.236996156871797, 29.324681901596747 ], [ -89.236233952148197, 29.333346854481206 ], [ -89.246899915752437, 29.333965641482923 ], [ -89.247660926683636, 29.325300637094426 ] ] ] } },
{ "type": "Feature", "properties": { "child_cell_id": "NHPA1K_V1_R-0001224_C+0000632", "parent_cell_id": "NHPA5K_V1_R-000245_C+000126", "claim_status": "GEOMETRY_QA_ONLY_NOT_A_DEER_PRODUCT" }, "geometry": { "type": "Polygon", "coordinates": [ [ [ -89.236996156871797, 29.324681901596747 ], [ -89.226331558533943, 29.32406218999758 ], [ -89.225568160075753, 29.332727091298427 ], [ -89.236233952148197, 29.333346854481206 ], [ -89.236996156871797, 29.324681901596747 ] ] ] } },
{ "type": "Feature", "properties": { "child_cell_id": "NHPA1K_V1_R-0001224_C+0000633", "parent_cell_id": "NHPA5K_V1_R-000245_C+000126", "claim_status": "GEOMETRY_QA_ONLY_NOT_A_DEER_PRODUCT" }, "geometry": { "type": "Polygon", "coordinates": [ [ [ -89.226331558533943, 29.32406218999758 ], [ -89.215667131935874, 29.323441502314378 ], [ -89.21490253980096, 29.3321063519519 ], [ -89.225568160075753, 29.332727091298427 ], [ -89.226331558533943, 29.32406218999758 ] ] ] } },
{ "type": "Feature", "properties": { "child_cell_id": "NHPA1K_V1_R-0001224_C+0000634", "parent_cell_id": "NHPA5K_V1_R-000245_C+000126", "claim_status": "GEOMETRY_QA_ONLY_NOT_A_DEER_PRODUCT" }, "geometry": { "type": "Polygon", "coordinates": [ [ [ -89.215667131935874, 29.323441502314378 ], [ -89.205002877343361, 29.322819838564484 ], [ -89.204237091589661, 29.331484636459141 ], [ -89.21490253980096, 29.3321063519519 ], [ -89.215667131935874, 29.323441502314378 ] ] ] } },
{ "type": "Feature", "properties": { "child_cell_id": "NHPA1K_V1_R-0001223_C+0000630", "parent_cell_id": "NHPA5K_V1_R-000245_C+000126", "claim_status": "GEOMETRY_QA_ONLY_NOT_A_DEER_PRODUCT" }, "geometry": { "type": "Polygon", "coordinates": [ [ [ -89.257566050622543, 29.334583452286289 ], [ -89.246899915752437, 29.333965641482923 ], [ -89.24613873355537, 29.342630387370594 ], [ -89.256806062541486, 29.343248249619524 ], [ -89.257566050622543, 29.334583452286289 ] ] ] } },
{ "type": "Feature", "properties": { "child_cell_id": "NHPA1K_V1_R-0001223_C+0000631", "parent_cell_id": "NHPA5K_V1_R-000245_C+000126", "claim_status": "GEOMETRY_QA_ONLY_NOT_A_DEER_PRODUCT" }, "geometry": { "type": "Polygon", "coordinates": [ [ [ -89.246899915752437, 29.333965641482923 ], [ -89.236233952148197, 29.333346854481206 ], [ -89.235471575892831, 29.342011548843679 ], [ -89.24613873355537, 29.342630387370594 ], [ -89.246899915752437, 29.333965641482923 ] ] ] } },
{ "type": "Feature", "properties": { "child_cell_id": "NHPA1K_V1_R-0001223_C+0000632", "parent_cell_id": "NHPA5K_V1_R-000245_C+000126", "claim_status": "GEOMETRY_QA_ONLY_NOT_A_DEER_PRODUCT" }, "geometry": { "type": "Polygon", "coordinates": [ [ [ -89.236233952148197, 29.333346854481206 ], [ -89.225568160075753, 29.332727091298427 ], [ -89.224804589819911, 29.341391734056021 ], [ -89.235471575892831, 29.342011548843679 ], [ -89.236233952148197, 29.333346854481206 ] ] ] } },
{ "type": "Feature", "properties": { "child_cell_id": "NHPA1K_V1_R-0001223_C+0000633", "parent_cell_id": "NHPA5K_V1_R-000245_C+000126", "claim_status": "GEOMETRY_QA_ONLY_NOT_A_DEER_PRODUCT" }, "geometry": { "type": "Polygon", "coordinates": [ [ [ -89.225568160075753, 29.332727091298427 ], [ -89.21490253980096, 29.3321063519519 ], [ -89.214137775602509, 29.340770943024989 ], [ -89.224804589819911, 29.341391734056021 ], [ -89.225568160075753, 29.332727091298427 ] ] ] } },
{ "type": "Feature", "properties": { "child_cell_id": "NHPA1K_V1_R-0001223_C+0000634", "parent_cell_id": "NHPA5K_V1_R-000245_C+000126", "claim_status": "GEOMETRY_QA_ONLY_NOT_A_DEER_PRODUCT" }, "geometry": { "type": "Polygon", "coordinates": [ [ [ -89.21490253980096, 29.3321063519519 ], [ -89.204237091589661, 29.331484636459141 ], [ -89.203471133506639, 29.34014917576803 ], [ -89.214137775602509, 29.340770943024989 ], [ -89.21490253980096, 29.3321063519519 ] ] ] } },
{ "type": "Feature", "properties": { "child_cell_id": "NHPA1K_V1_R-0001222_C+0000630", "parent_cell_id": "NHPA5K_V1_R-000245_C+000126", "claim_status": "GEOMETRY_QA_ONLY_NOT_A_DEER_PRODUCT" }, "geometry": { "type": "Polygon", "coordinates": [ [ [ -89.256806062541486, 29.343248249619524 ], [ -89.24613873355537, 29.342630387370594 ], [ -89.245377380034697, 29.351294874890815 ], [ -89.25604590340285, 29.351912788606391 ], [ -89.256806062541486, 29.343248249619524 ] ] ] } },
{ "type": "Feature", "properties": { "child_cell_id": "NHPA1K_V1_R-0001222_C+0000631", "parent_cell_id": "NHPA5K_V1_R-000245_C+000126", "claim_status": "GEOMETRY_QA_ONLY_NOT_A_DEER_PRODUCT" }, "geometry": { "type": "Polygon", "coordinates": [ [ [ -89.24613873355537, 29.342630387370594 ], [ -89.235471575892831, 29.342011548843679 ], [ -89.234709028047874, 29.350675984817471 ], [ -89.245377380034697, 29.351294874890815 ], [ -89.24613873355537, 29.342630387370594 ] ] ] } },
{ "type": "Feature", "properties": { "child_cell_id": "NHPA1K_V1_R-0001222_C+0000632", "parent_cell_id": "NHPA5K_V1_R-000245_C+000126", "claim_status": "GEOMETRY_QA_ONLY_NOT_A_DEER_PRODUCT" }, "geometry": { "type": "Polygon", "coordinates": [ [ [ -89.235471575892831, 29.342011548843679 ], [ -89.224804589819911, 29.341391734056021 ], [ -89.22404084770848, 29.350056118403728 ], [ -89.234709028047874, 29.350675984817471 ], [ -89.235471575892831, 29.342011548843679 ] ] ] } },
{ "type": "Feature", "properties": { "child_cell_id": "NHPA1K_V1_R-0001222_C+0000633", "parent_cell_id": "NHPA5K_V1_R-000245_C+000126", "claim_status": "GEOMETRY_QA_ONLY_NOT_A_DEER_PRODUCT" }, "geometry": { "type": "Polygon", "coordinates": [ [ [ -89.224804589819911, 29.341391734056021 ], [ -89.214137775602509, 29.340770943024989 ], [ -89.213372839282584, 29.349435275666956 ], [ -89.22404084770848, 29.350056118403728 ], [ -89.224804589819911, 29.341391734056021 ] ] ] } },
{ "type": "Feature", "properties": { "child_cell_id": "NHPA1K_V1_R-0001222_C+0000634", "parent_cell_id": "NHPA5K_V1_R-000245_C+000126", "claim_status": "GEOMETRY_QA_ONLY_NOT_A_DEER_PRODUCT" }, "geometry": { "type": "Polygon", "coordinates": [ [ [ -89.214137775602509, 29.340770943024989 ], [ -89.203471133506639, 29.34014917576803 ], [ -89.202705003036172, 29.348813456624566 ], [ -89.213372839282584, 29.349435275666956 ], [ -89.214137775602509, 29.340770943024989 ] ] ] } },
{ "type": "Feature", "properties": { "child_cell_id": "NHPA1K_V1_R-0001221_C+0000630", "parent_cell_id": "NHPA5K_V1_R-000245_C+000126", "claim_status": "GEOMETRY_QA_ONLY_NOT_A_DEER_PRODUCT" }, "geometry": { "type": "Polygon", "coordinates": [ [ [ -89.25604590340285, 29.351912788606391 ], [ -89.245377380034697, 29.351294874890815 ], [ -89.244615855132679, 29.359959104176891 ], [ -89.255285573148981, 29.360577069380312 ], [ -89.25604590340285, 29.351912788606391 ] ] ] } },
{ "type": "Feature", "properties": { "child_cell_id": "NHPA1K_V1_R-0001221_C+0000631", "parent_cell_id": "NHPA5K_V1_R-000245_C+000126", "claim_status": "GEOMETRY_QA_ONLY_NOT_A_DEER_PRODUCT" }, "geometry": { "type": "Polygon", "coordinates": [ [ [ -89.245377380034697, 29.351294874890815 ], [ -89.234709028047874, 29.350675984817471 ], [ -89.233946308555488, 29.359340162535979 ], [ -89.244615855132679, 29.359959104176891 ], [ -89.245377380034697, 29.351294874890815 ] ] ] } },
{ "type": "Feature", "properties": { "child_cell_id": "NHPA1K_V1_R-0001221_C+0000632", "parent_cell_id": "NHPA5K_V1_R-000245_C+000126", "claim_status": "GEOMETRY_QA_ONLY_NOT_A_DEER_PRODUCT" }, "geometry": { "type": "Polygon", "coordinates": [ [ [ -89.234709028047874, 29.350675984817471 ], [ -89.22404084770848, 29.350056118403728 ], [ -89.223276933683579, 29.358720244474942 ], [ -89.233946308555488, 29.359340162535979 ], [ -89.234709028047874, 29.350675984817471 ] ] ] } },
{ "type": "Feature", "properties": { "child_cell_id": "NHPA1K_V1_R-0001221_C+0000633", "parent_cell_id": "NHPA5K_V1_R-000245_C+000126", "claim_status": "GEOMETRY_QA_ONLY_NOT_A_DEER_PRODUCT" }, "geometry": { "type": "Polygon", "coordinates": [ [ [ -89.22404084770848, 29.350056118403728 ], [ -89.213372839282584, 29.349435275666956 ], [ -89.212607730783105, 29.358099350011102 ], [ -89.223276933683579, 29.358720244474942 ], [ -89.22404084770848, 29.350056118403728 ] ] ] } },
{ "type": "Feature", "properties": { "child_cell_id": "NHPA1K_V1_R-0001221_C+0000634", "parent_cell_id": "NHPA5K_V1_R-000245_C+000126", "claim_status": "GEOMETRY_QA_ONLY_NOT_A_DEER_PRODUCT" }, "geometry": { "type": "Polygon", "coordinates": [ [ [ -89.213372839282584, 29.349435275666956 ], [ -89.202705003036172, 29.348813456624566 ], [ -89.201938700120195, 29.357477479162011 ], [ -89.212607730783105, 29.358099350011102 ], [ -89.213372839282584, 29.349435275666956 ] ] ] } },
{ "type": "Feature", "properties": { "child_cell_id": "NHPA1K_V1_R-0001695_C+0001370", "parent_cell_id": "NHPA5K_V1_R-000339_C+000274", "claim_status": "GEOMETRY_QA_ONLY_NOT_A_DEER_PRODUCT" }, "geometry": { "type": "Polygon", "coordinates": [ [ [ -82.156566770046382, 24.516286337681283 ], [ -82.146605269784843, 24.51499844215801 ], [ -82.145138964573206, 24.523751658232051 ], [ -82.155101489037733, 24.525039641516472 ], [ -82.156566770046382, 24.516286337681283 ] ] ] } },
{ "type": "Feature", "properties": { "child_cell_id": "NHPA1K_V1_R-0001695_C+0001371", "parent_cell_id": "NHPA5K_V1_R-000339_C+000274", "claim_status": "GEOMETRY_QA_ONLY_NOT_A_DEER_PRODUCT" }, "geometry": { "type": "Polygon", "coordinates": [ [ [ -82.146605269784843, 24.51499844215801 ], [ -82.136644077646409, 24.513709619831193 ], [ -82.13517674832822, 24.522462748086951 ], [ -82.145138964573206, 24.523751658232051 ], [ -82.146605269784843, 24.51499844215801 ] ] ] } },
{ "type": "Feature", "properties": { "child_cell_id": "NHPA1K_V1_R-0001695_C+0001372", "parent_cell_id": "NHPA5K_V1_R-000339_C+000274", "claim_status": "GEOMETRY_QA_ONLY_NOT_A_DEER_PRODUCT" }, "geometry": { "type": "Polygon", "coordinates": [ [ [ -82.136644077646409, 24.513709619831193 ], [ -82.126683193836726, 24.512419870727932 ], [ -82.125214840508519, 24.521172911108508 ], [ -82.13517674832822, 24.522462748086951 ], [ -82.136644077646409, 24.513709619831193 ] ] ] } },
{ "type": "Feature", "properties": { "child_cell_id": "NHPA1K_V1_R-0001695_C+0001373", "parent_cell_id": "NHPA5K_V1_R-000339_C+000274", "claim_status": "GEOMETRY_QA_ONLY_NOT_A_DEER_PRODUCT" }, "geometry": { "type": "Polygon", "coordinates": [ [ [ -82.126683193836726, 24.512419870727932 ], [ -82.11672261856144, 24.511129194875572 ], [ -82.115253241319763, 24.519882147323965 ], [ -82.125214840508519, 24.521172911108508 ], [ -82.126683193836726, 24.512419870727932 ] ] ] } },
{ "type": "Feature", "properties": { "child_cell_id": "NHPA1K_V1_R-0001695_C+0001374", "parent_cell_id": "NHPA5K_V1_R-000339_C+000274", "claim_status": "GEOMETRY_QA_ONLY_NOT_A_DEER_PRODUCT" }, "geometry": { "type": "Polygon", "coordinates": [ [ [ -82.11672261856144, 24.511129194875572 ], [ -82.106762352026095, 24.509837592301317 ], [ -82.105291950967612, 24.518590456760574 ], [ -82.115253241319763, 24.519882147323965 ], [ -82.11672261856144, 24.511129194875572 ] ] ] } },
{ "type": "Feature", "properties": { "child_cell_id": "NHPA1K_V1_R-0001694_C+0001370", "parent_cell_id": "NHPA5K_V1_R-000339_C+000274", "claim_status": "GEOMETRY_QA_ONLY_NOT_A_DEER_PRODUCT" }, "geometry": { "type": "Polygon", "coordinates": [ [ [ -82.155101489037733, 24.525039641516472 ], [ -82.145138964573206, 24.523751658232051 ], [ -82.143672351142015, 24.532504531048424 ], [ -82.153635900015288, 24.533792602132465 ], [ -82.155101489037733, 24.525039641516472 ] ] ] } },
{ "type": "Feature", "properties": { "child_cell_id": "NHPA1K_V1_R-0001694_C+0001371", "parent_cell_id": "NHPA5K_V1_R-000339_C+000274", "claim_status": "GEOMETRY_QA_ONLY_NOT_A_DEER_PRODUCT" }, "geometry": { "type": "Polygon", "coordinates": [ [ [ -82.145138964573206, 24.523751658232051 ], [ -82.13517674832822, 24.522462748086951 ], [ -82.133709110584775, 24.531215533046765 ], [ -82.143672351142015, 24.532504531048424 ], [ -82.145138964573206, 24.523751658232051 ] ] ] } },
{ "type": "Feature", "properties": { "child_cell_id": "NHPA1K_V1_R-0001694_C+0001372", "parent_cell_id": "NHPA5K_V1_R-000339_C+000274", "claim_status": "GEOMETRY_QA_ONLY_NOT_A_DEER_PRODUCT" }, "geometry": { "type": "Polygon", "coordinates": [ [ [ -82.13517674832822, 24.522462748086951 ], [ -82.125214840508519, 24.521172911108508 ], [ -82.123746178549354, 24.529925608154713 ], [ -82.133709110584775, 24.531215533046765 ], [ -82.13517674832822, 24.522462748086951 ] ] ] } },
{ "type": "Feature", "properties": { "child_cell_id": "NHPA1K_V1_R-0001694_C+0001373", "parent_cell_id": "NHPA5K_V1_R-000339_C+000274", "claim_status": "GEOMETRY_QA_ONLY_NOT_A_DEER_PRODUCT" }, "geometry": { "type": "Polygon", "coordinates": [ [ [ -82.125214840508519, 24.521172911108508 ], [ -82.115253241319763, 24.519882147323965 ], [ -82.113783555241511, 24.528634756399583 ], [ -82.123746178549354, 24.529925608154713 ], [ -82.125214840508519, 24.521172911108508 ] ] ] } },
{ "type": "Feature", "properties": { "child_cell_id": "NHPA1K_V1_R-0001694_C+0001374", "parent_cell_id": "NHPA5K_V1_R-000339_C+000274", "claim_status": "GEOMETRY_QA_ONLY_NOT_A_DEER_PRODUCT" }, "geometry": { "type": "Polygon", "coordinates": [ [ [ -82.115253241319763, 24.519882147323965 ], [ -82.105291950967612, 24.518590456760574 ], [ -82.103821240866921, 24.527342977808612 ], [ -82.113783555241511, 24.528634756399583 ], [ -82.115253241319763, 24.519882147323965 ] ] ] } },
{ "type": "Feature", "properties": { "child_cell_id": "NHPA1K_V1_R-0001693_C+0001370", "parent_cell_id": "NHPA5K_V1_R-000339_C+000274", "claim_status": "GEOMETRY_QA_ONLY_NOT_A_DEER_PRODUCT" }, "geometry": { "type": "Polygon", "coordinates": [ [ [ -82.153635900015288, 24.533792602132465 ], [ -82.143672351142015, 24.532504531048424 ], [ -82.142205429394764, 24.541257060739561 ], [ -82.152170002882613, 24.542545219661442 ], [ -82.153635900015288, 24.533792602132465 ] ] ] } },
{ "type": "Feature", "properties": { "child_cell_id": "NHPA1K_V1_R-0001693_C+0001371", "parent_cell_id": "NHPA5K_V1_R-000339_C+000274", "claim_status": "GEOMETRY_QA_ONLY_NOT_A_DEER_PRODUCT" }, "geometry": { "type": "Polygon", "coordinates": [ [ [ -82.143672351142015, 24.532504531048424 ], [ -82.133709110584775, 24.531215533046765 ], [ -82.132241164319495, 24.53996797484297 ], [ -82.142205429394764, 24.541257060739561 ], [ -82.143672351142015, 24.532504531048424 ] ] ] } },
{ "type": "Feature", "properties": { "child_cell_id": "NHPA1K_V1_R-0001693_C+0001372", "parent_cell_id": "NHPA5K_V1_R-000339_C+000274", "claim_status": "GEOMETRY_QA_ONLY_NOT_A_DEER_PRODUCT" }, "geometry": { "type": "Polygon", "coordinates": [ [ [ -82.133709110584775, 24.531215533046765 ], [ -82.123746178549354, 24.529925608154713 ], [ -82.122277207862624, 24.538677961998964 ], [ -82.132241164319495, 24.53996797484297 ], [ -82.133709110584775, 24.531215533046765 ] ] ] } },
{ "type": "Feature", "properties": { "child_cell_id": "NHPA1K_V1_R-0001693_C+0001373", "parent_cell_id": "NHPA5K_V1_R-000339_C+000274", "claim_status": "GEOMETRY_QA_ONLY_NOT_A_DEER_PRODUCT" }, "geometry": { "type": "Polygon", "coordinates": [ [ [ -82.123746178549354, 24.529925608154713 ], [ -82.113783555241511, 24.528634756399583 ], [ -82.112313560229964, 24.537387022234775 ], [ -82.122277207862624, 24.538677961998964 ], [ -82.123746178549354, 24.529925608154713 ] ] ] } },
{ "type": "Feature", "properties": { "child_cell_id": "NHPA1K_V1_R-0001693_C+0001374", "parent_cell_id": "NHPA5K_V1_R-000339_C+000274", "claim_status": "GEOMETRY_QA_ONLY_NOT_A_DEER_PRODUCT" }, "geometry": { "type": "Polygon", "coordinates": [ [ [ -82.113783555241511, 24.528634756399583 ], [ -82.103821240866921, 24.527342977808612 ], [ -82.10235022162729, 24.53609515557784 ], [ -82.112313560229964, 24.537387022234775 ], [ -82.113783555241511, 24.528634756399583 ] ] ] } },
{ "type": "Feature", "properties": { "child_cell_id": "NHPA1K_V1_R-0001692_C+0001370", "parent_cell_id": "NHPA5K_V1_R-000339_C+000274", "claim_status": "GEOMETRY_QA_ONLY_NOT_A_DEER_PRODUCT" }, "geometry": { "type": "Polygon", "coordinates": [ [ [ -82.152170002882613, 24.542545219661442 ], [ -82.142205429394764, 24.541257060739561 ], [ -82.14073819923496, 24.550009247437778 ], [ -82.150703797543258, 24.551297494235904 ], [ -82.152170002882613, 24.542545219661442 ] ] ] } },
{ "type": "Feature", "properties": { "child_cell_id": "NHPA1K_V1_R-0001692_C+0001371", "parent_cell_id": "NHPA5K_V1_R-000339_C+000274", "claim_status": "GEOMETRY_QA_ONLY_NOT_A_DEER_PRODUCT" }, "geometry": { "type": "Polygon", "coordinates": [ [ [ -82.142205429394764, 24.541257060739561 ], [ -82.132241164319495, 24.53996797484297 ], [ -82.130772909435791, 24.548720073607853 ], [ -82.14073819923496, 24.550009247437778 ], [ -82.142205429394764, 24.541257060739561 ] ] ] } },
{ "type": "Feature", "properties": { "child_cell_id": "NHPA1K_V1_R-0001692_C+0001372", "parent_cell_id": "NHPA5K_V1_R-000339_C+000274", "claim_status": "GEOMETRY_QA_ONLY_NOT_A_DEER_PRODUCT" }, "geometry": { "type": "Polygon", "coordinates": [ [ [ -82.132241164319495, 24.53996797484297 ], [ -82.122277207862624, 24.538677961998964 ], [ -82.120807928351667, 24.547429972773475 ], [ -82.130772909435791, 24.548720073607853 ], [ -82.132241164319495, 24.53996797484297 ] ] ] } },
{ "type": "Feature", "properties": { "child_cell_id": "NHPA1K_V1_R-0001692_C+0001373", "parent_cell_id": "NHPA5K_V1_R-000339_C+000274", "claim_status": "GEOMETRY_QA_ONLY_NOT_A_DEER_PRODUCT" }, "geometry": { "type": "Polygon", "coordinates": [ [ [ -82.122277207862624, 24.538677961998964 ], [ -82.112313560229964, 24.537387022234775 ], [ -82.110843256188446, 24.546138944961914 ], [ -82.120807928351667, 24.547429972773475 ], [ -82.122277207862624, 24.538677961998964 ] ] ] } },
{ "type": "Feature", "properties": { "child_cell_id": "NHPA1K_V1_R-0001692_C+0001374", "parent_cell_id": "NHPA5K_V1_R-000339_C+000274", "claim_status": "GEOMETRY_QA_ONLY_NOT_A_DEER_PRODUCT" }, "geometry": { "type": "Polygon", "coordinates": [ [ [ -82.112313560229964, 24.537387022234775 ], [ -82.10235022162729, 24.53609515557784 ], [ -82.100878893151958, 24.544846990200494 ], [ -82.110843256188446, 24.546138944961914 ], [ -82.112313560229964, 24.537387022234775 ] ] ] } },
{ "type": "Feature", "properties": { "child_cell_id": "NHPA1K_V1_R-0001691_C+0001370", "parent_cell_id": "NHPA5K_V1_R-000339_C+000274", "claim_status": "GEOMETRY_QA_ONLY_NOT_A_DEER_PRODUCT" }, "geometry": { "type": "Polygon", "coordinates": [ [ [ -82.150703797543258, 24.551297494235904 ], [ -82.14073819923496, 24.550009247437778 ], [ -82.139270660565984, 24.558761091275418 ], [ -82.149237283900689, 24.560049425988119 ], [ -82.150703797543258, 24.551297494235904 ] ] ] } },
{ "type": "Feature", "properties": { "child_cell_id": "NHPA1K_V1_R-0001691_C+0001371", "parent_cell_id": "NHPA5K_V1_R-000339_C+000274", "claim_status": "GEOMETRY_QA_ONLY_NOT_A_DEER_PRODUCT" }, "geometry": { "type": "Polygon", "coordinates": [ [ [ -82.14073819923496, 24.550009247437778 ], [ -82.130772909435791, 24.548720073607853 ], [ -82.129304345837028, 24.557471829473794 ], [ -82.139270660565984, 24.558761091275418 ], [ -82.14073819923496, 24.550009247437778 ] ] ] } },
{ "type": "Feature", "properties": { "child_cell_id": "NHPA1K_V1_R-0001691_C+0001372", "parent_cell_id": "NHPA5K_V1_R-000339_C+000274", "claim_status": "GEOMETRY_QA_ONLY_NOT_A_DEER_PRODUCT" }, "geometry": { "type": "Polygon", "coordinates": [ [ [ -82.130772909435791, 24.548720073607853 ], [ -82.120807928351667, 24.547429972773475 ], [ -82.119338339919793, 24.556181640610596 ], [ -82.129304345837028, 24.557471829473794 ], [ -82.130772909435791, 24.548720073607853 ] ] ] } },
{ "type": "Feature", "properties": { "child_cell_id": "NHPA1K_V1_R-0001691_C+0001373", "parent_cell_id": "NHPA5K_V1_R-000339_C+000274", "claim_status": "GEOMETRY_QA_ONLY_NOT_A_DEER_PRODUCT" }, "geometry": { "type": "Polygon", "coordinates": [ [ [ -82.120807928351667, 24.547429972773475 ], [ -82.110843256188446, 24.546138944961914 ], [ -82.109372643020194, 24.554890524713215 ], [ -82.119338339919793, 24.556181640610596 ], [ -82.120807928351667, 24.547429972773475 ] ] ] } },
{ "type": "Feature", "properties": { "child_cell_id": "NHPA1K_V1_R-0001691_C+0001374", "parent_cell_id": "NHPA5K_V1_R-000339_C+000274", "claim_status": "GEOMETRY_QA_ONLY_NOT_A_DEER_PRODUCT" }, "geometry": { "type": "Polygon", "coordinates": [ [ [ -82.110843256188446, 24.546138944961914 ], [ -82.100878893151958, 24.544846990200494 ], [ -82.099407255344104, 24.553598481808873 ], [ -82.109372643020194, 24.554890524713215 ], [ -82.110843256188446, 24.546138944961914 ] ] ] } },
{ "type": "Feature", "properties": { "child_cell_id": "NHPA1K_V1_R+0000000_C+0000000", "parent_cell_id": "NHPA5K_V1_R+000000_C+000000", "claim_status": "GEOMETRY_QA_ONLY_NOT_A_DEER_PRODUCT" }, "geometry": { "type": "Polygon", "coordinates": [ [ [ -96.0, 40.0 ], [ -95.987559008166883, 39.999999443734168 ], [ -95.987557375248443, 40.00847675125376 ], [ -96.0, 40.008477307587626 ], [ -96.0, 40.0 ] ] ] } },
{ "type": "Feature", "properties": { "child_cell_id": "NHPA1K_V1_R+0000000_C+0000001", "parent_cell_id": "NHPA5K_V1_R+000000_C+000000", "claim_status": "GEOMETRY_QA_ONLY_NOT_A_DEER_PRODUCT" }, "geometry": { "type": "Polygon", "coordinates": [ [ [ -95.987559008166883, 39.999999443734168 ], [ -95.975118016762309, 39.999997774936595 ], [ -95.975114750925584, 40.008475082252254 ], [ -95.987557375248443, 40.00847675125376 ], [ -95.987559008166883, 39.999999443734168 ] ] ] } },
{ "type": "Feature", "properties": { "child_cell_id": "NHPA1K_V1_R+0000000_C+0000002", "parent_cell_id": "NHPA5K_V1_R+000000_C+000000", "claim_status": "GEOMETRY_QA_ONLY_NOT_A_DEER_PRODUCT" }, "geometry": { "type": "Polygon", "coordinates": [ [ [ -95.975118016762309, 39.999997774936595 ], [ -95.962677026214806, 39.999994993607451 ], [ -95.962672127460124, 40.008472300583158 ], [ -95.975114750925584, 40.008475082252254 ], [ -95.975118016762309, 39.999997774936595 ] ] ] } },
{ "type": "Feature", "properties": { "child_cell_id": "NHPA1K_V1_R+0000000_C+0000003", "parent_cell_id": "NHPA5K_V1_R+000000_C+000000", "claim_status": "GEOMETRY_QA_ONLY_NOT_A_DEER_PRODUCT" }, "geometry": { "type": "Polygon", "coordinates": [ [ [ -95.962677026214806, 39.999994993607451 ], [ -95.950236036952901, 39.999991099746836 ], [ -95.950229505280788, 40.008468406246649 ], [ -95.962672127460124, 40.008472300583158 ], [ -95.962677026214806, 39.999994993607451 ] ] ] } },
{ "type": "Feature", "properties": { "child_cell_id": "NHPA1K_V1_R+0000000_C+0000004", "parent_cell_id": "NHPA5K_V1_R+000000_C+000000", "claim_status": "GEOMETRY_QA_ONLY_NOT_A_DEER_PRODUCT" }, "geometry": { "type": "Polygon", "coordinates": [ [ [ -95.950236036952901, 39.999991099746836 ], [ -95.937795049405167, 39.999986093354934 ], [ -95.937786884816305, 40.008463399242856 ], [ -95.950229505280788, 40.008468406246649 ], [ -95.950236036952901, 39.999991099746836 ] ] ] } },
{ "type": "Feature", "properties": { "child_cell_id": "NHPA1K_V1_R+0000001_C+0000000", "parent_cell_id": "NHPA5K_V1_R+000000_C+000000", "claim_status": "GEOMETRY_QA_ONLY_NOT_A_DEER_PRODUCT" }, "geometry": { "type": "Polygon", "coordinates": [ [ [ -96.0, 40.008477307587626 ], [ -95.987557375248443, 40.00847675125376 ], [ -95.987555741901289, 40.016953982290602 ], [ -96.0, 40.01695453869246 ], [ -96.0, 40.008477307587626 ] ] ] } },
{ "type": "Feature", "properties": { "child_cell_id": "NHPA1K_V1_R+0000001_C+0000001", "parent_cell_id": "NHPA5K_V1_R+000000_C+000000", "claim_status": "GEOMETRY_QA_ONLY_NOT_A_DEER_PRODUCT" }, "geometry": { "type": "Polygon", "coordinates": [ [ [ -95.987557375248443, 40.00847675125376 ], [ -95.975114750925584, 40.008475082252254 ], [ -95.975111484231419, 40.016952313085049 ], [ -95.987555741901289, 40.016953982290602 ], [ -95.987557375248443, 40.00847675125376 ] ] ] } },
{ "type": "Feature", "properties": { "child_cell_id": "NHPA1K_V1_R+0000001_C+0000002", "parent_cell_id": "NHPA5K_V1_R+000000_C+000000", "claim_status": "GEOMETRY_QA_ONLY_NOT_A_DEER_PRODUCT" }, "geometry": { "type": "Polygon", "coordinates": [ [ [ -95.975114750925584, 40.008475082252254 ], [ -95.962672127460124, 40.008472300583158 ], [ -95.962667227419331, 40.01694953107588 ], [ -95.975111484231419, 40.016952313085049 ], [ -95.975114750925584, 40.008475082252254 ] ] ] } },
{ "type": "Feature", "properties": { "child_cell_id": "NHPA1K_V1_R+0000001_C+0000003", "parent_cell_id": "NHPA5K_V1_R+000000_C+000000", "claim_status": "GEOMETRY_QA_ONLY_NOT_A_DEER_PRODUCT" }, "geometry": { "type": "Polygon", "coordinates": [ [ [ -95.962672127460124, 40.008472300583158 ], [ -95.950229505280788, 40.008468406246649 ], [ -95.950222971893865, 40.01694563626328 ], [ -95.962667227419331, 40.01694953107588 ], [ -95.962672127460124, 40.008472300583158 ] ] ] } },
{ "type": "Feature", "properties": { "child_cell_id": "NHPA1K_V1_R+0000001_C+0000004", "parent_cell_id": "NHPA5K_V1_R+000000_C+000000", "claim_status": "GEOMETRY_QA_ONLY_NOT_A_DEER_PRODUCT" }, "geometry": { "type": "Polygon", "coordinates": [ [ [ -95.950229505280788, 40.008468406246649 ], [ -95.937786884816305, 40.008463399242856 ], [ -95.937778718083891, 40.016940628647347 ], [ -95.950222971893865, 40.01694563626328 ], [ -95.950229505280788, 40.008468406246649 ] ] ] } },
{ "type": "Feature", "properties": { "child_cell_id": "NHPA1K_V1_R+0000002_C+0000000", "parent_cell_id": "NHPA5K_V1_R+000000_C+000000", "claim_status": "GEOMETRY_QA_ONLY_NOT_A_DEER_PRODUCT" }, "geometry": { "type": "Polygon", "coordinates": [ [ [ -96.0, 40.01695453869246 ], [ -95.987555741901289, 40.016953982290602 ], [ -95.987554108125238, 40.025431137005434 ], [ -96.0, 40.025431693475355 ], [ -96.0, 40.01695453869246 ] ] ] } },
{ "type": "Feature", "properties": { "child_cell_id": "NHPA1K_V1_R+0000002_C+0000001", "parent_cell_id": "NHPA5K_V1_R+000000_C+000000", "claim_status": "GEOMETRY_QA_ONLY_NOT_A_DEER_PRODUCT" }, "geometry": { "type": "Polygon", "coordinates": [ [ [ -95.987555741901289, 40.016953982290602 ], [ -95.975111484231419, 40.016952313085049 ], [ -95.97510821667953, 40.025429467595771 ], [ -95.987554108125238, 40.025431137005434 ], [ -95.987555741901289, 40.016953982290602 ] ] ] } },
{ "type": "Feature", "properties": { "child_cell_id": "NHPA1K_V1_R+0000002_C+0000002", "parent_cell_id": "NHPA5K_V1_R+000000_C+000000", "claim_status": "GEOMETRY_QA_ONLY_NOT_A_DEER_PRODUCT" }, "geometry": { "type": "Polygon", "coordinates": [ [ [ -95.975111484231419, 40.016952313085049 ], [ -95.962667227419331, 40.01694953107588 ], [ -95.962662326091902, 40.025426685246366 ], [ -95.97510821667953, 40.025429467595771 ], [ -95.975111484231419, 40.016952313085049 ] ] ] } },
{ "type": "Feature", "properties": { "child_cell_id": "NHPA1K_V1_R+0000002_C+0000003", "parent_cell_id": "NHPA5K_V1_R+000000_C+000000", "claim_status": "GEOMETRY_QA_ONLY_NOT_A_DEER_PRODUCT" }, "geometry": { "type": "Polygon", "coordinates": [ [ [ -95.962667227419331, 40.01694953107588 ], [ -95.950222971893865, 40.01694563626328 ], [ -95.950216436791408, 40.025422789957453 ], [ -95.962662326091902, 40.025426685246366 ], [ -95.962667227419331, 40.01694953107588 ] ] ] } },
{ "type": "Feature", "properties": { "child_cell_id": "NHPA1K_V1_R+0000002_C+0000004", "parent_cell_id": "NHPA5K_V1_R+000000_C+000000", "claim_status": "GEOMETRY_QA_ONLY_NOT_A_DEER_PRODUCT" }, "geometry": { "type": "Polygon", "coordinates": [ [ [ -95.950222971893865, 40.01694563626328 ], [ -95.937778718083891, 40.016940628647347 ], [ -95.937770549207102, 40.025417781729146 ], [ -95.950216436791408, 40.025422789957453 ], [ -95.950222971893865, 40.01694563626328 ] ] ] } },
{ "type": "Feature", "properties": { "child_cell_id": "NHPA1K_V1_R+0000003_C+0000000", "parent_cell_id": "NHPA5K_V1_R+000000_C+000000", "claim_status": "GEOMETRY_QA_ONLY_NOT_A_DEER_PRODUCT" }, "geometry": { "type": "Polygon", "coordinates": [ [ [ -96.0, 40.025431693475355 ], [ -95.987554108125238, 40.025431137005434 ], [ -95.987552473920161, 40.033908215559116 ], [ -96.0, 40.033908772097085 ], [ -96.0, 40.025431693475355 ] ] ] } },
{ "type": "Feature", "properties": { "child_cell_id": "NHPA1K_V1_R+0000003_C+0000001", "parent_cell_id": "NHPA5K_V1_R+000000_C+000000", "claim_status": "GEOMETRY_QA_ONLY_NOT_A_DEER_PRODUCT" }, "geometry": { "type": "Polygon", "coordinates": [ [ [ -95.987554108125238, 40.025431137005434 ], [ -95.97510821667953, 40.025429467595771 ], [ -95.975104948269546, 40.033906545945221 ], [ -95.987552473920161, 40.033908215559116 ], [ -95.987554108125238, 40.025431137005434 ] ] ] } },
{ "type": "Feature", "properties": { "child_cell_id": "NHPA1K_V1_R+0000003_C+0000002", "parent_cell_id": "NHPA5K_V1_R+000000_C+000000", "claim_status": "GEOMETRY_QA_ONLY_NOT_A_DEER_PRODUCT" }, "geometry": { "type": "Polygon", "coordinates": [ [ [ -95.97510821667953, 40.025429467595771 ], [ -95.962662326091902, 40.025426685246366 ], [ -95.962657423477339, 40.033903763255474 ], [ -95.975104948269546, 40.033906545945221 ], [ -95.97510821667953, 40.025429467595771 ] ] ] } },
{ "type": "Feature", "properties": { "child_cell_id": "NHPA1K_V1_R+0000003_C+0000003", "parent_cell_id": "NHPA5K_V1_R+000000_C+000000", "claim_status": "GEOMETRY_QA_ONLY_NOT_A_DEER_PRODUCT" }, "geometry": { "type": "Polygon", "coordinates": [ [ [ -95.962662326091902, 40.025426685246366 ], [ -95.950216436791408, 40.025422789957453 ], [ -95.950209899972791, 40.033899867490035 ], [ -95.962657423477339, 40.033903763255474 ], [ -95.962662326091902, 40.025426685246366 ] ] ] } },
{ "type": "Feature", "properties": { "child_cell_id": "NHPA1K_V1_R+0000003_C+0000004", "parent_cell_id": "NHPA5K_V1_R+000000_C+000000", "claim_status": "GEOMETRY_QA_ONLY_NOT_A_DEER_PRODUCT" }, "geometry": { "type": "Polygon", "coordinates": [ [ [ -95.950216436791408, 40.025422789957453 ], [ -95.937770549207102, 40.025417781729146 ], [ -95.937762378185084, 40.033894858649099 ], [ -95.950209899972791, 40.033899867490035 ], [ -95.950216436791408, 40.025422789957453 ] ] ] } },
{ "type": "Feature", "properties": { "child_cell_id": "NHPA1K_V1_R+0000004_C+0000000", "parent_cell_id": "NHPA5K_V1_R+000000_C+000000", "claim_status": "GEOMETRY_QA_ONLY_NOT_A_DEER_PRODUCT" }, "geometry": { "type": "Polygon", "coordinates": [ [ [ -96.0, 40.033908772097085 ], [ -95.987552473920161, 40.033908215559116 ], [ -95.987550839285873, 40.042385218112443 ], [ -96.0, 40.042385774718532 ], [ -96.0, 40.033908772097085 ] ] ] } },
{ "type": "Feature", "properties": { "child_cell_id": "NHPA1K_V1_R+0000004_C+0000001", "parent_cell_id": "NHPA5K_V1_R+000000_C+000000", "claim_status": "GEOMETRY_QA_ONLY_NOT_A_DEER_PRODUCT" }, "geometry": { "type": "Polygon", "coordinates": [ [ [ -95.987552473920161, 40.033908215559116 ], [ -95.975104948269546, 40.033906545945221 ], [ -95.975101679001128, 40.042383548294261 ], [ -95.987550839285873, 40.042385218112443 ], [ -95.987552473920161, 40.033908215559116 ] ] ] } },
{ "type": "Feature", "properties": { "child_cell_id": "NHPA1K_V1_R+0000004_C+0000002", "parent_cell_id": "NHPA5K_V1_R+000000_C+000000", "claim_status": "GEOMETRY_QA_ONLY_NOT_A_DEER_PRODUCT" }, "geometry": { "type": "Polygon", "coordinates": [ [ [ -95.975104948269546, 40.033906545945221 ], [ -95.962657423477339, 40.033903763255474 ], [ -95.96265251957513, 40.042380765264049 ], [ -95.975101679001128, 40.042383548294261 ], [ -95.975104948269546, 40.033906545945221 ] ] ] } },
{ "type": "Feature", "properties": { "child_cell_id": "NHPA1K_V1_R+0000004_C+0000003", "parent_cell_id": "NHPA5K_V1_R+000000_C+000000", "claim_status": "GEOMETRY_QA_ONLY_NOT_A_DEER_PRODUCT" }, "geometry": { "type": "Polygon", "coordinates": [ [ [ -95.962657423477339, 40.033903763255474 ], [ -95.950209899972791, 40.033899867490035 ], [ -95.950203361437303, 40.042376869021886 ], [ -95.96265251957513, 40.042380765264049 ], [ -95.962657423477339, 40.033903763255474 ] ] ] } },
{ "type": "Feature", "properties": { "child_cell_id": "NHPA1K_V1_R+0000004_C+0000004", "parent_cell_id": "NHPA5K_V1_R+000000_C+000000", "claim_status": "GEOMETRY_QA_ONLY_NOT_A_DEER_PRODUCT" }, "geometry": { "type": "Polygon", "coordinates": [ [ [ -95.950209899972791, 40.033899867490035 ], [ -95.937762378185084, 40.033894858649099 ], [ -95.937754205017001, 40.042371859567986 ], [ -95.950203361437303, 40.042376869021886 ], [ -95.950209899972791, 40.033899867490035 ] ] ] } },
{ "type": "Feature", "properties": { "child_cell_id": "NHPA1K_V1_R+0000340_C+0000010", "parent_cell_id": "NHPA5K_V1_R+000068_C+000002", "claim_status": "GEOMETRY_QA_ONLY_NOT_A_DEER_PRODUCT" }, "geometry": { "type": "Polygon", "coordinates": [ [ [ -95.869779704908296, 42.878891490872512 ], [ -95.856757694319157, 42.878879287403755 ], [ -95.85673801515081, 42.887340196591339 ], [ -95.869761814748173, 42.887352401709713 ], [ -95.869779704908296, 42.878891490872512 ] ] ] } },
{ "type": "Feature", "properties": { "child_cell_id": "NHPA1K_V1_R+0000340_C+0000011", "parent_cell_id": "NHPA5K_V1_R+000068_C+000002", "claim_status": "GEOMETRY_QA_ONLY_NOT_A_DEER_PRODUCT" }, "geometry": { "type": "Polygon", "coordinates": [ [ [ -95.856757694319157, 42.878879287403755 ], [ -95.843735689135698, 42.878865921702591 ], [ -95.843714220961374, 42.887326829083499 ], [ -95.85673801515081, 42.887340196591339 ], [ -95.856757694319157, 42.878879287403755 ] ] ] } },
{ "type": "Feature", "properties": { "child_cell_id": "NHPA1K_V1_R+0000340_C+0000012", "parent_cell_id": "NHPA5K_V1_R+000068_C+000002", "claim_status": "GEOMETRY_QA_ONLY_NOT_A_DEER_PRODUCT" }, "geometry": { "type": "Polygon", "coordinates": [ [ [ -95.843735689135698, 42.878865921702591 ], [ -95.830713689849389, 42.8788513937698 ], [ -95.830690432671503, 42.887312299186902 ], [ -95.843714220961374, 42.887326829083499 ], [ -95.843735689135698, 42.878865921702591 ] ] ] } },
{ "type": "Feature", "properties": { "child_cell_id": "NHPA1K_V1_R+0000340_C+0000013", "parent_cell_id": "NHPA5K_V1_R+000068_C+000002", "claim_status": "GEOMETRY_QA_ONLY_NOT_A_DEER_PRODUCT" }, "geometry": { "type": "Polygon", "coordinates": [ [ [ -95.830713689849389, 42.8788513937698 ], [ -95.817691696951613, 42.878835703606164 ], [ -95.817666650772807, 42.88729660690236 ], [ -95.830690432671503, 42.887312299186902 ], [ -95.830713689849389, 42.8788513937698 ] ] ] } },
{ "type": "Feature", "properties": { "child_cell_id": "NHPA1K_V1_R+0000340_C+0000014", "parent_cell_id": "NHPA5K_V1_R+000068_C+000002", "claim_status": "GEOMETRY_QA_ONLY_NOT_A_DEER_PRODUCT" }, "geometry": { "type": "Polygon", "coordinates": [ [ [ -95.817691696951613, 42.878835703606164 ], [ -95.804669710933823, 42.878818851212543 ], [ -95.804642875756926, 42.887279752230747 ], [ -95.817666650772807, 42.88729660690236 ], [ -95.817691696951613, 42.878835703606164 ] ] ] } },
{ "type": "Feature", "properties": { "child_cell_id": "NHPA1K_V1_R+0000341_C+0000010", "parent_cell_id": "NHPA5K_V1_R+000068_C+000002", "claim_status": "GEOMETRY_QA_ONLY_NOT_A_DEER_PRODUCT" }, "geometry": { "type": "Polygon", "coordinates": [ [ [ -95.869761814748173, 42.887352401709713 ], [ -95.85673801515081, 42.887340196591339 ], [ -95.856718330574523, 42.895801087175947 ], [ -95.869743919671734, 42.895813293944627 ], [ -95.869761814748173, 42.887352401709713 ] ] ] } },
{ "type": "Feature", "properties": { "child_cell_id": "NHPA1K_V1_R+0000341_C+0000011", "parent_cell_id": "NHPA5K_V1_R+000068_C+000002", "claim_status": "GEOMETRY_QA_ONLY_NOT_A_DEER_PRODUCT" }, "geometry": { "type": "Polygon", "coordinates": [ [ [ -95.85673801515081, 42.887340196591339 ], [ -95.843714220961374, 42.887326829083499 ], [ -95.843692746887484, 42.895787717860628 ], [ -95.856718330574523, 42.895801087175947 ], [ -95.85673801515081, 42.887340196591339 ] ] ] } },
{ "type": "Feature", "properties": { "child_cell_id": "NHPA1K_V1_R+0000341_C+0000012", "parent_cell_id": "NHPA5K_V1_R+000068_C+000002", "claim_status": "GEOMETRY_QA_ONLY_NOT_A_DEER_PRODUCT" }, "geometry": { "type": "Polygon", "coordinates": [ [ [ -95.843714220961374, 42.887326829083499 ], [ -95.830690432671503, 42.887312299186902 ], [ -95.830667169102426, 42.895773185999396 ], [ -95.843692746887484, 42.895787717860628 ], [ -95.843714220961374, 42.887326829083499 ] ] ] } },
{ "type": "Feature", "properties": { "child_cell_id": "NHPA1K_V1_R+0000341_C+0000013", "parent_cell_id": "NHPA5K_V1_R+000068_C+000002", "claim_status": "GEOMETRY_QA_ONLY_NOT_A_DEER_PRODUCT" }, "geometry": { "type": "Polygon", "coordinates": [ [ [ -95.830690432671503, 42.887312299186902 ], [ -95.817666650772807, 42.88729660690236 ], [ -95.817641597711187, 42.895757491593031 ], [ -95.830667169102426, 42.895773185999396 ], [ -95.830690432671503, 42.887312299186902 ] ] ] } },
{ "type": "Feature", "properties": { "child_cell_id": "NHPA1K_V1_R+0000341_C+0000014", "parent_cell_id": "NHPA5K_V1_R+000068_C+000002", "claim_status": "GEOMETRY_QA_ONLY_NOT_A_DEER_PRODUCT" }, "geometry": { "type": "Polygon", "coordinates": [ [ [ -95.817666650772807, 42.88729660690236 ], [ -95.804642875756926, 42.887279752230747 ], [ -95.804616033205605, 42.895740634642465 ], [ -95.817641597711187, 42.895757491593031 ], [ -95.817666650772807, 42.88729660690236 ] ] ] } },
{ "type": "Feature", "properties": { "child_cell_id": "NHPA1K_V1_R+0000342_C+0000010", "parent_cell_id": "NHPA5K_V1_R+000068_C+000002", "claim_status": "GEOMETRY_QA_ONLY_NOT_A_DEER_PRODUCT" }, "geometry": { "type": "Polygon", "coordinates": [ [ [ -95.869743919671734, 42.895813293944627 ], [ -95.856718330574523, 42.895801087175947 ], [ -95.856698640588078, 42.90426195933874 ], [ -95.869726019676961, 42.904274167758373 ], [ -95.869743919671734, 42.895813293944627 ] ] ] } },
{ "type": "Feature", "properties": { "child_cell_id": "NHPA1K_V1_R+0000342_C+0000011", "parent_cell_id": "NHPA5K_V1_R+000068_C+000002", "claim_status": "GEOMETRY_QA_ONLY_NOT_A_DEER_PRODUCT" }, "geometry": { "type": "Polygon", "coordinates": [ [ [ -95.856718330574523, 42.895801087175947 ], [ -95.843692746887484, 42.895787717860628 ], [ -95.843671266911599, 42.904248588215133 ], [ -95.856698640588078, 42.90426195933874 ], [ -95.856718330574523, 42.895801087175947 ] ] ] } },
{ "type": "Feature", "properties": { "child_cell_id": "NHPA1K_V1_R+0000342_C+0000012", "parent_cell_id": "NHPA5K_V1_R+000068_C+000002", "claim_status": "GEOMETRY_QA_ONLY_NOT_A_DEER_PRODUCT" }, "geometry": { "type": "Polygon", "coordinates": [ [ [ -95.843692746887484, 42.895787717860628 ], [ -95.830667169102426, 42.895773185999396 ], [ -95.830643899139531, 42.904234054388404 ], [ -95.843671266911599, 42.904248588215133 ], [ -95.843692746887484, 42.895787717860628 ] ] ] } },
{ "type": "Feature", "properties": { "child_cell_id": "NHPA1K_V1_R+0000342_C+0000013", "parent_cell_id": "NHPA5K_V1_R+000068_C+000002", "claim_status": "GEOMETRY_QA_ONLY_NOT_A_DEER_PRODUCT" }, "geometry": { "type": "Polygon", "coordinates": [ [ [ -95.830667169102426, 42.895773185999396 ], [ -95.817641597711187, 42.895757491593031 ], [ -95.817616537763925, 42.904218357859293 ], [ -95.830643899139531, 42.904234054388404 ], [ -95.830667169102426, 42.895773185999396 ] ] ] } },
{ "type": "Feature", "properties": { "child_cell_id": "NHPA1K_V1_R+0000342_C+0000014", "parent_cell_id": "NHPA5K_V1_R+000068_C+000002", "claim_status": "GEOMETRY_QA_ONLY_NOT_A_DEER_PRODUCT" }, "geometry": { "type": "Polygon", "coordinates": [ [ [ -95.817641597711187, 42.895757491593031 ], [ -95.804616033205605, 42.895740634642465 ], [ -95.804589183276818, 42.904201498628701 ], [ -95.817616537763925, 42.904218357859293 ], [ -95.817641597711187, 42.895757491593031 ] ] ] } },
{ "type": "Feature", "properties": { "child_cell_id": "NHPA1K_V1_R+0000343_C+0000010", "parent_cell_id": "NHPA5K_V1_R+000068_C+000002", "claim_status": "GEOMETRY_QA_ONLY_NOT_A_DEER_PRODUCT" }, "geometry": { "type": "Polygon", "coordinates": [ [ [ -95.869726019676961, 42.904274167758373 ], [ -95.856698640588078, 42.90426195933874 ], [ -95.85667894518923, 42.912722813260842 ], [ -95.869708114761821, 42.912735023332317 ], [ -95.869726019676961, 42.904274167758373 ] ] ] } },
{ "type": "Feature", "properties": { "child_cell_id": "NHPA1K_V1_R+0000343_C+0000011", "parent_cell_id": "NHPA5K_V1_R+000068_C+000002", "claim_status": "GEOMETRY_QA_ONLY_NOT_A_DEER_PRODUCT" }, "geometry": { "type": "Polygon", "coordinates": [ [ [ -95.856698640588078, 42.90426195933874 ], [ -95.843671266911599, 42.904248588215133 ], [ -95.843649781031274, 42.912709440328236 ], [ -95.85667894518923, 42.912722813260842 ], [ -95.856698640588078, 42.90426195933874 ] ] ] } },
{ "type": "Feature", "properties": { "child_cell_id": "NHPA1K_V1_R+0000343_C+0000012", "parent_cell_id": "NHPA5K_V1_R+000068_C+000002", "claim_status": "GEOMETRY_QA_ONLY_NOT_A_DEER_PRODUCT" }, "geometry": { "type": "Polygon", "coordinates": [ [ [ -95.843671266911599, 42.904248588215133 ], [ -95.830643899139531, 42.904234054388404 ], [ -95.830620622780188, 42.91269490453513 ], [ -95.843649781031274, 42.912709440328236 ], [ -95.843671266911599, 42.904248588215133 ] ] ] } },
{ "type": "Feature", "properties": { "child_cell_id": "NHPA1K_V1_R+0000343_C+0000013", "parent_cell_id": "NHPA5K_V1_R+000068_C+000002", "claim_status": "GEOMETRY_QA_ONLY_NOT_A_DEER_PRODUCT" }, "geometry": { "type": "Polygon", "coordinates": [ [ [ -95.830643899139531, 42.904234054388404 ], [ -95.817616537763925, 42.904218357859293 ], [ -95.817591470928193, 42.912679205882363 ], [ -95.830620622780188, 42.91269490453513 ], [ -95.830643899139531, 42.904234054388404 ] ] ] } },
{ "type": "Feature", "properties": { "child_cell_id": "NHPA1K_V1_R+0000343_C+0000014", "parent_cell_id": "NHPA5K_V1_R+000068_C+000002", "claim_status": "GEOMETRY_QA_ONLY_NOT_A_DEER_PRODUCT" }, "geometry": { "type": "Polygon", "coordinates": [ [ [ -95.817616537763925, 42.904218357859293 ], [ -95.804589183276818, 42.904201498628701 ], [ -95.80456232596751, 42.912662344370851 ], [ -95.817591470928193, 42.912679205882363 ], [ -95.817616537763925, 42.904218357859293 ] ] ] } },
{ "type": "Feature", "properties": { "child_cell_id": "NHPA1K_V1_R+0000344_C+0000010", "parent_cell_id": "NHPA5K_V1_R+000068_C+000002", "claim_status": "GEOMETRY_QA_ONLY_NOT_A_DEER_PRODUCT" }, "geometry": { "type": "Polygon", "coordinates": [ [ [ -95.869708114761821, 42.912735023332317 ], [ -95.85667894518923, 42.912722813260842 ], [ -95.856659244375763, 42.921183649123719 ], [ -95.869690204924282, 42.921195860847611 ], [ -95.869708114761821, 42.912735023332317 ] ] ] } },
{ "type": "Feature", "properties": { "child_cell_id": "NHPA1K_V1_R+0000344_C+0000011", "parent_cell_id": "NHPA5K_V1_R+000068_C+000002", "claim_status": "GEOMETRY_QA_ONLY_NOT_A_DEER_PRODUCT" }, "geometry": { "type": "Polygon", "coordinates": [ [ [ -95.85667894518923, 42.912722813260842 ], [ -95.843649781031274, 42.912709440328236 ], [ -95.843628289244108, 42.92117027438124 ], [ -95.856659244375763, 42.921183649123719 ], [ -95.85667894518923, 42.912722813260842 ] ] ] } },
{ "type": "Feature", "properties": { "child_cell_id": "NHPA1K_V1_R+0000344_C+0000012", "parent_cell_id": "NHPA5K_V1_R+000068_C+000002", "claim_status": "GEOMETRY_QA_ONLY_NOT_A_DEER_PRODUCT" }, "geometry": { "type": "Polygon", "coordinates": [ [ [ -95.843649781031274, 42.912709440328236 ], [ -95.830620622780188, 42.91269490453513 ], [ -95.83059734002174, 42.921155736620932 ], [ -95.843628289244108, 42.92117027438124 ], [ -95.843649781031274, 42.912709440328236 ] ] ] } },
{ "type": "Feature", "properties": { "child_cell_id": "NHPA1K_V1_R+0000344_C+0000013", "parent_cell_id": "NHPA5K_V1_R+000068_C+000002", "claim_status": "GEOMETRY_QA_ONLY_NOT_A_DEER_PRODUCT" }, "geometry": { "type": "Polygon", "coordinates": [ [ [ -95.830620622780188, 42.91269490453513 ], [ -95.817591470928193, 42.912679205882363 ], [ -95.817566397201119, 42.921140035843642 ], [ -95.83059734002174, 42.921155736620932 ], [ -95.830620622780188, 42.91269490453513 ] ] ] } },
{ "type": "Feature", "properties": { "child_cell_id": "NHPA1K_V1_R+0000344_C+0000014", "parent_cell_id": "NHPA5K_V1_R+000068_C+000002", "claim_status": "GEOMETRY_QA_ONLY_NOT_A_DEER_PRODUCT" }, "geometry": { "type": "Polygon", "coordinates": [ [ [ -95.817591470928193, 42.912679205882363 ], [ -95.80456232596751, 42.912662344370851 ], [ -95.804535461274654, 42.921123172050081 ], [ -95.817566397201119, 42.921140035843642 ], [ -95.817591470928193, 42.912679205882363 ] ] ] } },
{ "type": "Feature", "properties": { "child_cell_id": "NHPA1K_V1_R+0000640_C-0001200", "parent_cell_id": "NHPA5K_V1_R+000128_C-000240", "claim_status": "GEOMETRY_QA_ONLY_NOT_A_DEER_PRODUCT" }, "geometry": { "type": "Polygon", "coordinates": [ [ [ -112.140293606360729, 44.550677875559181 ], [ -112.127101473562647, 44.552110878253544 ], [ -112.129367984163864, 44.560449588380642 ], [ -112.142561898787136, 44.559016383129979 ], [ -112.140293606360729, 44.550677875559181 ] ] ] } },
{ "type": "Feature", "properties": { "child_cell_id": "NHPA1K_V1_R+0000640_C-0001199", "parent_cell_id": "NHPA5K_V1_R+000128_C-000240", "claim_status": "GEOMETRY_QA_ONLY_NOT_A_DEER_PRODUCT" }, "geometry": { "type": "Polygon", "coordinates": [ [ [ -112.127101473562647, 44.552110878253544 ], [ -112.11390871002483, 44.553542721041424 ], [ -112.116173438540017, 44.561881633576014 ], [ -112.129367984163864, 44.560449588380642 ], [ -112.127101473562647, 44.552110878253544 ] ] ] } },
{ "type": "Feature", "properties": { "child_cell_id": "NHPA1K_V1_R+0000640_C-0001198", "parent_cell_id": "NHPA5K_V1_R+000128_C-000240", "claim_status": "GEOMETRY_QA_ONLY_NOT_A_DEER_PRODUCT" }, "geometry": { "type": "Polygon", "coordinates": [ [ [ -112.11390871002483, 44.553542721041424 ], [ -112.100715316213098, 44.55497340383932 ], [ -112.102978262381626, 44.563312518632522 ], [ -112.116173438540017, 44.561881633576014 ], [ -112.11390871002483, 44.553542721041424 ] ] ] } },
{ "type": "Feature", "properties": { "child_cell_id": "NHPA1K_V1_R+0000640_C-0001197", "parent_cell_id": "NHPA5K_V1_R+000128_C-000240", "claim_status": "GEOMETRY_QA_ONLY_NOT_A_DEER_PRODUCT" }, "geometry": { "type": "Polygon", "coordinates": [ [ [ -112.100715316213098, 44.55497340383932 ], [ -112.087521292593408, 44.55640292656372 ], [ -112.089782456154822, 44.564742243466767 ], [ -112.102978262381626, 44.563312518632522 ], [ -112.100715316213098, 44.55497340383932 ] ] ] } },
{ "type": "Feature", "properties": { "child_cell_id": "NHPA1K_V1_R+0000640_C-0001196", "parent_cell_id": "NHPA5K_V1_R+000128_C-000240", "claim_status": "GEOMETRY_QA_ONLY_NOT_A_DEER_PRODUCT" }, "geometry": { "type": "Polygon", "coordinates": [ [ [ -112.087521292593408, 44.55640292656372 ], [ -112.074326639631849, 44.557831289131293 ], [ -112.076586020325863, 44.566170807995171 ], [ -112.089782456154822, 44.564742243466767 ], [ -112.087521292593408, 44.55640292656372 ] ] ] } },
{ "type": "Feature", "properties": { "child_cell_id": "NHPA1K_V1_R+0000641_C-0001200", "parent_cell_id": "NHPA5K_V1_R+000128_C-000240", "claim_status": "GEOMETRY_QA_ONLY_NOT_A_DEER_PRODUCT" }, "geometry": { "type": "Polygon", "coordinates": [ [ [ -112.142561898787136, 44.559016383129979 ], [ -112.129367984163864, 44.560449588380642 ], [ -112.131635125765627, 44.568788282474578 ], [ -112.144830822679964, 44.567354874579664 ], [ -112.142561898787136, 44.559016383129979 ] ] ] } },
{ "type": "Feature", "properties": { "child_cell_id": "NHPA1K_V1_R+0000641_C-0001199", "parent_cell_id": "NHPA5K_V1_R+000128_C-000240", "claim_status": "GEOMETRY_QA_ONLY_NOT_A_DEER_PRODUCT" }, "geometry": { "type": "Polygon", "coordinates": [ [ [ -112.129367984163864, 44.560449588380642 ], [ -112.116173438540017, 44.561881633576014 ], [ -112.118438797589761, 44.570220530165471 ], [ -112.131635125765627, 44.568788282474578 ], [ -112.129367984163864, 44.560449588380642 ] ] ] } },
{ "type": "Feature", "properties": { "child_cell_id": "NHPA1K_V1_R+0000641_C-0001198", "parent_cell_id": "NHPA5K_V1_R+000128_C-000240", "claim_status": "GEOMETRY_QA_ONLY_NOT_A_DEER_PRODUCT" }, "geometry": { "type": "Polygon", "coordinates": [ [ [ -112.116173438540017, 44.561881633576014 ], [ -112.102978262381626, 44.563312518632522 ], [ -112.105241838618596, 44.571651617568612 ], [ -112.118438797589761, 44.570220530165471 ], [ -112.116173438540017, 44.561881633576014 ] ] ] } },
{ "type": "Feature", "properties": { "child_cell_id": "NHPA1K_V1_R+0000641_C-0001197", "parent_cell_id": "NHPA5K_V1_R+000128_C-000240", "claim_status": "GEOMETRY_QA_ONLY_NOT_A_DEER_PRODUCT" }, "geometry": { "type": "Polygon", "coordinates": [ [ [ -112.102978262381626, 44.563312518632522 ], [ -112.089782456154822, 44.564742243466767 ], [ -112.092044249318405, 44.573081544600448 ], [ -112.105241838618596, 44.571651617568612 ], [ -112.102978262381626, 44.563312518632522 ] ] ] } },
{ "type": "Feature", "properties": { "child_cell_id": "NHPA1K_V1_R+0000641_C-0001196", "parent_cell_id": "NHPA5K_V1_R+000128_C-000240", "claim_status": "GEOMETRY_QA_ONLY_NOT_A_DEER_PRODUCT" }, "geometry": { "type": "Polygon", "coordinates": [ [ [ -112.089782456154822, 44.564742243466767 ], [ -112.076586020325863, 44.566170807995171 ], [ -112.07884603015566, 44.574510311177491 ], [ -112.092044249318405, 44.573081544600448 ], [ -112.089782456154822, 44.564742243466767 ] ] ] } },
{ "type": "Feature", "properties": { "child_cell_id": "NHPA1K_V1_R+0000642_C-0001200", "parent_cell_id": "NHPA5K_V1_R+000128_C-000240", "claim_status": "GEOMETRY_QA_ONLY_NOT_A_DEER_PRODUCT" }, "geometry": { "type": "Polygon", "coordinates": [ [ [ -112.144830822679964, 44.567354874579664 ], [ -112.131635125765627, 44.568788282474578 ], [ -112.133902898628889, 44.577126960709911 ], [ -112.147100378300337, 44.575693350082645 ], [ -112.144830822679964, 44.567354874579664 ] ] ] } },
{ "type": "Feature", "properties": { "child_cell_id": "NHPA1K_V1_R+0000642_C-0001199", "parent_cell_id": "NHPA5K_V1_R+000128_C-000240", "claim_status": "GEOMETRY_QA_ONLY_NOT_A_DEER_PRODUCT" }, "geometry": { "type": "Polygon", "coordinates": [ [ [ -112.131635125765627, 44.568788282474578 ], [ -112.118438797589761, 44.570220530165471 ], [ -112.12070478743486, 44.578559410984283 ], [ -112.133902898628889, 44.577126960709911 ], [ -112.131635125765627, 44.568788282474578 ] ] ] } },
{ "type": "Feature", "properties": { "child_cell_id": "NHPA1K_V1_R+0000642_C-0001198", "parent_cell_id": "NHPA5K_V1_R+000128_C-000240", "claim_status": "GEOMETRY_QA_ONLY_NOT_A_DEER_PRODUCT" }, "geometry": { "type": "Polygon", "coordinates": [ [ [ -112.118438797589761, 44.570220530165471 ], [ -112.105241838618596, 44.571651617568612 ], [ -112.107506045184607, 44.579990700821959 ], [ -112.12070478743486, 44.578559410984283 ], [ -112.118438797589761, 44.570220530165471 ] ] ] } },
{ "type": "Feature", "properties": { "child_cell_id": "NHPA1K_V1_R+0000642_C-0001197", "parent_cell_id": "NHPA5K_V1_R+000128_C-000240", "claim_status": "GEOMETRY_QA_ONLY_NOT_A_DEER_PRODUCT" }, "geometry": { "type": "Polygon", "coordinates": [ [ [ -112.105241838618596, 44.571651617568612 ], [ -112.092044249318405, 44.573081544600448 ], [ -112.094306672344587, 44.581420830139372 ], [ -112.107506045184607, 44.579990700821959 ], [ -112.105241838618596, 44.571651617568612 ] ] ] } },
{ "type": "Feature", "properties": { "child_cell_id": "NHPA1K_V1_R+0000642_C-0001196", "parent_cell_id": "NHPA5K_V1_R+000128_C-000240", "claim_status": "GEOMETRY_QA_ONLY_NOT_A_DEER_PRODUCT" }, "geometry": { "type": "Polygon", "coordinates": [ [ [ -112.092044249318405, 44.573081544600448 ], [ -112.07884603015566, 44.574510311177491 ], [ -112.081106669381427, 44.582849798852926 ], [ -112.094306672344587, 44.581420830139372 ], [ -112.092044249318405, 44.573081544600448 ] ] ] } },
{ "type": "Feature", "properties": { "child_cell_id": "NHPA1K_V1_R+0000643_C-0001200", "parent_cell_id": "NHPA5K_V1_R+000128_C-000240", "claim_status": "GEOMETRY_QA_ONLY_NOT_A_DEER_PRODUCT" }, "geometry": { "type": "Polygon", "coordinates": [ [ [ -112.147100378300337, 44.575693350082645 ], [ -112.133902898628889, 44.577126960709911 ], [ -112.136171303014777, 44.585465623261129 ], [ -112.149370565909507, 44.584031809813332 ], [ -112.147100378300337, 44.575693350082645 ] ] ] } },
{ "type": "Feature", "properties": { "child_cell_id": "NHPA1K_V1_R+0000643_C-0001199", "parent_cell_id": "NHPA5K_V1_R+000128_C-000240", "claim_status": "GEOMETRY_QA_ONLY_NOT_A_DEER_PRODUCT" }, "geometry": { "type": "Polygon", "coordinates": [ [ [ -112.133902898628889, 44.577126960709911 ], [ -112.12070478743486, 44.578559410984283 ], [ -112.122971408336241, 44.586898276206995 ], [ -112.136171303014777, 44.585465623261129 ], [ -112.133902898628889, 44.577126960709911 ] ] ] } },
{ "type": "Feature", "properties": { "child_cell_id": "NHPA1K_V1_R+0000643_C-0001198", "parent_cell_id": "NHPA5K_V1_R+000128_C-000240", "claim_status": "GEOMETRY_QA_ONLY_NOT_A_DEER_PRODUCT" }, "geometry": { "type": "Polygon", "coordinates": [ [ [ -112.12070478743486, 44.578559410984283 ], [ -112.107506045184607, 44.579990700821959 ], [ -112.109770882340399, 44.58832976856722 ], [ -112.122971408336241, 44.586898276206995 ], [ -112.12070478743486, 44.578559410984283 ] ] ] } },
{ "type": "Feature", "properties": { "child_cell_id": "NHPA1K_V1_R+0000643_C-0001197", "parent_cell_id": "NHPA5K_V1_R+000128_C-000240", "claim_status": "GEOMETRY_QA_ONLY_NOT_A_DEER_PRODUCT" }, "geometry": { "type": "Polygon", "coordinates": [ [ [ -112.107506045184607, 44.579990700821959 ], [ -112.094306672344587, 44.581420830139372 ], [ -112.096569725493907, 44.589760100258125 ], [ -112.109770882340399, 44.58832976856722 ], [ -112.107506045184607, 44.579990700821959 ] ] ] } },
{ "type": "Feature", "properties": { "child_cell_id": "NHPA1K_V1_R+0000643_C-0001196", "parent_cell_id": "NHPA5K_V1_R+000128_C-000240", "claim_status": "GEOMETRY_QA_ONLY_NOT_A_DEER_PRODUCT" }, "geometry": { "type": "Polygon", "coordinates": [ [ [ -112.094306672344587, 44.581420830139372 ], [ -112.081106669381427, 44.582849798852926 ], [ -112.083367938263592, 44.591189271196129 ], [ -112.096569725493907, 44.589760100258125 ], [ -112.094306672344587, 44.581420830139372 ] ] ] } },
{ "type": "Feature", "properties": { "child_cell_id": "NHPA1K_V1_R+0000644_C-0001200", "parent_cell_id": "NHPA5K_V1_R+000128_C-000240", "claim_status": "GEOMETRY_QA_ONLY_NOT_A_DEER_PRODUCT" }, "geometry": { "type": "Polygon", "coordinates": [ [ [ -112.149370565909507, 44.584031809813332 ], [ -112.136171303014777, 44.585465623261129 ], [ -112.138440339184498, 44.593804270302662 ], [ -112.151641385768883, 44.592370253946164 ], [ -112.149370565909507, 44.584031809813332 ] ] ] } },
{ "type": "Feature", "properties": { "child_cell_id": "NHPA1K_V1_R+0000644_C-0001199", "parent_cell_id": "NHPA5K_V1_R+000128_C-000240", "claim_status": "GEOMETRY_QA_ONLY_NOT_A_DEER_PRODUCT" }, "geometry": { "type": "Polygon", "coordinates": [ [ [ -112.136171303014777, 44.585465623261129 ], [ -112.122971408336241, 44.586898276206995 ], [ -112.125238660554928, 44.595237126008257 ], [ -112.138440339184498, 44.593804270302662 ], [ -112.136171303014777, 44.585465623261129 ] ] ] } },
{ "type": "Feature", "properties": { "child_cell_id": "NHPA1K_V1_R+0000644_C-0001198", "parent_cell_id": "NHPA5K_V1_R+000128_C-000240", "claim_status": "GEOMETRY_QA_ONLY_NOT_A_DEER_PRODUCT" }, "geometry": { "type": "Polygon", "coordinates": [ [ [ -112.122971408336241, 44.586898276206995 ], [ -112.109770882340399, 44.58832976856722 ], [ -112.112036350346841, 44.596668820979069 ], [ -112.125238660554928, 44.595237126008257 ], [ -112.122971408336241, 44.586898276206995 ] ] ] } },
{ "type": "Feature", "properties": { "child_cell_id": "NHPA1K_V1_R+0000644_C-0001197", "parent_cell_id": "NHPA5K_V1_R+000128_C-000240", "claim_status": "GEOMETRY_QA_ONLY_NOT_A_DEER_PRODUCT" }, "geometry": { "type": "Polygon", "coordinates": [ [ [ -112.109770882340399, 44.58832976856722 ], [ -112.096569725493907, 44.589760100258125 ], [ -112.098833409027108, 44.598099355131474 ], [ -112.112036350346841, 44.596668820979069 ], [ -112.109770882340399, 44.58832976856722 ] ] ] } },
{ "type": "Feature", "properties": { "child_cell_id": "NHPA1K_V1_R+0000644_C-0001196", "parent_cell_id": "NHPA5K_V1_R+000128_C-000240", "claim_status": "GEOMETRY_QA_ONLY_NOT_A_DEER_PRODUCT" }, "geometry": { "type": "Polygon", "coordinates": [ [ [ -112.096569725493907, 44.589760100258125 ], [ -112.083367938263592, 44.591189271196129 ], [ -112.085629837062669, 44.599528728381799 ], [ -112.098833409027108, 44.598099355131474 ], [ -112.096569725493907, 44.589760100258125 ] ] ] } },
{ "type": "Feature", "properties": { "child_cell_id": "NHPA1K_V1_R+0000905_C-0000755", "parent_cell_id": "NHPA5K_V1_R+000181_C-000151", "claim_status": "GEOMETRY_QA_ONLY_NOT_A_DEER_PRODUCT" }, "geometry": { "type": "Polygon", "coordinates": [ [ [ -106.614309309849602, 47.303378583193769 ], [ -106.600367595745439, 47.304325222478695 ], [ -106.601933340724187, 47.312750195230812 ], [ -106.615877079590661, 47.31180340691072 ], [ -106.614309309849602, 47.303378583193769 ] ] ] } },
{ "type": "Feature", "properties": { "child_cell_id": "NHPA1K_V1_R+0000905_C-0000754", "parent_cell_id": "NHPA5K_V1_R+000181_C-000151", "claim_status": "GEOMETRY_QA_ONLY_NOT_A_DEER_PRODUCT" }, "geometry": { "type": "Polygon", "coordinates": [ [ [ -106.600367595745439, 47.304325222478695 ], [ -106.58642542116425, 47.305270623815275 ], [ -106.587989141178326, 47.313695745415245 ], [ -106.601933340724187, 47.312750195230812 ], [ -106.600367595745439, 47.304325222478695 ] ] ] } },
{ "type": "Feature", "properties": { "child_cell_id": "NHPA1K_V1_R+0000905_C-0000753", "parent_cell_id": "NHPA5K_V1_R+000181_C-000151", "claim_status": "GEOMETRY_QA_ONLY_NOT_A_DEER_PRODUCT" }, "geometry": { "type": "Polygon", "coordinates": [ [ [ -106.58642542116425, 47.305270623815275 ], [ -106.572482786686379, 47.30621478713806 ], [ -106.574044481533633, 47.314640057398712 ], [ -106.587989141178326, 47.313695745415245 ], [ -106.58642542116425, 47.305270623815275 ] ] ] } },
{ "type": "Feature", "properties": { "child_cell_id": "NHPA1K_V1_R+0000905_C-0000752", "parent_cell_id": "NHPA5K_V1_R+000181_C-000151", "claim_status": "GEOMETRY_QA_ONLY_NOT_A_DEER_PRODUCT" }, "geometry": { "type": "Polygon", "coordinates": [ [ [ -106.572482786686379, 47.30621478713806 ], [ -106.558539692892296, 47.307157712381965 ], [ -106.560099362370877, 47.315583131115822 ], [ -106.574044481533633, 47.314640057398712 ], [ -106.572482786686379, 47.30621478713806 ] ] ] } },
{ "type": "Feature", "properties": { "child_cell_id": "NHPA1K_V1_R+0000905_C-0000751", "parent_cell_id": "NHPA5K_V1_R+000181_C-000151", "claim_status": "GEOMETRY_QA_ONLY_NOT_A_DEER_PRODUCT" }, "geometry": { "type": "Polygon", "coordinates": [ [ [ -106.558539692892296, 47.307157712381965 ], [ -106.544596140362586, 47.308099399481705 ], [ -106.546153784270842, 47.316524966501461 ], [ -106.560099362370877, 47.315583131115822 ], [ -106.558539692892296, 47.307157712381965 ] ] ] } },
{ "type": "Feature", "properties": { "child_cell_id": "NHPA1K_V1_R+0000906_C-0000755", "parent_cell_id": "NHPA5K_V1_R+000181_C-000151", "claim_status": "GEOMETRY_QA_ONLY_NOT_A_DEER_PRODUCT" }, "geometry": { "type": "Polygon", "coordinates": [ [ [ -106.615877079590661, 47.31180340691072 ], [ -106.601933340724187, 47.312750195230812 ], [ -106.603499546382366, 47.321175239650323 ], [ -106.617445310591634, 47.32022830222575 ], [ -106.615877079590661, 47.31180340691072 ] ] ] } },
{ "type": "Feature", "properties": { "child_cell_id": "NHPA1K_V1_R+0000906_C-0000754", "parent_cell_id": "NHPA5K_V1_R+000181_C-000151", "claim_status": "GEOMETRY_QA_ONLY_NOT_A_DEER_PRODUCT" }, "geometry": { "type": "Polygon", "coordinates": [ [ [ -106.601933340724187, 47.312750195230812 ], [ -106.587989141178326, 47.313695745415245 ], [ -106.589553321291206, 47.322120938751929 ], [ -106.603499546382366, 47.321175239650323 ], [ -106.601933340724187, 47.312750195230812 ] ] ] } },
{ "type": "Feature", "properties": { "child_cell_id": "NHPA1K_V1_R+0000906_C-0000753", "parent_cell_id": "NHPA5K_V1_R+000181_C-000151", "claim_status": "GEOMETRY_QA_ONLY_NOT_A_DEER_PRODUCT" }, "geometry": { "type": "Polygon", "coordinates": [ [ [ -106.587989141178326, 47.313695745415245 ], [ -106.574044481533633, 47.314640057398712 ], [ -106.575606635899007, 47.323065399465108 ], [ -106.589553321291206, 47.322120938751929 ], [ -106.587989141178326, 47.313695745415245 ] ] ] } },
{ "type": "Feature", "properties": { "child_cell_id": "NHPA1K_V1_R+0000906_C-0000752", "parent_cell_id": "NHPA5K_V1_R+000181_C-000151", "claim_status": "GEOMETRY_QA_ONLY_NOT_A_DEER_PRODUCT" }, "geometry": { "type": "Polygon", "coordinates": [ [ [ -106.574044481533633, 47.314640057398712 ], [ -106.560099362370877, 47.315583131115822 ], [ -106.561659490786724, 47.324008621724545 ], [ -106.575606635899007, 47.323065399465108 ], [ -106.574044481533633, 47.314640057398712 ] ] ] } },
{ "type": "Feature", "properties": { "child_cell_id": "NHPA1K_V1_R+0000906_C-0000751", "parent_cell_id": "NHPA5K_V1_R+000181_C-000151", "claim_status": "GEOMETRY_QA_ONLY_NOT_A_DEER_PRODUCT" }, "geometry": { "type": "Polygon", "coordinates": [ [ [ -106.560099362370877, 47.315583131115822 ], [ -106.546153784270842, 47.316524966501461 ], [ -106.54771188653541, 47.32495060546497 ], [ -106.561659490786724, 47.324008621724545 ], [ -106.560099362370877, 47.315583131115822 ] ] ] } },
{ "type": "Feature", "properties": { "child_cell_id": "NHPA1K_V1_R+0000907_C-0000755", "parent_cell_id": "NHPA5K_V1_R+000181_C-000151", "claim_status": "GEOMETRY_QA_ONLY_NOT_A_DEER_PRODUCT" }, "geometry": { "type": "Polygon", "coordinates": [ [ [ -106.617445310591634, 47.32022830222575 ], [ -106.603499546382366, 47.321175239650323 ], [ -106.605066212922452, 47.329600355958995 ], [ -106.619014003055241, 47.328653269360586 ], [ -106.617445310591634, 47.32022830222575 ] ] ] } },
{ "type": "Feature", "properties": { "child_cell_id": "NHPA1K_V1_R+0000907_C-0000754", "parent_cell_id": "NHPA5K_V1_R+000181_C-000151", "claim_status": "GEOMETRY_QA_ONLY_NOT_A_DEER_PRODUCT" }, "geometry": { "type": "Polygon", "coordinates": [ [ [ -106.603499546382366, 47.321175239650323 ], [ -106.589553321291206, 47.322120938751929 ], [ -106.591117961705166, 47.33054620404701 ], [ -106.605066212922452, 47.329600355958995 ], [ -106.603499546382366, 47.321175239650323 ] ] ] } },
{ "type": "Feature", "properties": { "child_cell_id": "NHPA1K_V1_R+0000907_C-0000753", "parent_cell_id": "NHPA5K_V1_R+000181_C-000151", "claim_status": "GEOMETRY_QA_ONLY_NOT_A_DEER_PRODUCT" }, "geometry": { "type": "Polygon", "coordinates": [ [ [ -106.589553321291206, 47.322120938751929 ], [ -106.575606635899007, 47.323065399465108 ], [ -106.577169249984479, 47.331490813559121 ], [ -106.591117961705166, 47.33054620404701 ], [ -106.589553321291206, 47.322120938751929 ] ] ] } },
{ "type": "Feature", "properties": { "child_cell_id": "NHPA1K_V1_R+0000907_C-0000752", "parent_cell_id": "NHPA5K_V1_R+000181_C-000151", "claim_status": "GEOMETRY_QA_ONLY_NOT_A_DEER_PRODUCT" }, "geometry": { "type": "Polygon", "coordinates": [ [ [ -106.575606635899007, 47.323065399465108 ], [ -106.561659490786724, 47.324008621724545 ], [ -106.563220078341573, 47.332434184429943 ], [ -106.577169249984479, 47.331490813559121 ], [ -106.575606635899007, 47.323065399465108 ] ] ] } },
{ "type": "Feature", "properties": { "child_cell_id": "NHPA1K_V1_R+0000907_C-0000751", "parent_cell_id": "NHPA5K_V1_R+000181_C-000151", "claim_status": "GEOMETRY_QA_ONLY_NOT_A_DEER_PRODUCT" }, "geometry": { "type": "Polygon", "coordinates": [ [ [ -106.561659490786724, 47.324008621724545 ], [ -106.54771188653541, 47.32495060546497 ], [ -106.549270447357813, 47.33337631659429 ], [ -106.563220078341573, 47.332434184429943 ], [ -106.561659490786724, 47.324008621724545 ] ] ] } },
{ "type": "Feature", "properties": { "child_cell_id": "NHPA1K_V1_R+0000908_C-0000755", "parent_cell_id": "NHPA5K_V1_R+000181_C-000151", "claim_status": "GEOMETRY_QA_ONLY_NOT_A_DEER_PRODUCT" }, "geometry": { "type": "Polygon", "coordinates": [ [ [ -106.619014003055241, 47.328653269360586 ], [ -106.605066212922452, 47.329600355958995 ], [ -106.606633340547063, 47.338025544378688 ], [ -106.620583157184356, 47.337078308537002 ], [ -106.619014003055241, 47.328653269360586 ] ] ] } },
{ "type": "Feature", "properties": { "child_cell_id": "NHPA1K_V1_R+0000908_C-0000754", "parent_cell_id": "NHPA5K_V1_R+000181_C-000151", "claim_status": "GEOMETRY_QA_ONLY_NOT_A_DEER_PRODUCT" }, "geometry": { "type": "Polygon", "coordinates": [ [ [ -106.605066212922452, 47.329600355958995 ], [ -106.591117961705166, 47.33054620404701 ], [ -106.592683062622555, 47.338971541522398 ], [ -106.606633340547063, 47.338025544378688 ], [ -106.605066212922452, 47.329600355958995 ] ] ] } },
{ "type": "Feature", "properties": { "child_cell_id": "NHPA1K_V1_R+0000908_C-0000753", "parent_cell_id": "NHPA5K_V1_R+000181_C-000151", "claim_status": "GEOMETRY_QA_ONLY_NOT_A_DEER_PRODUCT" }, "geometry": { "type": "Polygon", "coordinates": [ [ [ -106.591117961705166, 47.33054620404701 ], [ -106.577169249984479, 47.331490813559121 ], [ -106.578732323992156, 47.339916299902676 ], [ -106.592683062622555, 47.338971541522398 ], [ -106.591117961705166, 47.33054620404701 ] ] ] } },
{ "type": "Feature", "properties": { "child_cell_id": "NHPA1K_V1_R+0000908_C-0000752", "parent_cell_id": "NHPA5K_V1_R+000181_C-000151", "claim_status": "GEOMETRY_QA_ONLY_NOT_A_DEER_PRODUCT" }, "geometry": { "type": "Polygon", "coordinates": [ [ [ -106.577169249984479, 47.331490813559121 ], [ -106.563220078341573, 47.332434184429943 ], [ -106.564781125237332, 47.340859819454067 ], [ -106.578732323992156, 47.339916299902676 ], [ -106.577169249984479, 47.331490813559121 ] ] ] } },
{ "type": "Feature", "properties": { "child_cell_id": "NHPA1K_V1_R+0000908_C-0000751", "parent_cell_id": "NHPA5K_V1_R+000181_C-000151", "claim_status": "GEOMETRY_QA_ONLY_NOT_A_DEER_PRODUCT" }, "geometry": { "type": "Polygon", "coordinates": [ [ [ -106.563220078341573, 47.332434184429943 ], [ -106.549270447357813, 47.33337631659429 ], [ -106.550829466939661, 47.341802100111273 ], [ -106.564781125237332, 47.340859819454067 ], [ -106.563220078341573, 47.332434184429943 ] ] ] } },
{ "type": "Feature", "properties": { "child_cell_id": "NHPA1K_V1_R+0000909_C-0000755", "parent_cell_id": "NHPA5K_V1_R+000181_C-000151", "claim_status": "GEOMETRY_QA_ONLY_NOT_A_DEER_PRODUCT" }, "geometry": { "type": "Polygon", "coordinates": [ [ [ -106.620583157184356, 47.337078308537002 ], [ -106.606633340547063, 47.338025544378688 ], [ -106.608200929458931, 47.346450805131198 ], [ -106.622152773181938, 47.345503419976858 ], [ -106.620583157184356, 47.337078308537002 ] ] ] } },
{ "type": "Feature", "properties": { "child_cell_id": "NHPA1K_V1_R+0000909_C-0000754", "parent_cell_id": "NHPA5K_V1_R+000181_C-000151", "claim_status": "GEOMETRY_QA_ONLY_NOT_A_DEER_PRODUCT" }, "geometry": { "type": "Polygon", "coordinates": [ [ [ -106.606633340547063, 47.338025544378688 ], [ -106.592683062622555, 47.338971541522398 ], [ -106.59424862424585, 47.347396951400036 ], [ -106.608200929458931, 47.346450805131198 ], [ -106.606633340547063, 47.338025544378688 ] ] ] } },
{ "type": "Feature", "properties": { "child_cell_id": "NHPA1K_V1_R+0000909_C-0000753", "parent_cell_id": "NHPA5K_V1_R+000181_C-000151", "claim_status": "GEOMETRY_QA_ONLY_NOT_A_DEER_PRODUCT" }, "geometry": { "type": "Polygon", "coordinates": [ [ [ -106.592683062622555, 47.338971541522398 ], [ -106.578732323992156, 47.339916299902676 ], [ -106.580295858124302, 47.348341858717774 ], [ -106.59424862424585, 47.347396951400036 ], [ -106.592683062622555, 47.338971541522398 ] ] ] } },
{ "type": "Feature", "properties": { "child_cell_id": "NHPA1K_V1_R+0000909_C-0000752", "parent_cell_id": "NHPA5K_V1_R+000181_C-000151", "claim_status": "GEOMETRY_QA_ONLY_NOT_A_DEER_PRODUCT" }, "geometry": { "type": "Polygon", "coordinates": [ [ [ -106.578732323992156, 47.339916299902676 ], [ -106.564781125237332, 47.340859819454067 ], [ -106.566342631675965, 47.349285527018914 ], [ -106.580295858124302, 47.348341858717774 ], [ -106.578732323992156, 47.339916299902676 ] ] ] } },
{ "type": "Feature", "properties": { "child_cell_id": "NHPA1K_V1_R+0000909_C-0000751", "parent_cell_id": "NHPA5K_V1_R+000181_C-000151", "claim_status": "GEOMETRY_QA_ONLY_NOT_A_DEER_PRODUCT" }, "geometry": { "type": "Polygon", "coordinates": [ [ [ -106.564781125237332, 47.340859819454067 ], [ -106.550829466939661, 47.341802100111273 ], [ -106.552388945482662, 47.350227956238164 ], [ -106.566342631675965, 47.349285527018914 ], [ -106.564781125237332, 47.340859819454067 ] ] ] } },
{ "type": "Feature", "properties": { "child_cell_id": "NHPA1K_V1_R+0001150_C+0000685", "parent_cell_id": "NHPA5K_V1_R+000230_C+000137", "claim_status": "GEOMETRY_QA_ONLY_NOT_A_DEER_PRODUCT" }, "geometry": { "type": "Polygon", "coordinates": [ [ [ -86.000399031667627, 49.436019092008898 ], [ -85.985909351159464, 49.435122691924732 ], [ -85.984372800829107, 49.443583063943308 ], [ -85.998864671503298, 49.444479616932732 ], [ -86.000399031667627, 49.436019092008898 ] ] ] } },
{ "type": "Feature", "properties": { "child_cell_id": "NHPA1K_V1_R+0001150_C+0000686", "parent_cell_id": "NHPA5K_V1_R+000230_C+000137", "claim_status": "GEOMETRY_QA_ONLY_NOT_A_DEER_PRODUCT" }, "geometry": { "type": "Polygon", "coordinates": [ [ [ -85.985909351159464, 49.435122691924732 ], [ -85.971420140285417, 49.434225000413463 ], [ -85.969881400003658, 49.442685219314136 ], [ -85.984372800829107, 49.443583063943308 ], [ -85.985909351159464, 49.435122691924732 ] ] ] } },
{ "type": "Feature", "properties": { "child_cell_id": "NHPA1K_V1_R+0001150_C+0000687", "parent_cell_id": "NHPA5K_V1_R+000230_C+000137", "claim_status": "GEOMETRY_QA_ONLY_NOT_A_DEER_PRODUCT" }, "geometry": { "type": "Polygon", "coordinates": [ [ [ -85.971420140285417, 49.434225000413463 ], [ -85.956931399699599, 49.433326017544992 ], [ -85.955390469681319, 49.441786083115183 ], [ -85.969881400003658, 49.442685219314136 ], [ -85.971420140285417, 49.434225000413463 ] ] ] } },
{ "type": "Feature", "properties": { "child_cell_id": "NHPA1K_V1_R+0001150_C+0000688", "parent_cell_id": "NHPA5K_V1_R+000230_C+000137", "claim_status": "GEOMETRY_QA_ONLY_NOT_A_DEER_PRODUCT" }, "geometry": { "type": "Polygon", "coordinates": [ [ [ -85.956931399699599, 49.433326017544992 ], [ -85.942443130055963, 49.432425743389217 ], [ -85.94090001051633, 49.440885655416473 ], [ -85.955390469681319, 49.441786083115183 ], [ -85.956931399699599, 49.433326017544992 ] ] ] } },
{ "type": "Feature", "properties": { "child_cell_id": "NHPA1K_V1_R+0001150_C+0000689", "parent_cell_id": "NHPA5K_V1_R+000230_C+000137", "claim_status": "GEOMETRY_QA_ONLY_NOT_A_DEER_PRODUCT" }, "geometry": { "type": "Polygon", "coordinates": [ [ [ -85.942443130055963, 49.432425743389217 ], [ -85.927955332008352, 49.431524178016247 ], [ -85.92641002316283, 49.439983936288115 ], [ -85.94090001051633, 49.440885655416473 ], [ -85.942443130055963, 49.432425743389217 ] ] ] } },
{ "type": "Feature", "properties": { "child_cell_id": "NHPA1K_V1_R+0001151_C+0000685", "parent_cell_id": "NHPA5K_V1_R+000230_C+000137", "claim_status": "GEOMETRY_QA_ONLY_NOT_A_DEER_PRODUCT" }, "geometry": { "type": "Polygon", "coordinates": [ [ [ -85.998864671503298, 49.444479616932732 ], [ -85.984372800829107, 49.443583063943308 ], [ -85.982835780650007, 49.4520435713195 ], [ -85.997329842144723, 49.45294027728918 ], [ -85.998864671503298, 49.444479616932732 ] ] ] } },
{ "type": "Feature", "properties": { "child_cell_id": "NHPA1K_V1_R+0001151_C+0000686", "parent_cell_id": "NHPA5K_V1_R+000230_C+000137", "claim_status": "GEOMETRY_QA_ONLY_NOT_A_DEER_PRODUCT" }, "geometry": { "type": "Polygon", "coordinates": [ [ [ -85.984372800829107, 49.443583063943308 ], [ -85.969881400003658, 49.442685219314136 ], [ -85.96834218921876, 49.451145573497527 ], [ -85.982835780650007, 49.4520435713195 ], [ -85.984372800829107, 49.443583063943308 ] ] ] } },
{ "type": "Feature", "properties": { "child_cell_id": "NHPA1K_V1_R+0001151_C+0000687", "parent_cell_id": "NHPA5K_V1_R+000230_C+000137", "claim_status": "GEOMETRY_QA_ONLY_NOT_A_DEER_PRODUCT" }, "geometry": { "type": "Polygon", "coordinates": [ [ [ -85.969881400003658, 49.442685219314136 ], [ -85.955390469681319, 49.441786083115183 ], [ -85.953849068505633, 49.450246283893144 ], [ -85.96834218921876, 49.451145573497527 ], [ -85.969881400003658, 49.442685219314136 ] ] ] } },
{ "type": "Feature", "properties": { "child_cell_id": "NHPA1K_V1_R+0001151_C+0000688", "parent_cell_id": "NHPA5K_V1_R+000230_C+000137", "claim_status": "GEOMETRY_QA_ONLY_NOT_A_DEER_PRODUCT" }, "geometry": { "type": "Polygon", "coordinates": [ [ [ -85.955390469681319, 49.441786083115183 ], [ -85.94090001051633, 49.440885655416473 ], [ -85.939356419165193, 49.449345702576259 ], [ -85.953849068505633, 49.450246283893144 ], [ -85.955390469681319, 49.441786083115183 ] ] ] } },
{ "type": "Feature", "properties": { "child_cell_id": "NHPA1K_V1_R+0001151_C+0000689", "parent_cell_id": "NHPA5K_V1_R+000230_C+000137", "claim_status": "GEOMETRY_QA_ONLY_NOT_A_DEER_PRODUCT" }, "geometry": { "type": "Polygon", "coordinates": [ [ [ -85.94090001051633, 49.440885655416473 ], [ -85.92641002316283, 49.439983936288115 ], [ -85.924864241851822, 49.448443829617212 ], [ -85.939356419165193, 49.449345702576259 ], [ -85.94090001051633, 49.440885655416473 ] ] ] } },
{ "type": "Feature", "properties": { "child_cell_id": "NHPA1K_V1_R+0001152_C+0000685", "parent_cell_id": "NHPA5K_V1_R+000230_C+000137", "claim_status": "GEOMETRY_QA_ONLY_NOT_A_DEER_PRODUCT" }, "geometry": { "type": "Polygon", "coordinates": [ [ [ -85.997329842144723, 49.45294027728918 ], [ -85.982835780650007, 49.4520435713195 ], [ -85.981298290407423, 49.460504214313715 ], [ -85.995794543377471, 49.461401073338386 ], [ -85.997329842144723, 49.45294027728918 ] ] ] } },
{ "type": "Feature", "properties": { "child_cell_id": "NHPA1K_V1_R+0001152_C+0000686", "parent_cell_id": "NHPA5K_V1_R+000230_C+000137", "claim_status": "GEOMETRY_QA_ONLY_NOT_A_DEER_PRODUCT" }, "geometry": { "type": "Polygon", "coordinates": [ [ [ -85.982835780650007, 49.4520435713195 ], [ -85.96834218921876, 49.451145573497527 ], [ -85.966802507715713, 49.459606063223887 ], [ -85.981298290407423, 49.460504214313715 ], [ -85.982835780650007, 49.4520435713195 ] ] ] } },
{ "type": "Feature", "properties": { "child_cell_id": "NHPA1K_V1_R+0001152_C+0000687", "parent_cell_id": "NHPA5K_V1_R+000230_C+000137", "claim_status": "GEOMETRY_QA_ONLY_NOT_A_DEER_PRODUCT" }, "geometry": { "type": "Polygon", "coordinates": [ [ [ -85.96834218921876, 49.451145573497527 ], [ -85.953849068505633, 49.450246283893144 ], [ -85.95230719595726, 49.458706620138841 ], [ -85.966802507715713, 49.459606063223887 ], [ -85.96834218921876, 49.451145573497527 ] ] ] } },
{ "type": "Feature", "properties": { "child_cell_id": "NHPA1K_V1_R+0001152_C+0000688", "parent_cell_id": "NHPA5K_V1_R+000230_C+000137", "claim_status": "GEOMETRY_QA_ONLY_NOT_A_DEER_PRODUCT" }, "geometry": { "type": "Polygon", "coordinates": [ [ [ -85.953849068505633, 49.450246283893144 ], [ -85.939356419165193, 49.449345702576259 ], [ -85.937812355786946, 49.457805885128671 ], [ -85.95230719595726, 49.458706620138841 ], [ -85.953849068505633, 49.450246283893144 ] ] ] } },
{ "type": "Feature", "properties": { "child_cell_id": "NHPA1K_V1_R+0001152_C+0000689", "parent_cell_id": "NHPA5K_V1_R+000230_C+000137", "claim_status": "GEOMETRY_QA_ONLY_NOT_A_DEER_PRODUCT" }, "geometry": { "type": "Polygon", "coordinates": [ [ [ -85.939356419165193, 49.449345702576259 ], [ -85.924864241851822, 49.448443829617212 ], [ -85.923317987859448, 49.456903858263637 ], [ -85.937812355786946, 49.457805885128671 ], [ -85.939356419165193, 49.449345702576259 ] ] ] } },
{ "type": "Feature", "properties": { "child_cell_id": "NHPA1K_V1_R+0001153_C+0000685", "parent_cell_id": "NHPA5K_V1_R+000230_C+000137", "claim_status": "GEOMETRY_QA_ONLY_NOT_A_DEER_PRODUCT" }, "geometry": { "type": "Polygon", "coordinates": [ [ [ -85.995794543377471, 49.461401073338386 ], [ -85.981298290407423, 49.460504214313715 ], [ -85.979760329886489, 49.468964993186326 ], [ -85.994258774986946, 49.469862005341007 ], [ -85.995794543377471, 49.461401073338386 ] ] ] } },
{ "type": "Feature", "properties": { "child_cell_id": "NHPA1K_V1_R+0001153_C+0000686", "parent_cell_id": "NHPA5K_V1_R+000230_C+000137", "claim_status": "GEOMETRY_QA_ONLY_NOT_A_DEER_PRODUCT" }, "geometry": { "type": "Polygon", "coordinates": [ [ [ -85.981298290407423, 49.460504214313715 ], [ -85.966802507715713, 49.459606063223887 ], [ -85.96526235527935, 49.468066688753574 ], [ -85.979760329886489, 49.468964993186326 ], [ -85.981298290407423, 49.460504214313715 ] ] ] } },
{ "type": "Feature", "properties": { "child_cell_id": "NHPA1K_V1_R+0001153_C+0000687", "parent_cell_id": "NHPA5K_V1_R+000230_C+000137", "claim_status": "GEOMETRY_QA_ONLY_NOT_A_DEER_PRODUCT" }, "geometry": { "type": "Polygon", "coordinates": [ [ [ -85.966802507715713, 49.459606063223887 ], [ -85.95230719595726, 49.458706620138841 ], [ -85.950764851820765, 49.467167092112724 ], [ -85.96526235527935, 49.468066688753574 ], [ -85.966802507715713, 49.459606063223887 ] ] ] } },
{ "type": "Feature", "properties": { "child_cell_id": "NHPA1K_V1_R+0001153_C+0000688", "parent_cell_id": "NHPA5K_V1_R+000230_C+000137", "claim_status": "GEOMETRY_QA_ONLY_NOT_A_DEER_PRODUCT" }, "geometry": { "type": "Polygon", "coordinates": [ [ [ -85.95230719595726, 49.458706620138841 ], [ -85.937812355786946, 49.457805885128671 ], [ -85.936267820165881, 49.466266203333966 ], [ -85.950764851820765, 49.467167092112724 ], [ -85.95230719595726, 49.458706620138841 ] ] ] } },
{ "type": "Feature", "properties": { "child_cell_id": "NHPA1K_V1_R+0001153_C+0000689", "parent_cell_id": "NHPA5K_V1_R+000230_C+000137", "claim_status": "GEOMETRY_QA_ONLY_NOT_A_DEER_PRODUCT" }, "geometry": { "type": "Polygon", "coordinates": [ [ [ -85.937812355786946, 49.457805885128671 ], [ -85.923317987859448, 49.456903858263637 ], [ -85.921771260969649, 49.465364022487577 ], [ -85.936267820165881, 49.466266203333966 ], [ -85.937812355786946, 49.457805885128671 ] ] ] } },
{ "type": "Feature", "properties": { "child_cell_id": "NHPA1K_V1_R+0001154_C+0000685", "parent_cell_id": "NHPA5K_V1_R+000230_C+000137", "claim_status": "GEOMETRY_QA_ONLY_NOT_A_DEER_PRODUCT" }, "geometry": { "type": "Polygon", "coordinates": [ [ [ -85.994258774986946, 49.469862005341007 ], [ -85.979760329886489, 49.468964993186326 ], [ -85.978221898872206, 49.47742590819788 ], [ -85.99272253675845, 49.478323073557611 ], [ -85.994258774986946, 49.469862005341007 ] ] ] } },
{ "type": "Feature", "properties": { "child_cell_id": "NHPA1K_V1_R+0001154_C+0000686", "parent_cell_id": "NHPA5K_V1_R+000230_C+000137", "claim_status": "GEOMETRY_QA_ONLY_NOT_A_DEER_PRODUCT" }, "geometry": { "type": "Polygon", "coordinates": [ [ [ -85.979760329886489, 49.468964993186326 ], [ -85.96526235527935, 49.468066688753574 ], [ -85.963721731694392, 49.476527450347092 ], [ -85.978221898872206, 49.47742590819788 ], [ -85.979760329886489, 49.468964993186326 ] ] ] } },
{ "type": "Feature", "properties": { "child_cell_id": "NHPA1K_V1_R+0001154_C+0000687", "parent_cell_id": "NHPA5K_V1_R+000230_C+000137", "claim_status": "GEOMETRY_QA_ONLY_NOT_A_DEER_PRODUCT" }, "geometry": { "type": "Polygon", "coordinates": [ [ [ -85.96526235527935, 49.468066688753574 ], [ -85.950764851820765, 49.467167092112724 ], [ -85.949222035880553, 49.475627700075236 ], [ -85.963721731694392, 49.476527450347092 ], [ -85.96526235527935, 49.468066688753574 ] ] ] } },
{ "type": "Feature", "properties": { "child_cell_id": "NHPA1K_V1_R+0001154_C+0000688", "parent_cell_id": "NHPA5K_V1_R+000230_C+000137", "claim_status": "GEOMETRY_QA_ONLY_NOT_A_DEER_PRODUCT" }, "geometry": { "type": "Polygon", "coordinates": [ [ [ -85.950764851820765, 49.467167092112724 ], [ -85.936267820165881, 49.466266203333966 ], [ -85.934722812086108, 49.474726657452628 ], [ -85.949222035880553, 49.475627700075236 ], [ -85.950764851820765, 49.467167092112724 ] ] ] } },
{ "type": "Feature", "properties": { "child_cell_id": "NHPA1K_V1_R+0001154_C+0000689", "parent_cell_id": "NHPA5K_V1_R+000230_C+000137", "claim_status": "GEOMETRY_QA_ONLY_NOT_A_DEER_PRODUCT" }, "geometry": { "type": "Polygon", "coordinates": [ [ [ -85.936267820165881, 49.466266203333966 ], [ -85.921771260969649, 49.465364022487577 ], [ -85.920224060966333, 49.473824322549426 ], [ -85.934722812086108, 49.474726657452628 ], [ -85.936267820165881, 49.466266203333966 ] ] ] } },
{ "type": "Feature", "properties": { "child_cell_id": "NHPA1K_V1_R+0001405_C-0000635", "parent_cell_id": "NHPA5K_V1_R+000281_C-000127", "claim_status": "GEOMETRY_QA_ONLY_NOT_A_DEER_PRODUCT" }, "geometry": { "type": "Polygon", "coordinates": [ [ [ -105.652499043986523, 51.643757107892156 ], [ -105.637402857842218, 51.644626166073358 ], [ -105.638943141645868, 51.65313869754614 ], [ -105.654041707090173, 51.65226947785186 ], [ -105.652499043986523, 51.643757107892156 ] ] ] } },
{ "type": "Feature", "properties": { "child_cell_id": "NHPA1K_V1_R+0001405_C-0000634", "parent_cell_id": "NHPA5K_V1_R+000281_C-000127", "claim_status": "GEOMETRY_QA_ONLY_NOT_A_DEER_PRODUCT" }, "geometry": { "type": "Polygon", "coordinates": [ [ [ -105.637402857842218, 51.644626166073358 ], [ -105.622306181204266, 51.645493871027377 ], [ -105.623844085474332, 51.654006563769904 ], [ -105.638943141645868, 51.65313869754614 ], [ -105.637402857842218, 51.644626166073358 ] ] ] } },
{ "type": "Feature", "properties": { "child_cell_id": "NHPA1K_V1_R+0001405_C-0000633", "parent_cell_id": "NHPA5K_V1_R+000281_C-000127", "claim_status": "GEOMETRY_QA_ONLY_NOT_A_DEER_PRODUCT" }, "geometry": { "type": "Polygon", "coordinates": [ [ [ -105.622306181204266, 51.645493871027377 ], [ -105.607209014814586, 51.646360222677444 ], [ -105.608744539317811, 51.654873076446343 ], [ -105.623844085474332, 51.654006563769904 ], [ -105.622306181204266, 51.645493871027377 ] ] ] } },
{ "type": "Feature", "properties": { "child_cell_id": "NHPA1K_V1_R+0001405_C-0000632", "parent_cell_id": "NHPA5K_V1_R+000281_C-000127", "claim_status": "GEOMETRY_QA_ONLY_NOT_A_DEER_PRODUCT" }, "geometry": { "type": "Polygon", "coordinates": [ [ [ -105.607209014814586, 51.646360222677444 ], [ -105.5921113594151, 51.647225220947114 ], [ -105.593644503918583, 51.655738235498909 ], [ -105.608744539317811, 51.654873076446343 ], [ -105.607209014814586, 51.646360222677444 ] ] ] } },
{ "type": "Feature", "properties": { "child_cell_id": "NHPA1K_V1_R+0001405_C-0000631", "parent_cell_id": "NHPA5K_V1_R+000281_C-000127", "claim_status": "GEOMETRY_QA_ONLY_NOT_A_DEER_PRODUCT" }, "geometry": { "type": "Polygon", "coordinates": [ [ [ -105.5921113594151, 51.647225220947114 ], [ -105.577013215748025, 51.648088865759846 ], [ -105.578543980019205, 51.656602040850949 ], [ -105.593644503918583, 51.655738235498909 ], [ -105.5921113594151, 51.647225220947114 ] ] ] } },
{ "type": "Feature", "properties": { "child_cell_id": "NHPA1K_V1_R+0001406_C-0000635", "parent_cell_id": "NHPA5K_V1_R+000281_C-000127", "claim_status": "GEOMETRY_QA_ONLY_NOT_A_DEER_PRODUCT" }, "geometry": { "type": "Polygon", "coordinates": [ [ [ -105.654041707090173, 51.65226947785186 ], [ -105.638943141645868, 51.65313869754614 ], [ -105.640483916176734, 51.66165144129495 ], [ -105.655584861663101, 51.660782060003577 ], [ -105.654041707090173, 51.65226947785186 ] ] ] } },
{ "type": "Feature", "properties": { "child_cell_id": "NHPA1K_V1_R+0001406_C-0000634", "parent_cell_id": "NHPA5K_V1_R+000281_C-000127", "claim_status": "GEOMETRY_QA_ONLY_NOT_A_DEER_PRODUCT" }, "geometry": { "type": "Polygon", "coordinates": [ [ [ -105.638943141645868, 51.65313869754614 ], [ -105.623844085474332, 51.654006563769904 ], [ -105.625382479729424, 51.662519468872432 ], [ -105.640483916176734, 51.66165144129495 ], [ -105.638943141645868, 51.65313869754614 ] ] ] } },
{ "type": "Feature", "properties": { "child_cell_id": "NHPA1K_V1_R+0001406_C-0000633", "parent_cell_id": "NHPA5K_V1_R+000281_C-000127", "claim_status": "GEOMETRY_QA_ONLY_NOT_A_DEER_PRODUCT" }, "geometry": { "type": "Polygon", "coordinates": [ [ [ -105.623844085474332, 51.654006563769904 ], [ -105.608744539317811, 51.654873076446343 ], [ -105.610280553063717, 51.663386142658979 ], [ -105.625382479729424, 51.662519468872432 ], [ -105.623844085474332, 51.654006563769904 ] ] ] } },
{ "type": "Feature", "properties": { "child_cell_id": "NHPA1K_V1_R+0001406_C-0000632", "parent_cell_id": "NHPA5K_V1_R+000281_C-000127", "claim_status": "GEOMETRY_QA_ONLY_NOT_A_DEER_PRODUCT" }, "geometry": { "type": "Polygon", "coordinates": [ [ [ -105.608744539317811, 51.654873076446343 ], [ -105.593644503918583, 51.655738235498909 ], [ -105.595178136922286, 51.664251462578108 ], [ -105.610280553063717, 51.663386142658979 ], [ -105.608744539317811, 51.654873076446343 ] ] ] } },
{ "type": "Feature", "properties": { "child_cell_id": "NHPA1K_V1_R+0001406_C-0000631", "parent_cell_id": "NHPA5K_V1_R+000281_C-000127", "claim_status": "GEOMETRY_QA_ONLY_NOT_A_DEER_PRODUCT" }, "geometry": { "type": "Polygon", "coordinates": [ [ [ -105.593644503918583, 51.655738235498909 ], [ -105.578543980019205, 51.656602040850949 ], [ -105.580075232047946, 51.665115428553108 ], [ -105.595178136922286, 51.664251462578108 ], [ -105.593644503918583, 51.655738235498909 ] ] ] } },
{ "type": "Feature", "properties": { "child_cell_id": "NHPA1K_V1_R+0001407_C-0000635", "parent_cell_id": "NHPA5K_V1_R+000281_C-000127", "claim_status": "GEOMETRY_QA_ONLY_NOT_A_DEER_PRODUCT" }, "geometry": { "type": "Polygon", "coordinates": [ [ [ -105.655584861663101, 51.660782060003577 ], [ -105.640483916176734, 51.66165144129495 ], [ -105.642025181668586, 51.670164397633734 ], [ -105.657128507939376, 51.669294854661096 ], [ -105.655584861663101, 51.660782060003577 ] ] ] } },
{ "type": "Feature", "properties": { "child_cell_id": "NHPA1K_V1_R+0001407_C-0000634", "parent_cell_id": "NHPA5K_V1_R+000281_C-000127", "claim_status": "GEOMETRY_QA_ONLY_NOT_A_DEER_PRODUCT" }, "geometry": { "type": "Polygon", "coordinates": [ [ [ -105.640483916176734, 51.66165144129495 ], [ -105.625382479729424, 51.662519468872432 ], [ -105.626921364202957, 51.671032586648714 ], [ -105.642025181668586, 51.670164397633734 ], [ -105.640483916176734, 51.66165144129495 ] ] ] } },
{ "type": "Feature", "properties": { "child_cell_id": "NHPA1K_V1_R+0001407_C-0000633", "parent_cell_id": "NHPA5K_V1_R+000281_C-000127", "claim_status": "GEOMETRY_QA_ONLY_NOT_A_DEER_PRODUCT" }, "geometry": { "type": "Polygon", "coordinates": [ [ [ -105.625382479729424, 51.662519468872432 ], [ -105.610280553063717, 51.663386142658979 ], [ -105.611817056285389, 51.671899421629227 ], [ -105.626921364202957, 51.671032586648714 ], [ -105.625382479729424, 51.662519468872432 ] ] ] } },
{ "type": "Feature", "properties": { "child_cell_id": "NHPA1K_V1_R+0001407_C-0000632", "parent_cell_id": "NHPA5K_V1_R+000281_C-000127", "claim_status": "GEOMETRY_QA_ONLY_NOT_A_DEER_PRODUCT" }, "geometry": { "type": "Polygon", "coordinates": [ [ [ -105.610280553063717, 51.663386142658979 ], [ -105.595178136922286, 51.664251462578108 ], [ -105.596712258658883, 51.672764902498592 ], [ -105.611817056285389, 51.671899421629227 ], [ -105.610280553063717, 51.663386142658979 ] ] ] } },
{ "type": "Feature", "properties": { "child_cell_id": "NHPA1K_V1_R+0001407_C-0000631", "parent_cell_id": "NHPA5K_V1_R+000281_C-000127", "claim_status": "GEOMETRY_QA_ONLY_NOT_A_DEER_PRODUCT" }, "geometry": { "type": "Polygon", "coordinates": [ [ [ -105.595178136922286, 51.664251462578108 ], [ -105.580075232047946, 51.665115428553108 ], [ -105.581606972066652, 51.673629029180148 ], [ -105.596712258658883, 51.672764902498592 ], [ -105.595178136922286, 51.664251462578108 ] ] ] } },
{ "type": "Feature", "properties": { "child_cell_id": "NHPA1K_V1_R+0001408_C-0000635", "parent_cell_id": "NHPA5K_V1_R+000281_C-000127", "claim_status": "GEOMETRY_QA_ONLY_NOT_A_DEER_PRODUCT" }, "geometry": { "type": "Polygon", "coordinates": [ [ [ -105.657128507939376, 51.669294854661096 ], [ -105.642025181668586, 51.670164397633734 ], [ -105.643566938355292, 51.678677566876217 ], [ -105.658672646153249, 51.677807862138216 ], [ -105.657128507939376, 51.669294854661096 ] ] ] } },
{ "type": "Feature", "properties": { "child_cell_id": "NHPA1K_V1_R+0001408_C-0000634", "parent_cell_id": "NHPA5K_V1_R+000281_C-000127", "claim_status": "GEOMETRY_QA_ONLY_NOT_A_DEER_PRODUCT" }, "geometry": { "type": "Polygon", "coordinates": [ [ [ -105.642025181668586, 51.670164397633734 ], [ -105.626921364202957, 51.671032586648714 ], [ -105.628460739128471, 51.679545917412824 ], [ -105.643566938355292, 51.678677566876217 ], [ -105.642025181668586, 51.670164397633734 ] ] ] } },
{ "type": "Feature", "properties": { "child_cell_id": "NHPA1K_V1_R+0001408_C-0000633", "parent_cell_id": "NHPA5K_V1_R+000281_C-000127", "claim_status": "GEOMETRY_QA_ONLY_NOT_A_DEER_PRODUCT" }, "geometry": { "type": "Polygon", "coordinates": [ [ [ -105.626921364202957, 51.671032586648714 ], [ -105.611817056285389, 51.671899421629227 ], [ -105.613354049215999, 51.680412913671219 ], [ -105.628460739128471, 51.679545917412824 ], [ -105.626921364202957, 51.671032586648714 ] ] ] } },
{ "type": "Feature", "properties": { "child_cell_id": "NHPA1K_V1_R+0001408_C-0000632", "parent_cell_id": "NHPA5K_V1_R+000281_C-000127", "claim_status": "GEOMETRY_QA_ONLY_NOT_A_DEER_PRODUCT" }, "geometry": { "type": "Polygon", "coordinates": [ [ [ -105.611817056285389, 51.671899421629227 ], [ -105.596712258658883, 51.672764902498592 ], [ -105.598246869361276, 51.681278555574657 ], [ -105.613354049215999, 51.680412913671219 ], [ -105.611817056285389, 51.671899421629227 ] ] ] } },
{ "type": "Feature", "properties": { "child_cell_id": "NHPA1K_V1_R+0001408_C-0000631", "parent_cell_id": "NHPA5K_V1_R+000281_C-000127", "claim_status": "GEOMETRY_QA_ONLY_NOT_A_DEER_PRODUCT" }, "geometry": { "type": "Polygon", "coordinates": [ [ [ -105.596712258658883, 51.672764902498592 ], [ -105.581606972066652, 51.673629029180148 ], [ -105.583139200307784, 51.682142843046321 ], [ -105.598246869361276, 51.681278555574657 ], [ -105.596712258658883, 51.672764902498592 ] ] ] } },
{ "type": "Feature", "properties": { "child_cell_id": "NHPA1K_V1_R+0001409_C-0000635", "parent_cell_id": "NHPA5K_V1_R+000281_C-000127", "claim_status": "GEOMETRY_QA_ONLY_NOT_A_DEER_PRODUCT" }, "geometry": { "type": "Polygon", "coordinates": [ [ [ -105.658672646153249, 51.677807862138216 ], [ -105.643566938355292, 51.678677566876217 ], [ -105.645109186470876, 51.687190949336639 ], [ -105.660217276539086, 51.686321082749082 ], [ -105.658672646153249, 51.677807862138216 ] ] ] } },
{ "type": "Feature", "properties": { "child_cell_id": "NHPA1K_V1_R+0001409_C-0000634", "parent_cell_id": "NHPA5K_V1_R+000281_C-000127", "claim_status": "GEOMETRY_QA_ONLY_NOT_A_DEER_PRODUCT" }, "geometry": { "type": "Polygon", "coordinates": [ [ [ -105.643566938355292, 51.678677566876217 ], [ -105.628460739128471, 51.679545917412824 ], [ -105.630000604739635, 51.688059461478993 ], [ -105.645109186470876, 51.687190949336639 ], [ -105.643566938355292, 51.678677566876217 ] ] ] } },
{ "type": "Feature", "properties": { "child_cell_id": "NHPA1K_V1_R+0001409_C-0000633", "parent_cell_id": "NHPA5K_V1_R+000281_C-000127", "claim_status": "GEOMETRY_QA_ONLY_NOT_A_DEER_PRODUCT" }, "geometry": { "type": "Polygon", "coordinates": [ [ [ -105.628460739128471, 51.679545917412824 ], [ -105.613354049215999, 51.680412913671219 ], [ -105.614891532088905, 51.688926619099206 ], [ -105.630000604739635, 51.688059461478993 ], [ -105.628460739128471, 51.679545917412824 ] ] ] } },
{ "type": "Feature", "properties": { "child_cell_id": "NHPA1K_V1_R+0001409_C-0000632", "parent_cell_id": "NHPA5K_V1_R+000281_C-000127", "claim_status": "GEOMETRY_QA_ONLY_NOT_A_DEER_PRODUCT" }, "geometry": { "type": "Polygon", "coordinates": [ [ [ -105.613354049215999, 51.680412913671219 ], [ -105.598246869361276, 51.681278555574657 ], [ -105.599781969262423, 51.689792422120512 ], [ -105.614891532088905, 51.688926619099206 ], [ -105.613354049215999, 51.680412913671219 ] ] ] } },
{ "type": "Feature", "properties": { "child_cell_id": "NHPA1K_V1_R+0001409_C-0000631", "parent_cell_id": "NHPA5K_V1_R+000281_C-000127", "claim_status": "GEOMETRY_QA_ONLY_NOT_A_DEER_PRODUCT" }, "geometry": { "type": "Polygon", "coordinates": [ [ [ -105.598246869361276, 51.681278555574657 ], [ -105.583139200307784, 51.682142843046321 ], [ -105.58467191700403, 51.690656870466093 ], [ -105.599781969262423, 51.689792422120512 ], [ -105.598246869361276, 51.681278555574657 ] ] ] } },
{ "type": "Feature", "properties": { "child_cell_id": "NHPA1K_V1_R+0001695_C-0001040", "parent_cell_id": "NHPA5K_V1_R+000339_C-000208", "claim_status": "GEOMETRY_QA_ONLY_NOT_A_DEER_PRODUCT" }, "geometry": { "type": "Polygon", "coordinates": [ [ [ -112.47233509223102, 53.633778081172949 ], [ -112.456812755752878, 53.635267482898527 ], [ -112.45953531591212, 53.643756948203446 ], [ -112.475060116158872, 53.642267249535003 ], [ -112.47233509223102, 53.633778081172949 ] ] ] } },
{ "type": "Feature", "properties": { "child_cell_id": "NHPA1K_V1_R+0001695_C-0001039", "parent_cell_id": "NHPA5K_V1_R+000339_C-000208", "claim_status": "GEOMETRY_QA_ONLY_NOT_A_DEER_PRODUCT" }, "geometry": { "type": "Polygon", "coordinates": [ [ [ -112.456812755752878, 53.635267482898527 ], [ -112.441289527811563, 53.636755503829853 ], [ -112.44400962376865, 53.645245265829018 ], [ -112.45953531591212, 53.643756948203446 ], [ -112.456812755752878, 53.635267482898527 ] ] ] } },
{ "type": "Feature", "properties": { "child_cell_id": "NHPA1K_V1_R+0001695_C-0001038", "parent_cell_id": "NHPA5K_V1_R+000339_C-000208", "claim_status": "GEOMETRY_QA_ONLY_NOT_A_DEER_PRODUCT" }, "geometry": { "type": "Polygon", "coordinates": [ [ [ -112.441289527811563, 53.636755503829853 ], [ -112.425765409162821, 53.63824214382327 ], [ -112.428483040484508, 53.646732202267962 ], [ -112.44400962376865, 53.645245265829018 ], [ -112.441289527811563, 53.636755503829853 ] ] ] } },
{ "type": "Feature", "properties": { "child_cell_id": "NHPA1K_V1_R+0001695_C-0001037", "parent_cell_id": "NHPA5K_V1_R+000339_C-000208", "claim_status": "GEOMETRY_QA_ONLY_NOT_A_DEER_PRODUCT" }, "geometry": { "type": "Polygon", "coordinates": [ [ [ -112.425765409162821, 53.63824214382327 ], [ -112.410240400562671, 53.63972740273519 ], [ -112.41295556681608, 53.648217757376607 ], [ -112.428483040484508, 53.646732202267962 ], [ -112.425765409162821, 53.63824214382327 ] ] ] } },
{ "type": "Feature", "properties": { "child_cell_id": "NHPA1K_V1_R+0001695_C-0001036", "parent_cell_id": "NHPA5K_V1_R+000339_C-000208", "claim_status": "GEOMETRY_QA_ONLY_NOT_A_DEER_PRODUCT" }, "geometry": { "type": "Polygon", "coordinates": [ [ [ -112.410240400562671, 53.63972740273519 ], [ -112.394714502767442, 53.64121128042212 ], [ -112.397427203519968, 53.649701931011435 ], [ -112.41295556681608, 53.648217757376607 ], [ -112.410240400562671, 53.63972740273519 ] ] ] } },
{ "type": "Feature", "properties": { "child_cell_id": "NHPA1K_V1_R+0001696_C-0001040", "parent_cell_id": "NHPA5K_V1_R+000339_C-000208", "claim_status": "GEOMETRY_QA_ONLY_NOT_A_DEER_PRODUCT" }, "geometry": { "type": "Polygon", "coordinates": [ [ [ -112.475060116158872, 53.642267249535003 ], [ -112.45953531591212, 53.643756948203446 ], [ -112.46225876796818, 53.652246673165848 ], [ -112.477786032739331, 53.650756677393083 ], [ -112.475060116158872, 53.642267249535003 ] ] ] } },
{ "type": "Feature", "properties": { "child_cell_id": "NHPA1K_V1_R+0001696_C-0001039", "parent_cell_id": "NHPA5K_V1_R+000339_C-000208", "claim_status": "GEOMETRY_QA_ONLY_NOT_A_DEER_PRODUCT" }, "geometry": { "type": "Polygon", "coordinates": [ [ [ -112.45953531591212, 53.643756948203446 ], [ -112.44400962376865, 53.645245265829018 ], [ -112.446730610866453, 53.653735287647166 ], [ -112.46225876796818, 53.652246673165848 ], [ -112.45953531591212, 53.643756948203446 ] ] ] } },
{ "type": "Feature", "properties": { "child_cell_id": "NHPA1K_V1_R+0001696_C-0001038", "parent_cell_id": "NHPA5K_V1_R+000339_C-000208", "claim_status": "GEOMETRY_QA_ONLY_NOT_A_DEER_PRODUCT" }, "geometry": { "type": "Polygon", "coordinates": [ [ [ -112.44400962376865, 53.645245265829018 ], [ -112.428483040484508, 53.646732202267962 ], [ -112.431201562190552, 53.655222520693073 ], [ -112.446730610866453, 53.653735287647166 ], [ -112.44400962376865, 53.645245265829018 ] ] ] } },
{ "type": "Feature", "properties": { "child_cell_id": "NHPA1K_V1_R+0001696_C-0001037", "parent_cell_id": "NHPA5K_V1_R+000339_C-000208", "claim_status": "GEOMETRY_QA_ONLY_NOT_A_DEER_PRODUCT" }, "geometry": { "type": "Polygon", "coordinates": [ [ [ -112.428483040484508, 53.646732202267962 ], [ -112.41295556681608, 53.648217757376607 ], [ -112.415671622697175, 53.656708372159699 ], [ -112.431201562190552, 53.655222520693073 ], [ -112.428483040484508, 53.646732202267962 ] ] ] } },
{ "type": "Feature", "properties": { "child_cell_id": "NHPA1K_V1_R+0001696_C-0001036", "parent_cell_id": "NHPA5K_V1_R+000339_C-000208", "claim_status": "GEOMETRY_QA_ONLY_NOT_A_DEER_PRODUCT" }, "geometry": { "type": "Polygon", "coordinates": [ [ [ -112.41295556681608, 53.648217757376607 ], [ -112.397427203519968, 53.649701931011435 ], [ -112.400140793143294, 53.65819284190362 ], [ -112.415671622697175, 53.656708372159699 ], [ -112.41295556681608, 53.648217757376607 ] ] ] } },
{ "type": "Feature", "properties": { "child_cell_id": "NHPA1K_V1_R+0001697_C-0001040", "parent_cell_id": "NHPA5K_V1_R+000339_C-000208", "claim_status": "GEOMETRY_QA_ONLY_NOT_A_DEER_PRODUCT" }, "geometry": { "type": "Polygon", "coordinates": [ [ [ -112.477786032739331, 53.650756677393083 ], [ -112.46225876796818, 53.652246673165848 ], [ -112.464983112354858, 53.660736658135704 ], [ -112.480512842406554, 53.659246365096763 ], [ -112.477786032739331, 53.650756677393083 ] ] ] } },
{ "type": "Feature", "properties": { "child_cell_id": "NHPA1K_V1_R+0001697_C-0001039", "parent_cell_id": "NHPA5K_V1_R+000339_C-000208", "claim_status": "GEOMETRY_QA_ONLY_NOT_A_DEER_PRODUCT" }, "geometry": { "type": "Polygon", "coordinates": [ [ [ -112.46225876796818, 53.652246673165848 ], [ -112.446730610866453, 53.653735287647166 ], [ -112.449452489538473, 53.662225569634309 ], [ -112.464983112354858, 53.660736658135704 ], [ -112.46225876796818, 53.652246673165848 ] ] ] } },
{ "type": "Feature", "properties": { "child_cell_id": "NHPA1K_V1_R+0001697_C-0001038", "parent_cell_id": "NHPA5K_V1_R+000339_C-000208", "claim_status": "GEOMETRY_QA_ONLY_NOT_A_DEER_PRODUCT" }, "geometry": { "type": "Polygon", "coordinates": [ [ [ -112.446730610866453, 53.653735287647166 ], [ -112.431201562190552, 53.655222520693073 ], [ -112.433920974714113, 53.6637130994486 ], [ -112.449452489538473, 53.662225569634309 ], [ -112.446730610866453, 53.653735287647166 ] ] ] } },
{ "type": "Feature", "properties": { "child_cell_id": "NHPA1K_V1_R+0001697_C-0001037", "parent_cell_id": "NHPA5K_V1_R+000339_C-000208", "claim_status": "GEOMETRY_QA_ONLY_NOT_A_DEER_PRODUCT" }, "geometry": { "type": "Polygon", "coordinates": [ [ [ -112.431201562190552, 53.655222520693073 ], [ -112.415671622697175, 53.656708372159699 ], [ -112.418388568638832, 53.665199247434742 ], [ -112.433920974714113, 53.6637130994486 ], [ -112.431201562190552, 53.655222520693073 ] ] ] } },
{ "type": "Feature", "properties": { "child_cell_id": "NHPA1K_V1_R+0001697_C-0001036", "parent_cell_id": "NHPA5K_V1_R+000339_C-000208", "claim_status": "GEOMETRY_QA_ONLY_NOT_A_DEER_PRODUCT" }, "geometry": { "type": "Polygon", "coordinates": [ [ [ -112.415671622697175, 53.656708372159699 ], [ -112.400140793143294, 53.65819284190362 ], [ -112.402855272069914, 53.666684013448936 ], [ -112.418388568638832, 53.665199247434742 ], [ -112.415671622697175, 53.656708372159699 ] ] ] } },
{ "type": "Feature", "properties": { "child_cell_id": "NHPA1K_V1_R+0001698_C-0001040", "parent_cell_id": "NHPA5K_V1_R+000339_C-000208", "claim_status": "GEOMETRY_QA_ONLY_NOT_A_DEER_PRODUCT" }, "geometry": { "type": "Polygon", "coordinates": [ [ [ -112.480512842406554, 53.659246365096763 ], [ -112.464983112354858, 53.660736658135704 ], [ -112.46770834950631, 53.669226903462913 ], [ -112.48324054559501, 53.66773631299597 ], [ -112.480512842406554, 53.659246365096763 ] ] ] } },
{ "type": "Feature", "properties": { "child_cell_id": "NHPA1K_V1_R+0001698_C-0001039", "parent_cell_id": "NHPA5K_V1_R+000339_C-000208", "claim_status": "GEOMETRY_QA_ONLY_NOT_A_DEER_PRODUCT" }, "geometry": { "type": "Polygon", "coordinates": [ [ [ -112.464983112354858, 53.660736658135704 ], [ -112.449452489538473, 53.662225569634309 ], [ -112.452175260218496, 53.670716112140632 ], [ -112.46770834950631, 53.669226903462913 ], [ -112.464983112354858, 53.660736658135704 ] ] ] } },
{ "type": "Feature", "properties": { "child_cell_id": "NHPA1K_V1_R+0001698_C-0001038", "parent_cell_id": "NHPA5K_V1_R+000339_C-000208", "claim_status": "GEOMETRY_QA_ONLY_NOT_A_DEER_PRODUCT" }, "geometry": { "type": "Polygon", "coordinates": [ [ [ -112.449452489538473, 53.662225569634309 ], [ -112.433920974714113, 53.6637130994486 ], [ -112.436641278488665, 53.672203938885062 ], [ -112.452175260218496, 53.670716112140632 ], [ -112.449452489538473, 53.662225569634309 ] ] ] } },
{ "type": "Feature", "properties": { "child_cell_id": "NHPA1K_V1_R+0001698_C-0001037", "parent_cell_id": "NHPA5K_V1_R+000339_C-000208", "claim_status": "GEOMETRY_QA_ONLY_NOT_A_DEER_PRODUCT" }, "geometry": { "type": "Polygon", "coordinates": [ [ [ -112.433920974714113, 53.6637130994486 ], [ -112.418388568638832, 53.665199247434742 ], [ -112.421106405074141, 53.673690383552184 ], [ -112.436641278488665, 53.672203938885062 ], [ -112.433920974714113, 53.6637130994486 ] ] ] } },
{ "type": "Feature", "properties": { "child_cell_id": "NHPA1K_V1_R+0001698_C-0001036", "parent_cell_id": "NHPA5K_V1_R+000339_C-000208", "claim_status": "GEOMETRY_QA_ONLY_NOT_A_DEER_PRODUCT" }, "geometry": { "type": "Polygon", "coordinates": [ [ [ -112.418388568638832, 53.665199247434742 ], [ -112.402855272069914, 53.666684013448936 ], [ -112.405570640732634, 53.675175445998057 ], [ -112.421106405074141, 53.673690383552184 ], [ -112.418388568638832, 53.665199247434742 ] ] ] } },
{ "type": "Feature", "properties": { "child_cell_id": "NHPA1K_V1_R+0001699_C-0001040", "parent_cell_id": "NHPA5K_V1_R+000339_C-000208", "claim_status": "GEOMETRY_QA_ONLY_NOT_A_DEER_PRODUCT" }, "geometry": { "type": "Polygon", "coordinates": [ [ [ -112.48324054559501, 53.66773631299597 ], [ -112.46770834950631, 53.669226903462913 ], [ -112.470434479856905, 53.677717409497951 ], [ -112.485969142739421, 53.676226521440853 ], [ -112.48324054559501, 53.66773631299597 ] ] ] } },
{ "type": "Feature", "properties": { "child_cell_id": "NHPA1K_V1_R+0001699_C-0001039", "parent_cell_id": "NHPA5K_V1_R+000339_C-000208", "claim_status": "GEOMETRY_QA_ONLY_NOT_A_DEER_PRODUCT" }, "geometry": { "type": "Polygon", "coordinates": [ [ [ -112.46770834950631, 53.669226903462913 ], [ -112.452175260218496, 53.670716112140632 ], [ -112.454898923340608, 53.679206915516659 ], [ -112.470434479856905, 53.677717409497951 ], [ -112.46770834950631, 53.669226903462913 ] ] ] } },
{ "type": "Feature", "properties": { "child_cell_id": "NHPA1K_V1_R+0001699_C-0001038", "parent_cell_id": "NHPA5K_V1_R+000339_C-000208", "claim_status": "GEOMETRY_QA_ONLY_NOT_A_DEER_PRODUCT" }, "geometry": { "type": "Polygon", "coordinates": [ [ [ -112.452175260218496, 53.670716112140632 ], [ -112.436641278488665, 53.672203938885062 ], [ -112.439362473947909, 53.680695039352919 ], [ -112.454898923340608, 53.679206915516659 ], [ -112.452175260218496, 53.670716112140632 ] ] ] } },
{ "type": "Feature", "properties": { "child_cell_id": "NHPA1K_V1_R+0001699_C-0001037", "parent_cell_id": "NHPA5K_V1_R+000339_C-000208", "claim_status": "GEOMETRY_QA_ONLY_NOT_A_DEER_PRODUCT" }, "geometry": { "type": "Polygon", "coordinates": [ [ [ -112.436641278488665, 53.672203938885062 ], [ -112.421106405074141, 53.673690383552184 ], [ -112.423825132436548, 53.682181780862656 ], [ -112.439362473947909, 53.680695039352919 ], [ -112.436641278488665, 53.672203938885062 ] ] ] } },
{ "type": "Feature", "properties": { "child_cell_id": "NHPA1K_V1_R+0001699_C-0001036", "parent_cell_id": "NHPA5K_V1_R+000339_C-000208", "claim_status": "GEOMETRY_QA_ONLY_NOT_A_DEER_PRODUCT" }, "geometry": { "type": "Polygon", "coordinates": [ [ [ -112.421106405074141, 53.673690383552184 ], [ -112.405570640732634, 53.675175445998057 ], [ -112.408286899564487, 53.683667139901907 ], [ -112.423825132436548, 53.682181780862656 ], [ -112.421106405074141, 53.673690383552184 ] ] ] } },
{ "type": "Feature", "properties": { "child_cell_id": "NHPA1K_V1_R+0002100_C-0000350", "parent_cell_id": "NHPA5K_V1_R+000420_C-000070", "claim_status": "GEOMETRY_QA_ONLY_NOT_A_DEER_PRODUCT" }, "geometry": { "type": "Polygon", "coordinates": [ [ [ -102.002895365308163, 57.854428943433845 ], [ -101.985789851165904, 57.854986480280843 ], [ -101.98687157431344, 57.863792342140151 ], [ -102.003980163156811, 57.863234669933377 ], [ -102.002895365308163, 57.854428943433845 ] ] ] } },
{ "type": "Feature", "properties": { "child_cell_id": "NHPA1K_V1_R+0002100_C-0000349", "parent_cell_id": "NHPA5K_V1_R+000420_C-000070", "claim_status": "GEOMETRY_QA_ONLY_NOT_A_DEER_PRODUCT" }, "geometry": { "type": "Polygon", "coordinates": [ [ [ -101.985789851165904, 57.854986480280843 ], [ -101.968683946716666, 57.855542430417842 ], [ -101.969762594952002, 57.864348427256623 ], [ -101.98687157431344, 57.863792342140151 ], [ -101.985789851165904, 57.854986480280843 ] ] ] } },
{ "type": "Feature", "properties": { "child_cell_id": "NHPA1K_V1_R+0002100_C-0000348", "parent_cell_id": "NHPA5K_V1_R+000420_C-000070", "claim_status": "GEOMETRY_QA_ONLY_NOT_A_DEER_PRODUCT" }, "geometry": { "type": "Polygon", "coordinates": [ [ [ -101.968683946716666, 57.855542430417842 ], [ -101.951577653061079, 57.856096793771854 ], [ -101.952653226173737, 57.864902925209854 ], [ -101.969762594952002, 57.864348427256623 ], [ -101.968683946716666, 57.855542430417842 ] ] ] } },
{ "type": "Feature", "properties": { "child_cell_id": "NHPA1K_V1_R+0002100_C-0000347", "parent_cell_id": "NHPA5K_V1_R+000420_C-000070", "claim_status": "GEOMETRY_QA_ONLY_NOT_A_DEER_PRODUCT" }, "geometry": { "type": "Polygon", "coordinates": [ [ [ -101.951577653061079, 57.856096793771854 ], [ -101.934470971299902, 57.856649570270051 ], [ -101.935543469079988, 57.865455835927101 ], [ -101.952653226173737, 57.864902925209854 ], [ -101.951577653061079, 57.856096793771854 ] ] ] } },
{ "type": "Feature", "properties": { "child_cell_id": "NHPA1K_V1_R+0002100_C-0000346", "parent_cell_id": "NHPA5K_V1_R+000420_C-000070", "claim_status": "GEOMETRY_QA_ONLY_NOT_A_DEER_PRODUCT" }, "geometry": { "type": "Polygon", "coordinates": [ [ [ -101.934470971299902, 57.856649570270051 ], [ -101.917363902534063, 57.857200759840261 ], [ -101.918433324772266, 57.866007159335794 ], [ -101.935543469079988, 57.865455835927101 ], [ -101.934470971299902, 57.856649570270051 ] ] ] } },
{ "type": "Feature", "properties": { "child_cell_id": "NHPA1K_V1_R+0002101_C-0000350", "parent_cell_id": "NHPA5K_V1_R+000420_C-000070", "claim_status": "GEOMETRY_QA_ONLY_NOT_A_DEER_PRODUCT" }, "geometry": { "type": "Polygon", "coordinates": [ [ [ -102.003980163156811, 57.863234669933377 ], [ -101.98687157431344, 57.863792342140151 ], [ -101.987953687979058, 57.8725987465413 ], [ -102.005065352624598, 57.872040938886904 ], [ -102.003980163156811, 57.863234669933377 ] ] ] } },
{ "type": "Feature", "properties": { "child_cell_id": "NHPA1K_V1_R+0002101_C-0000349", "parent_cell_id": "NHPA5K_V1_R+000420_C-000070", "claim_status": "GEOMETRY_QA_ONLY_NOT_A_DEER_PRODUCT" }, "geometry": { "type": "Polygon", "coordinates": [ [ [ -101.98687157431344, 57.863792342140151 ], [ -101.969762594952002, 57.864348427256623 ], [ -101.97084163260422, 57.873154966724996 ], [ -101.987953687979058, 57.8725987465413 ], [ -101.98687157431344, 57.863792342140151 ] ] ] } },
{ "type": "Feature", "properties": { "child_cell_id": "NHPA1K_V1_R+0002101_C-0000348", "parent_cell_id": "NHPA5K_V1_R+000420_C-000070", "claim_status": "GEOMETRY_QA_ONLY_NOT_A_DEER_PRODUCT" }, "geometry": { "type": "Polygon", "coordinates": [ [ [ -101.969762594952002, 57.864348427256623 ], [ -101.952653226173737, 57.864902925209854 ], [ -101.953729187601908, 57.873709599364915 ], [ -101.97084163260422, 57.873154966724996 ], [ -101.969762594952002, 57.864348427256623 ] ] ] } },
{ "type": "Feature", "properties": { "child_cell_id": "NHPA1K_V1_R+0002101_C-0000347", "parent_cell_id": "NHPA5K_V1_R+000420_C-000070", "claim_status": "GEOMETRY_QA_ONLY_NOT_A_DEER_PRODUCT" }, "geometry": { "type": "Polygon", "coordinates": [ [ [ -101.952653226173737, 57.864902925209854 ], [ -101.935543469079988, 57.865455835927101 ], [ -101.936616354074062, 57.87426264438831 ], [ -101.953729187601908, 57.873709599364915 ], [ -101.952653226173737, 57.864902925209854 ] ] ] } },
{ "type": "Feature", "properties": { "child_cell_id": "NHPA1K_V1_R+0002101_C-0000346", "parent_cell_id": "NHPA5K_V1_R+000420_C-000070", "claim_status": "GEOMETRY_QA_ONLY_NOT_A_DEER_PRODUCT" }, "geometry": { "type": "Polygon", "coordinates": [ [ [ -101.935543469079988, 57.865455835927101 ], [ -101.918433324772266, 57.866007159335794 ], [ -101.919503133122788, 57.874814101722478 ], [ -101.936616354074062, 57.87426264438831 ], [ -101.935543469079988, 57.865455835927101 ] ] ] } },
{ "type": "Feature", "properties": { "child_cell_id": "NHPA1K_V1_R+0002102_C-0000350", "parent_cell_id": "NHPA5K_V1_R+000420_C-000070", "claim_status": "GEOMETRY_QA_ONLY_NOT_A_DEER_PRODUCT" }, "geometry": { "type": "Polygon", "coordinates": [ [ [ -102.005065352624598, 57.872040938886904 ], [ -101.987953687979058, 57.8725987465413 ], [ -101.989036192373973, 57.881405694098312 ], [ -102.006150933923323, 57.880847750908124 ], [ -102.005065352624598, 57.872040938886904 ] ] ] } },
{ "type": "Feature", "properties": { "child_cell_id": "NHPA1K_V1_R+0002102_C-0000349", "parent_cell_id": "NHPA5K_V1_R+000420_C-000070", "claim_status": "GEOMETRY_QA_ONLY_NOT_A_DEER_PRODUCT" }, "geometry": { "type": "Polygon", "coordinates": [ [ [ -101.987953687979058, 57.8725987465413 ], [ -101.97084163260422, 57.873154966724996 ], [ -101.971921059883954, 57.881962049436972 ], [ -101.989036192373973, 57.881405694098312 ], [ -101.987953687979058, 57.8725987465413 ] ] ] } },
{ "type": "Feature", "properties": { "child_cell_id": "NHPA1K_V1_R+0002102_C-0000348", "parent_cell_id": "NHPA5K_V1_R+000420_C-000070", "claim_status": "GEOMETRY_QA_ONLY_NOT_A_DEER_PRODUCT" }, "geometry": { "type": "Polygon", "coordinates": [ [ [ -101.97084163260422, 57.873154966724996 ], [ -101.953729187601908, 57.873709599364915 ], [ -101.954805537555629, 57.882516816851208 ], [ -101.971921059883954, 57.881962049436972 ], [ -101.97084163260422, 57.873154966724996 ] ] ] } },
{ "type": "Feature", "properties": { "child_cell_id": "NHPA1K_V1_R+0002102_C-0000347", "parent_cell_id": "NHPA5K_V1_R+000420_C-000070", "claim_status": "GEOMETRY_QA_ONLY_NOT_A_DEER_PRODUCT" }, "geometry": { "type": "Polygon", "coordinates": [ [ [ -101.953729187601908, 57.873709599364915 ], [ -101.936616354074062, 57.87426264438831 ], [ -101.93768962649159, 57.883069996267928 ], [ -101.954805537555629, 57.882516816851208 ], [ -101.953729187601908, 57.873709599364915 ] ] ] } },
{ "type": "Feature", "properties": { "child_cell_id": "NHPA1K_V1_R+0002102_C-0000346", "parent_cell_id": "NHPA5K_V1_R+000420_C-000070", "claim_status": "GEOMETRY_QA_ONLY_NOT_A_DEER_PRODUCT" }, "geometry": { "type": "Polygon", "coordinates": [ [ [ -101.936616354074062, 57.87426264438831 ], [ -101.919503133122788, 57.874814101722478 ], [ -101.920573327794514, 57.883621587614684 ], [ -101.93768962649159, 57.883069996267928 ], [ -101.936616354074062, 57.87426264438831 ] ] ] } },
{ "type": "Feature", "properties": { "child_cell_id": "NHPA1K_V1_R+0002103_C-0000350", "parent_cell_id": "NHPA5K_V1_R+000420_C-000070", "claim_status": "GEOMETRY_QA_ONLY_NOT_A_DEER_PRODUCT" }, "geometry": { "type": "Polygon", "coordinates": [ [ [ -102.006150933923323, 57.880847750908124 ], [ -101.989036192373973, 57.881405694098312 ], [ -101.990119087709587, 57.890213185425807 ], [ -102.00723690726501, 57.889655106611833 ], [ -102.006150933923323, 57.880847750908124 ] ] ] } },
{ "type": "Feature", "properties": { "child_cell_id": "NHPA1K_V1_R+0002103_C-0000349", "parent_cell_id": "NHPA5K_V1_R+000420_C-000070", "claim_status": "GEOMETRY_QA_ONLY_NOT_A_DEER_PRODUCT" }, "geometry": { "type": "Polygon", "coordinates": [ [ [ -101.989036192373973, 57.881405694098312 ], [ -101.971921059883954, 57.881962049436972 ], [ -101.973000877001979, 57.890769676007281 ], [ -101.990119087709587, 57.890213185425807 ], [ -101.989036192373973, 57.881405694098312 ] ] ] } },
{ "type": "Feature", "properties": { "child_cell_id": "NHPA1K_V1_R+0002103_C-0000348", "parent_cell_id": "NHPA5K_V1_R+000420_C-000070", "claim_status": "GEOMETRY_QA_ONLY_NOT_A_DEER_PRODUCT" }, "geometry": { "type": "Polygon", "coordinates": [ [ [ -101.971921059883954, 57.881962049436972 ], [ -101.954805537555629, 57.882516816851208 ], [ -101.95588227624512, 57.89132457828336 ], [ -101.973000877001979, 57.890769676007281 ], [ -101.971921059883954, 57.881962049436972 ] ] ] } },
{ "type": "Feature", "properties": { "child_cell_id": "NHPA1K_V1_R+0002103_C-0000347", "parent_cell_id": "NHPA5K_V1_R+000420_C-000070", "claim_status": "GEOMETRY_QA_ONLY_NOT_A_DEER_PRODUCT" }, "geometry": { "type": "Polygon", "coordinates": [ [ [ -101.954805537555629, 57.882516816851208 ], [ -101.93768962649159, 57.883069996267928 ], [ -101.938763286542198, 57.891877892180894 ], [ -101.95588227624512, 57.89132457828336 ], [ -101.954805537555629, 57.882516816851208 ] ] ] } },
{ "type": "Feature", "properties": { "child_cell_id": "NHPA1K_V1_R+0002103_C-0000346", "parent_cell_id": "NHPA5K_V1_R+000420_C-000070", "claim_status": "GEOMETRY_QA_ONLY_NOT_A_DEER_PRODUCT" }, "geometry": { "type": "Polygon", "coordinates": [ [ [ -101.93768962649159, 57.883069996267928 ], [ -101.920573327794514, 57.883621587614684 ], [ -101.921643908996458, 57.892429617627293 ], [ -101.938763286542198, 57.891877892180894 ], [ -101.93768962649159, 57.883069996267928 ] ] ] } },
{ "type": "Feature", "properties": { "child_cell_id": "NHPA1K_V1_R+0002104_C-0000350", "parent_cell_id": "NHPA5K_V1_R+000420_C-000070", "claim_status": "GEOMETRY_QA_ONLY_NOT_A_DEER_PRODUCT" }, "geometry": { "type": "Polygon", "coordinates": [ [ [ -102.00723690726501, 57.889655106611833 ], [ -101.990119087709587, 57.890213185425807 ], [ -101.991202374197442, 57.899021221138888 ], [ -102.00832327286173, 57.898463006613028 ], [ -102.00723690726501, 57.889655106611833 ] ] ] } },
{ "type": "Feature", "properties": { "child_cell_id": "NHPA1K_V1_R+0002104_C-0000349", "parent_cell_id": "NHPA5K_V1_R+000420_C-000070", "claim_status": "GEOMETRY_QA_ONLY_NOT_A_DEER_PRODUCT" }, "geometry": { "type": "Polygon", "coordinates": [ [ [ -101.990119087709587, 57.890213185425807 ], [ -101.973000877001979, 57.890769676007281 ], [ -101.974081084169242, 57.899577847051255 ], [ -101.991202374197442, 57.899021221138888 ], [ -101.990119087709587, 57.890213185425807 ] ] ] } },
{ "type": "Feature", "properties": { "child_cell_id": "NHPA1K_V1_R+0002104_C-0000348", "parent_cell_id": "NHPA5K_V1_R+000420_C-000070", "claim_status": "GEOMETRY_QA_ONLY_NOT_A_DEER_PRODUCT" }, "geometry": { "type": "Polygon", "coordinates": [ [ [ -101.973000877001979, 57.890769676007281 ], [ -101.95588227624512, 57.89132457828336 ], [ -101.956959403880731, 57.900132884276843 ], [ -101.974081084169242, 57.899577847051255 ], [ -101.973000877001979, 57.890769676007281 ] ] ] } },
{ "type": "Feature", "properties": { "child_cell_id": "NHPA1K_V1_R+0002104_C-0000347", "parent_cell_id": "NHPA5K_V1_R+000420_C-000070", "claim_status": "GEOMETRY_QA_ONLY_NOT_A_DEER_PRODUCT" }, "geometry": { "type": "Polygon", "coordinates": [ [ [ -101.95588227624512, 57.89132457828336 ], [ -101.938763286542198, 57.891877892180894 ], [ -101.939837334435623, 57.900686332742609 ], [ -101.956959403880731, 57.900132884276843 ], [ -101.95588227624512, 57.89132457828336 ] ] ] } },
{ "type": "Feature", "properties": { "child_cell_id": "NHPA1K_V1_R+0002104_C-0000346", "parent_cell_id": "NHPA5K_V1_R+000420_C-000070", "claim_status": "GEOMETRY_QA_ONLY_NOT_A_DEER_PRODUCT" }, "geometry": { "type": "Polygon", "coordinates": [ [ [ -101.938763286542198, 57.891877892180894 ], [ -101.921643908996458, 57.892429617627293 ], [ -101.922714876937803, 57.901238192375921 ], [ -101.939837334435623, 57.900686332742609 ], [ -101.938763286542198, 57.891877892180894 ] ] ] } },
{ "type": "Feature", "properties": { "child_cell_id": "NHPA1K_V1_R-0000155_C+0000970", "parent_cell_id": "NHPA5K_V1_R-000031_C+000194", "claim_status": "GEOMETRY_QA_ONLY_NOT_A_DEER_PRODUCT" }, "geometry": { "type": "Polygon", "coordinates": [ [ [ -84.233618793578501, 38.172996815561454 ], [ -84.221612893703309, 38.171944281166127 ], [ -84.220113315888625, 38.180376221570555 ], [ -84.232120712757691, 38.181428875742512 ], [ -84.233618793578501, 38.172996815561454 ] ] ] } },
{ "type": "Feature", "properties": { "child_cell_id": "NHPA1K_V1_R-0000155_C+0000971", "parent_cell_id": "NHPA5K_V1_R-000031_C+000194", "claim_status": "GEOMETRY_QA_ONLY_NOT_A_DEER_PRODUCT" }, "geometry": { "type": "Polygon", "coordinates": [ [ [ -84.221612893703309, 38.171944281166127 ], [ -84.209607373605706, 38.170890677213521 ], [ -84.208106298940706, 38.179322497726012 ], [ -84.220113315888625, 38.180376221570555 ], [ -84.221612893703309, 38.171944281166127 ] ] ] } },
{ "type": "Feature", "properties": { "child_cell_id": "NHPA1K_V1_R-0000155_C+0000972", "parent_cell_id": "NHPA5K_V1_R-000031_C+000194", "claim_status": "GEOMETRY_QA_ONLY_NOT_A_DEER_PRODUCT" }, "geometry": { "type": "Polygon", "coordinates": [ [ [ -84.209607373605706, 38.170890677213521 ], [ -84.197602233652731, 38.169836003748898 ], [ -84.196099662281156, 38.178267704254004 ], [ -84.208106298940706, 38.179322497726012 ], [ -84.209607373605706, 38.170890677213521 ] ] ] } },
{ "type": "Feature", "properties": { "child_cell_id": "NHPA1K_V1_R-0000155_C+0000973", "parent_cell_id": "NHPA5K_V1_R-000031_C+000194", "claim_status": "GEOMETRY_QA_ONLY_NOT_A_DEER_PRODUCT" }, "geometry": { "type": "Polygon", "coordinates": [ [ [ -84.197602233652731, 38.169836003748898 ], [ -84.185597474211406, 38.168780260817542 ], [ -84.184093406277071, 38.177211841199991 ], [ -84.196099662281156, 38.178267704254004 ], [ -84.197602233652731, 38.169836003748898 ] ] ] } },
{ "type": "Feature", "properties": { "child_cell_id": "NHPA1K_V1_R-0000155_C+0000974", "parent_cell_id": "NHPA5K_V1_R-000031_C+000194", "claim_status": "GEOMETRY_QA_ONLY_NOT_A_DEER_PRODUCT" }, "geometry": { "type": "Polygon", "coordinates": [ [ [ -84.185597474211406, 38.168780260817542 ], [ -84.173593095648613, 38.167723448464884 ], [ -84.172087531295517, 38.176154908609206 ], [ -84.184093406277071, 38.177211841199991 ], [ -84.185597474211406, 38.168780260817542 ] ] ] } },
{ "type": "Feature", "properties": { "child_cell_id": "NHPA1K_V1_R-0000154_C+0000970", "parent_cell_id": "NHPA5K_V1_R-000031_C+000194", "claim_status": "GEOMETRY_QA_ONLY_NOT_A_DEER_PRODUCT" }, "geometry": { "type": "Polygon", "coordinates": [ [ [ -84.232120712757691, 38.181428875742512 ], [ -84.220113315888625, 38.180376221570555 ], [ -84.218613358152766, 38.188808036924506 ], [ -84.230622252382958, 38.18986081092158 ], [ -84.232120712757691, 38.181428875742512 ] ] ] } },
{ "type": "Feature", "properties": { "child_cell_id": "NHPA1K_V1_R-0000154_C+0000971", "parent_cell_id": "NHPA5K_V1_R-000031_C+000194", "claim_status": "GEOMETRY_QA_ONLY_NOT_A_DEER_PRODUCT" }, "geometry": { "type": "Polygon", "coordinates": [ [ [ -84.220113315888625, 38.180376221570555 ], [ -84.208106298940706, 38.179322497726012 ], [ -84.206604843987364, 38.187754193139277 ], [ -84.218613358152766, 38.188808036924506 ], [ -84.220113315888625, 38.180376221570555 ] ] ] } },
{ "type": "Feature", "properties": { "child_cell_id": "NHPA1K_V1_R-0000154_C+0000972", "parent_cell_id": "NHPA5K_V1_R-000031_C+000194", "claim_status": "GEOMETRY_QA_ONLY_NOT_A_DEER_PRODUCT" }, "geometry": { "type": "Polygon", "coordinates": [ [ [ -84.208106298940706, 38.179322497726012 ], [ -84.196099662281156, 38.178267704254004 ], [ -84.194596710254103, 38.186699279611233 ], [ -84.206604843987364, 38.187754193139277 ], [ -84.208106298940706, 38.179322497726012 ] ] ] } },
{ "type": "Feature", "properties": { "child_cell_id": "NHPA1K_V1_R-0000154_C+0000973", "parent_cell_id": "NHPA5K_V1_R-000031_C+000194", "claim_status": "GEOMETRY_QA_ONLY_NOT_A_DEER_PRODUCT" }, "geometry": { "type": "Polygon", "coordinates": [ [ [ -84.196099662281156, 38.178267704254004 ], [ -84.184093406277071, 38.177211841199991 ], [ -84.18258895732022, 38.185643296385699 ], [ -84.194596710254103, 38.186699279611233 ], [ -84.196099662281156, 38.178267704254004 ] ] ] } },
{ "type": "Feature", "properties": { "child_cell_id": "NHPA1K_V1_R-0000154_C+0000974", "parent_cell_id": "NHPA5K_V1_R-000031_C+000194", "claim_status": "GEOMETRY_QA_ONLY_NOT_A_DEER_PRODUCT" }, "geometry": { "type": "Polygon", "coordinates": [ [ [ -84.184093406277071, 38.177211841199991 ], [ -84.172087531295517, 38.176154908609206 ], [ -84.17058158555291, 38.184586243508093 ], [ -84.18258895732022, 38.185643296385699 ], [ -84.184093406277071, 38.177211841199991 ] ] ] } },
{ "type": "Feature", "properties": { "child_cell_id": "NHPA1K_V1_R-0000153_C+0000970", "parent_cell_id": "NHPA5K_V1_R-000031_C+000194", "claim_status": "GEOMETRY_QA_ONLY_NOT_A_DEER_PRODUCT" }, "geometry": { "type": "Polygon", "coordinates": [ [ [ -84.230622252382958, 38.18986081092158 ], [ -84.218613358152766, 38.188808036924506 ], [ -84.217113020352073, 38.197239727370359 ], [ -84.229123412310813, 38.198292621241286 ], [ -84.230622252382958, 38.18986081092158 ] ] ] } },
{ "type": "Feature", "properties": { "child_cell_id": "NHPA1K_V1_R-0000153_C+0000971", "parent_cell_id": "NHPA5K_V1_R-000031_C+000194", "claim_status": "GEOMETRY_QA_ONLY_NOT_A_DEER_PRODUCT" }, "geometry": { "type": "Polygon", "coordinates": [ [ [ -84.218613358152766, 38.188808036924506 ], [ -84.206604843987364, 38.187754193139277 ], [ -84.205103008601881, 38.196185763595864 ], [ -84.217113020352073, 38.197239727370359 ], [ -84.218613358152766, 38.188808036924506 ] ] ] } },
{ "type": "Feature", "properties": { "child_cell_id": "NHPA1K_V1_R-0000153_C+0000972", "parent_cell_id": "NHPA5K_V1_R-000031_C+000194", "claim_status": "GEOMETRY_QA_ONLY_NOT_A_DEER_PRODUCT" }, "geometry": { "type": "Polygon", "coordinates": [ [ [ -84.206604843987364, 38.187754193139277 ], [ -84.194596710254103, 38.186699279611233 ], [ -84.193093377427658, 38.195130729963019 ], [ -84.205103008601881, 38.196185763595864 ], [ -84.206604843987364, 38.187754193139277 ] ] ] } },
{ "type": "Feature", "properties": { "child_cell_id": "NHPA1K_V1_R-0000153_C+0000973", "parent_cell_id": "NHPA5K_V1_R-000031_C+000194", "claim_status": "GEOMETRY_QA_ONLY_NOT_A_DEER_PRODUCT" }, "geometry": { "type": "Polygon", "coordinates": [ [ [ -84.194596710254103, 38.186699279611233 ], [ -84.18258895732022, 38.185643296385699 ], [ -84.181084127196812, 38.194074626517228 ], [ -84.193093377427658, 38.195130729963019 ], [ -84.194596710254103, 38.186699279611233 ] ] ] } },
{ "type": "Feature", "properties": { "child_cell_id": "NHPA1K_V1_R-0000153_C+0000974", "parent_cell_id": "NHPA5K_V1_R-000031_C+000194", "claim_status": "GEOMETRY_QA_ONLY_NOT_A_DEER_PRODUCT" }, "geometry": { "type": "Polygon", "coordinates": [ [ [ -84.18258895732022, 38.185643296385699 ], [ -84.17058158555291, 38.184586243508093 ], [ -84.169075258276635, 38.193017453303945 ], [ -84.181084127196812, 38.194074626517228 ], [ -84.18258895732022, 38.185643296385699 ] ] ] } },
{ "type": "Feature", "properties": { "child_cell_id": "NHPA1K_V1_R-0000152_C+0000970", "parent_cell_id": "NHPA5K_V1_R-000031_C+000194", "claim_status": "GEOMETRY_QA_ONLY_NOT_A_DEER_PRODUCT" }, "geometry": { "type": "Polygon", "coordinates": [ [ [ -84.229123412310813, 38.198292621241286 ], [ -84.217113020352073, 38.197239727370359 ], [ -84.215612302342848, 38.205671293050706 ], [ -84.227624192397641, 38.206724306844059 ], [ -84.229123412310813, 38.198292621241286 ] ] ] } },
{ "type": "Feature", "properties": { "child_cell_id": "NHPA1K_V1_R-0000152_C+0000971", "parent_cell_id": "NHPA5K_V1_R-000031_C+000194", "claim_status": "GEOMETRY_QA_ONLY_NOT_A_DEER_PRODUCT" }, "geometry": { "type": "Polygon", "coordinates": [ [ [ -84.217113020352073, 38.197239727370359 ], [ -84.205103008601881, 38.196185763595864 ], [ -84.203600792640387, 38.204617209238187 ], [ -84.215612302342848, 38.205671293050706 ], [ -84.217113020352073, 38.197239727370359 ] ] ] } },
{ "type": "Feature", "properties": { "child_cell_id": "NHPA1K_V1_R-0000152_C+0000972", "parent_cell_id": "NHPA5K_V1_R-000031_C+000194", "claim_status": "GEOMETRY_QA_ONLY_NOT_A_DEER_PRODUCT" }, "geometry": { "type": "Polygon", "coordinates": [ [ [ -84.205103008601881, 38.196185763595864 ], [ -84.193093377427658, 38.195130729963019 ], [ -84.191589663657822, 38.203562055451791 ], [ -84.203600792640387, 38.204617209238187 ], [ -84.205103008601881, 38.196185763595864 ] ] ] } },
{ "type": "Feature", "properties": { "child_cell_id": "NHPA1K_V1_R-0000152_C+0000973", "parent_cell_id": "NHPA5K_V1_R-000031_C+000194", "claim_status": "GEOMETRY_QA_ONLY_NOT_A_DEER_PRODUCT" }, "geometry": { "type": "Polygon", "coordinates": [ [ [ -84.193093377427658, 38.195130729963019 ], [ -84.181084127196812, 38.194074626517228 ], [ -84.179578915762704, 38.202505831737021 ], [ -84.191589663657822, 38.203562055451791 ], [ -84.193093377427658, 38.195130729963019 ] ] ] } },
{ "type": "Feature", "properties": { "child_cell_id": "NHPA1K_V1_R-0000152_C+0000974", "parent_cell_id": "NHPA5K_V1_R-000031_C+000194", "claim_status": "GEOMETRY_QA_ONLY_NOT_A_DEER_PRODUCT" }, "geometry": { "type": "Polygon", "coordinates": [ [ [ -84.181084127196812, 38.194074626517228 ], [ -84.169075258276635, 38.193017453303945 ], [ -84.167568549322439, 38.201448538139189 ], [ -84.179578915762704, 38.202505831737021 ], [ -84.181084127196812, 38.194074626517228 ] ] ] } },
{ "type": "Feature", "properties": { "child_cell_id": "NHPA1K_V1_R-0000151_C+0000970", "parent_cell_id": "NHPA5K_V1_R-000031_C+000194", "claim_status": "GEOMETRY_QA_ONLY_NOT_A_DEER_PRODUCT" }, "geometry": { "type": "Polygon", "coordinates": [ [ [ -84.227624192397641, 38.206724306844059 ], [ -84.215612302342848, 38.205671293050706 ], [ -84.21411120398129, 38.214102734107982 ], [ -84.226124592499801, 38.215155867872454 ], [ -84.227624192397641, 38.206724306844059 ] ] ] } },
{ "type": "Feature", "properties": { "child_cell_id": "NHPA1K_V1_R-0000151_C+0000971", "parent_cell_id": "NHPA5K_V1_R-000031_C+000194", "claim_status": "GEOMETRY_QA_ONLY_NOT_A_DEER_PRODUCT" }, "geometry": { "type": "Polygon", "coordinates": [ [ [ -84.215612302342848, 38.205671293050706 ], [ -84.203600792640387, 38.204617209238187 ], [ -84.202098195958968, 38.213048530208745 ], [ -84.21411120398129, 38.214102734107982 ], [ -84.215612302342848, 38.205671293050706 ] ] ] } },
{ "type": "Feature", "properties": { "child_cell_id": "NHPA1K_V1_R-0000151_C+0000972", "parent_cell_id": "NHPA5K_V1_R-000031_C+000194", "claim_status": "GEOMETRY_QA_ONLY_NOT_A_DEER_PRODUCT" }, "geometry": { "type": "Polygon", "coordinates": [ [ [ -84.203600792640387, 38.204617209238187 ], [ -84.191589663657822, 38.203562055451791 ], [ -84.190085568800569, 38.211993256220026 ], [ -84.202098195958968, 38.213048530208745 ], [ -84.203600792640387, 38.204617209238187 ] ] ] } },
{ "type": "Feature", "properties": { "child_cell_id": "NHPA1K_V1_R-0000151_C+0000973", "parent_cell_id": "NHPA5K_V1_R-000031_C+000194", "claim_status": "GEOMETRY_QA_ONLY_NOT_A_DEER_PRODUCT" }, "geometry": { "type": "Polygon", "coordinates": [ [ [ -84.191589663657822, 38.203562055451791 ], [ -84.179578915762704, 38.202505831737021 ], [ -84.178073322873701, 38.210936912187385 ], [ -84.190085568800569, 38.211993256220026 ], [ -84.191589663657822, 38.203562055451791 ] ] ] } },
{ "type": "Feature", "properties": { "child_cell_id": "NHPA1K_V1_R-0000151_C+0000974", "parent_cell_id": "NHPA5K_V1_R-000031_C+000194", "claim_status": "GEOMETRY_QA_ONLY_NOT_A_DEER_PRODUCT" }, "geometry": { "type": "Polygon", "coordinates": [ [ [ -84.179578915762704, 38.202505831737021 ], [ -84.167568549322439, 38.201448538139189 ], [ -84.166061458545983, 38.209879498156219 ], [ -84.178073322873701, 38.210936912187385 ], [ -84.179578915762704, 38.202505831737021 ] ] ] } },
{ "type": "Feature", "properties": { "child_cell_id": "NHPA1K_V1_R-0000515_C+0000755", "parent_cell_id": "NHPA5K_V1_R-000103_C+000151", "claim_status": "GEOMETRY_QA_ONLY_NOT_A_DEER_PRODUCT" }, "geometry": { "type": "Polygon", "coordinates": [ [ [ -87.226829676421076, 35.321907561847446 ], [ -87.21527594825713, 35.321117587668859 ], [ -87.214202103761522, 35.329623534191121 ], [ -87.225757228074173, 35.330413590005442 ], [ -87.226829676421076, 35.321907561847446 ] ] ] } },
{ "type": "Feature", "properties": { "child_cell_id": "NHPA1K_V1_R-0000515_C+0000756", "parent_cell_id": "NHPA5K_V1_R-000103_C+000151", "claim_status": "GEOMETRY_QA_ONLY_NOT_A_DEER_PRODUCT" }, "geometry": { "type": "Polygon", "coordinates": [ [ [ -87.21527594825713, 35.321117587668859 ], [ -87.203722481810928, 35.320326575454331 ], [ -87.202647241262042, 35.328832440236759 ], [ -87.214202103761522, 35.329623534191121 ], [ -87.21527594825713, 35.321117587668859 ] ] ] } },
{ "type": "Feature", "properties": { "child_cell_id": "NHPA1K_V1_R-0000515_C+0000757", "parent_cell_id": "NHPA5K_V1_R-000103_C+000151", "claim_status": "GEOMETRY_QA_ONLY_NOT_A_DEER_PRODUCT" }, "geometry": { "type": "Polygon", "coordinates": [ [ [ -87.203722481810928, 35.320326575454331 ], [ -87.192169277416781, 35.319534525233593 ], [ -87.191092640910185, 35.328040308172206 ], [ -87.202647241262042, 35.328832440236759 ], [ -87.203722481810928, 35.320326575454331 ] ] ] } },
{ "type": "Feature", "properties": { "child_cell_id": "NHPA1K_V1_R-0000515_C+0000758", "parent_cell_id": "NHPA5K_V1_R-000103_C+000151", "claim_status": "GEOMETRY_QA_ONLY_NOT_A_DEER_PRODUCT" }, "geometry": { "type": "Polygon", "coordinates": [ [ [ -87.192169277416781, 35.319534525233593 ], [ -87.180616335408942, 35.318741437036515 ], [ -87.179538303040317, 35.327247138027261 ], [ -87.191092640910185, 35.328040308172206 ], [ -87.192169277416781, 35.319534525233593 ] ] ] } },
{ "type": "Feature", "properties": { "child_cell_id": "NHPA1K_V1_R-0000515_C+0000759", "parent_cell_id": "NHPA5K_V1_R-000103_C+000151", "claim_status": "GEOMETRY_QA_ONLY_NOT_A_DEER_PRODUCT" }, "geometry": { "type": "Polygon", "coordinates": [ [ [ -87.180616335408942, 35.318741437036515 ], [ -87.169063656121651, 35.317947310892897 ], [ -87.167984227986764, 35.326452929831746 ], [ -87.179538303040317, 35.327247138027261 ], [ -87.180616335408942, 35.318741437036515 ] ] ] } },
{ "type": "Feature", "properties": { "child_cell_id": "NHPA1K_V1_R-0000514_C+0000755", "parent_cell_id": "NHPA5K_V1_R-000103_C+000151", "claim_status": "GEOMETRY_QA_ONLY_NOT_A_DEER_PRODUCT" }, "geometry": { "type": "Polygon", "coordinates": [ [ [ -87.225757228074173, 35.330413590005442 ], [ -87.214202103761522, 35.329623534191121 ], [ -87.213127997452716, 35.3381293140419 ], [ -87.224684518248552, 35.338919451524788 ], [ -87.225757228074173, 35.330413590005442 ] ] ] } },
{ "type": "Feature", "properties": { "child_cell_id": "NHPA1K_V1_R-0000514_C+0000756", "parent_cell_id": "NHPA5K_V1_R-000103_C+000151", "claim_status": "GEOMETRY_QA_ONLY_NOT_A_DEER_PRODUCT" }, "geometry": { "type": "Polygon", "coordinates": [ [ [ -87.214202103761522, 35.329623534191121 ], [ -87.202647241262042, 35.328832440236759 ], [ -87.201571738565548, 35.337338138314863 ], [ -87.213127997452716, 35.3381293140419 ], [ -87.214202103761522, 35.329623534191121 ] ] ] } },
{ "type": "Feature", "properties": { "child_cell_id": "NHPA1K_V1_R-0000514_C+0000757", "parent_cell_id": "NHPA5K_V1_R-000103_C+000151", "claim_status": "GEOMETRY_QA_ONLY_NOT_A_DEER_PRODUCT" }, "geometry": { "type": "Polygon", "coordinates": [ [ [ -87.202647241262042, 35.328832440236759 ], [ -87.191092640910185, 35.328040308172206 ], [ -87.190015741921599, 35.336545924373524 ], [ -87.201571738565548, 35.337338138314863 ], [ -87.202647241262042, 35.328832440236759 ] ] ] } },
{ "type": "Feature", "properties": { "child_cell_id": "NHPA1K_V1_R-0000514_C+0000758", "parent_cell_id": "NHPA5K_V1_R-000103_C+000151", "claim_status": "GEOMETRY_QA_ONLY_NOT_A_DEER_PRODUCT" }, "geometry": { "type": "Polygon", "coordinates": [ [ [ -87.191092640910185, 35.328040308172206 ], [ -87.179538303040317, 35.327247138027261 ], [ -87.17846000785535, 35.335752672247715 ], [ -87.190015741921599, 35.336545924373524 ], [ -87.191092640910185, 35.328040308172206 ] ] ] } },
{ "type": "Feature", "properties": { "child_cell_id": "NHPA1K_V1_R-0000514_C+0000759", "parent_cell_id": "NHPA5K_V1_R-000103_C+000151", "claim_status": "GEOMETRY_QA_ONLY_NOT_A_DEER_PRODUCT" }, "geometry": { "type": "Polygon", "coordinates": [ [ [ -87.179538303040317, 35.327247138027261 ], [ -87.167984227986764, 35.326452929831746 ], [ -87.166904536701267, 35.334958381967319 ], [ -87.17846000785535, 35.335752672247715 ], [ -87.179538303040317, 35.327247138027261 ] ] ] } },
{ "type": "Feature", "properties": { "child_cell_id": "NHPA1K_V1_R-0000513_C+0000755", "parent_cell_id": "NHPA5K_V1_R-000103_C+000151", "claim_status": "GEOMETRY_QA_ONLY_NOT_A_DEER_PRODUCT" }, "geometry": { "type": "Polygon", "coordinates": [ [ [ -87.224684518248552, 35.338919451524788 ], [ -87.213127997452716, 35.3381293140419 ], [ -87.212053629235243, 35.346634927358664 ], [ -87.223611546848844, 35.347425146542975 ], [ -87.224684518248552, 35.338919451524788 ] ] ] } },
{ "type": "Feature", "properties": { "child_cell_id": "NHPA1K_V1_R-0000513_C+0000756", "parent_cell_id": "NHPA5K_V1_R-000103_C+000151", "claim_status": "GEOMETRY_QA_ONLY_NOT_A_DEER_PRODUCT" }, "geometry": { "type": "Polygon", "coordinates": [ [ [ -87.213127997452716, 35.3381293140419 ], [ -87.201571738565548, 35.337338138314863 ], [ -87.200495973625834, 35.345843669826024 ], [ -87.212053629235243, 35.346634927358664 ], [ -87.213127997452716, 35.3381293140419 ] ] ] } },
{ "type": "Feature", "properties": { "child_cell_id": "NHPA1K_V1_R-0000513_C+0000757", "parent_cell_id": "NHPA5K_V1_R-000103_C+000151", "claim_status": "GEOMETRY_QA_ONLY_NOT_A_DEER_PRODUCT" }, "geometry": { "type": "Polygon", "coordinates": [ [ [ -87.201571738565548, 35.337338138314863 ], [ -87.190015741921599, 35.336545924373524 ], [ -87.188938580355284, 35.345051373974954 ], [ -87.200495973625834, 35.345843669826024 ], [ -87.201571738565548, 35.337338138314863 ] ] ] } },
{ "type": "Feature", "properties": { "child_cell_id": "NHPA1K_V1_R-0000513_C+0000758", "parent_cell_id": "NHPA5K_V1_R-000103_C+000151", "claim_status": "GEOMETRY_QA_ONLY_NOT_A_DEER_PRODUCT" }, "geometry": { "type": "Polygon", "coordinates": [ [ [ -87.190015741921599, 35.336545924373524 ], [ -87.17846000785535, 35.335752672247715 ], [ -87.177381449758215, 35.344258039835339 ], [ -87.188938580355284, 35.345051373974954 ], [ -87.190015741921599, 35.336545924373524 ] ] ] } },
{ "type": "Feature", "properties": { "child_cell_id": "NHPA1K_V1_R-0000513_C+0000759", "parent_cell_id": "NHPA5K_V1_R-000103_C+000151", "claim_status": "GEOMETRY_QA_ONLY_NOT_A_DEER_PRODUCT" }, "geometry": { "type": "Polygon", "coordinates": [ [ [ -87.17846000785535, 35.335752672247715 ], [ -87.166904536701267, 35.334958381967319 ], [ -87.165824582169193, 35.343463667436971 ], [ -87.177381449758215, 35.344258039835339 ], [ -87.17846000785535, 35.335752672247715 ] ] ] } },
{ "type": "Feature", "properties": { "child_cell_id": "NHPA1K_V1_R-0000512_C+0000755", "parent_cell_id": "NHPA5K_V1_R-000103_C+000151", "claim_status": "GEOMETRY_QA_ONLY_NOT_A_DEER_PRODUCT" }, "geometry": { "type": "Polygon", "coordinates": [ [ [ -87.223611546848844, 35.347425146542975 ], [ -87.212053629235243, 35.346634927358664 ], [ -87.210978999013562, 35.355140374278868 ], [ -87.222538313779651, 35.355930675197534 ], [ -87.223611546848844, 35.347425146542975 ] ] ] } },
{ "type": "Feature", "properties": { "child_cell_id": "NHPA1K_V1_R-0000512_C+0000756", "parent_cell_id": "NHPA5K_V1_R-000103_C+000151", "claim_status": "GEOMETRY_QA_ONLY_NOT_A_DEER_PRODUCT" }, "geometry": { "type": "Polygon", "coordinates": [ [ [ -87.212053629235243, 35.346634927358664 ], [ -87.200495973625834, 35.345843669826024 ], [ -87.199419946347234, 35.354349034907742 ], [ -87.210978999013562, 35.355140374278868 ], [ -87.212053629235243, 35.346634927358664 ] ] ] } },
{ "type": "Feature", "properties": { "child_cell_id": "NHPA1K_V1_R-0000512_C+0000757", "parent_cell_id": "NHPA5K_V1_R-000103_C+000151", "claim_status": "GEOMETRY_QA_ONLY_NOT_A_DEER_PRODUCT" }, "geometry": { "type": "Polygon", "coordinates": [ [ [ -87.200495973625834, 35.345843669826024 ], [ -87.188938580355284, 35.345051373974954 ], [ -87.187861156115474, 35.353556657114027 ], [ -87.199419946347234, 35.354349034907742 ], [ -87.200495973625834, 35.345843669826024 ] ] ] } },
{ "type": "Feature", "properties": { "child_cell_id": "NHPA1K_V1_R-0000512_C+0000758", "parent_cell_id": "NHPA5K_V1_R-000103_C+000151", "claim_status": "GEOMETRY_QA_ONLY_NOT_A_DEER_PRODUCT" }, "geometry": { "type": "Polygon", "coordinates": [ [ [ -87.188938580355284, 35.345051373974954 ], [ -87.177381449758215, 35.344258039835339 ], [ -87.176302628653019, 35.352763240927544 ], [ -87.187861156115474, 35.353556657114027 ], [ -87.188938580355284, 35.345051373974954 ] ] ] } },
{ "type": "Feature", "properties": { "child_cell_id": "NHPA1K_V1_R-0000512_C+0000759", "parent_cell_id": "NHPA5K_V1_R-000103_C+000151", "claim_status": "GEOMETRY_QA_ONLY_NOT_A_DEER_PRODUCT" }, "geometry": { "type": "Polygon", "coordinates": [ [ [ -87.177381449758215, 35.344258039835339 ], [ -87.165824582169193, 35.343463667436971 ], [ -87.164744364294535, 35.351968786378251 ], [ -87.176302628653019, 35.352763240927544 ], [ -87.177381449758215, 35.344258039835339 ] ] ] } },
{ "type": "Feature", "properties": { "child_cell_id": "NHPA1K_V1_R-0000511_C+0000755", "parent_cell_id": "NHPA5K_V1_R-000103_C+000151", "claim_status": "GEOMETRY_QA_ONLY_NOT_A_DEER_PRODUCT" }, "geometry": { "type": "Polygon", "coordinates": [ [ [ -87.222538313779651, 35.355930675197534 ], [ -87.210978999013562, 35.355140374278868 ], [ -87.209904106692093, 35.36364565493998 ], [ -87.221464818945492, 35.364436037625858 ], [ -87.222538313779651, 35.355930675197534 ] ] ] } },
{ "type": "Feature", "properties": { "child_cell_id": "NHPA1K_V1_R-0000511_C+0000756", "parent_cell_id": "NHPA5K_V1_R-000103_C+000151", "claim_status": "GEOMETRY_QA_ONLY_NOT_A_DEER_PRODUCT" }, "geometry": { "type": "Polygon", "coordinates": [ [ [ -87.210978999013562, 35.355140374278868 ], [ -87.199419946347234, 35.354349034907742 ], [ -87.19834365663408, 35.362854233697462 ], [ -87.209904106692093, 35.36364565493998 ], [ -87.210978999013562, 35.355140374278868 ] ] ] } },
{ "type": "Feature", "properties": { "child_cell_id": "NHPA1K_V1_R-0000511_C+0000757", "parent_cell_id": "NHPA5K_V1_R-000103_C+000151", "claim_status": "GEOMETRY_QA_ONLY_NOT_A_DEER_PRODUCT" }, "geometry": { "type": "Polygon", "coordinates": [ [ [ -87.199419946347234, 35.354349034907742 ], [ -87.187861156115474, 35.353556657114027 ], [ -87.186783469106373, 35.362061773928147 ], [ -87.19834365663408, 35.362854233697462 ], [ -87.199419946347234, 35.354349034907742 ] ] ] } },
{ "type": "Feature", "properties": { "child_cell_id": "NHPA1K_V1_R-0000511_C+0000758", "parent_cell_id": "NHPA5K_V1_R-000103_C+000151", "claim_status": "GEOMETRY_QA_ONLY_NOT_A_DEER_PRODUCT" }, "geometry": { "type": "Polygon", "coordinates": [ [ [ -87.187861156115474, 35.353556657114027 ], [ -87.176302628653019, 35.352763240927544 ], [ -87.175223544443824, 35.361268275661793 ], [ -87.186783469106373, 35.362061773928147 ], [ -87.187861156115474, 35.353556657114027 ] ] ] } },
{ "type": "Feature", "properties": { "child_cell_id": "NHPA1K_V1_R-0000511_C+0000759", "parent_cell_id": "NHPA5K_V1_R-000103_C+000151", "claim_status": "GEOMETRY_QA_ONLY_NOT_A_DEER_PRODUCT" }, "geometry": { "type": "Polygon", "coordinates": [ [ [ -87.176302628653019, 35.352763240927544 ], [ -87.164744364294535, 35.351968786378251 ], [ -87.16366388298124, 35.360473738928441 ], [ -87.175223544443824, 35.361268275661793 ], [ -87.176302628653019, 35.352763240927544 ] ] ] } },
{ "type": "Feature", "properties": { "child_cell_id": "NHPA1K_V1_R-0000840_C-0000700", "parent_cell_id": "NHPA5K_V1_R-000168_C-000140", "claim_status": "GEOMETRY_QA_ONLY_NOT_A_DEER_PRODUCT" }, "geometry": { "type": "Polygon", "coordinates": [ [ [ -103.826159768254769, 32.588365258420282 ], [ -103.815030161360113, 32.589073973064608 ], [ -103.815949866408474, 32.597645214175841 ], [ -103.827080771163807, 32.596936433034479 ], [ -103.826159768254769, 32.588365258420282 ] ] ] } },
{ "type": "Feature", "properties": { "child_cell_id": "NHPA1K_V1_R-0000840_C-0000699", "parent_cell_id": "NHPA5K_V1_R-000168_C-000140", "claim_status": "GEOMETRY_QA_ONLY_NOT_A_DEER_PRODUCT" }, "geometry": { "type": "Polygon", "coordinates": [ [ [ -103.815030161360113, 32.589073973064608 ], [ -103.803900338537389, 32.589781680021233 ], [ -103.804818745649143, 32.598352987537289 ], [ -103.815949866408474, 32.597645214175841 ], [ -103.815030161360113, 32.589073973064608 ] ] ] } },
{ "type": "Feature", "properties": { "child_cell_id": "NHPA1K_V1_R-0000840_C-0000698", "parent_cell_id": "NHPA5K_V1_R-000168_C-000140", "claim_status": "GEOMETRY_QA_ONLY_NOT_A_DEER_PRODUCT" }, "geometry": { "type": "Polygon", "coordinates": [ [ [ -103.803900338537389, 32.589781680021233 ], [ -103.792770300087142, 32.590488379266837 ], [ -103.793687409186532, 32.599059753095531 ], [ -103.804818745649143, 32.598352987537289 ], [ -103.803900338537389, 32.589781680021233 ] ] ] } },
{ "type": "Feature", "properties": { "child_cell_id": "NHPA1K_V1_R-0000840_C-0000697", "parent_cell_id": "NHPA5K_V1_R-000168_C-000140", "claim_status": "GEOMETRY_QA_ONLY_NOT_A_DEER_PRODUCT" }, "geometry": { "type": "Polygon", "coordinates": [ [ [ -103.792770300087142, 32.590488379266837 ], [ -103.781640046309974, 32.591194070778208 ], [ -103.782555857321285, 32.599765510827289 ], [ -103.793687409186532, 32.599059753095531 ], [ -103.792770300087142, 32.590488379266837 ] ] ] } },
{ "type": "Feature", "properties": { "child_cell_id": "NHPA1K_V1_R-0000840_C-0000696", "parent_cell_id": "NHPA5K_V1_R-000168_C-000140", "claim_status": "GEOMETRY_QA_ONLY_NOT_A_DEER_PRODUCT" }, "geometry": { "type": "Polygon", "coordinates": [ [ [ -103.781640046309974, 32.591194070778208 ], [ -103.770509577506473, 32.591898754532096 ], [ -103.771424090354131, 32.600470260709315 ], [ -103.782555857321285, 32.599765510827289 ], [ -103.781640046309974, 32.591194070778208 ] ] ] } },
{ "type": "Feature", "properties": { "child_cell_id": "NHPA1K_V1_R-0000839_C-0000700", "parent_cell_id": "NHPA5K_V1_R-000168_C-000140", "claim_status": "GEOMETRY_QA_ONLY_NOT_A_DEER_PRODUCT" }, "geometry": { "type": "Polygon", "coordinates": [ [ [ -103.827080771163807, 32.596936433034479 ], [ -103.815949866408474, 32.597645214175841 ], [ -103.816869787460789, 32.606216246325232 ], [ -103.828001990377444, 32.605507398660109 ], [ -103.827080771163807, 32.596936433034479 ] ] ] } },
{ "type": "Feature", "properties": { "child_cell_id": "NHPA1K_V1_R-0000839_C-0000699", "parent_cell_id": "NHPA5K_V1_R-000168_C-000140", "claim_status": "GEOMETRY_QA_ONLY_NOT_A_DEER_PRODUCT" }, "geometry": { "type": "Polygon", "coordinates": [ [ [ -103.815949866408474, 32.597645214175841 ], [ -103.804818745649143, 32.598352987537289 ], [ -103.805737368464236, 32.606924086118312 ], [ -103.816869787460789, 32.606216246325232 ], [ -103.815949866408474, 32.597645214175841 ] ] ] } },
{ "type": "Feature", "properties": { "child_cell_id": "NHPA1K_V1_R-0000839_C-0000698", "parent_cell_id": "NHPA5K_V1_R-000168_C-000140", "claim_status": "GEOMETRY_QA_ONLY_NOT_A_DEER_PRODUCT" }, "geometry": { "type": "Polygon", "coordinates": [ [ [ -103.804818745649143, 32.598352987537289 ], [ -103.793687409186532, 32.599059753095531 ], [ -103.794604733688544, 32.607630918015843 ], [ -103.805737368464236, 32.606924086118312 ], [ -103.804818745649143, 32.598352987537289 ] ] ] } },
{ "type": "Feature", "properties": { "child_cell_id": "NHPA1K_V1_R-0000839_C-0000697", "parent_cell_id": "NHPA5K_V1_R-000168_C-000140", "claim_status": "GEOMETRY_QA_ONLY_NOT_A_DEER_PRODUCT" }, "geometry": { "type": "Polygon", "coordinates": [ [ [ -103.793687409186532, 32.599059753095531 ], [ -103.782555857321285, 32.599765510827289 ], [ -103.783471883434501, 32.608336741994663 ], [ -103.794604733688544, 32.607630918015843 ], [ -103.793687409186532, 32.599059753095531 ] ] ] } },
{ "type": "Feature", "properties": { "child_cell_id": "NHPA1K_V1_R-0000839_C-0000696", "parent_cell_id": "NHPA5K_V1_R-000168_C-000140", "claim_status": "GEOMETRY_QA_ONLY_NOT_A_DEER_PRODUCT" }, "geometry": { "type": "Polygon", "coordinates": [ [ [ -103.782555857321285, 32.599765510827289 ], [ -103.771424090354131, 32.600470260709315 ], [ -103.772338818002936, 32.609041558031407 ], [ -103.783471883434501, 32.608336741994663 ], [ -103.782555857321285, 32.599765510827289 ] ] ] } },
{ "type": "Feature", "properties": { "child_cell_id": "NHPA1K_V1_R-0000838_C-0000700", "parent_cell_id": "NHPA5K_V1_R-000168_C-000140", "claim_status": "GEOMETRY_QA_ONLY_NOT_A_DEER_PRODUCT" }, "geometry": { "type": "Polygon", "coordinates": [ [ [ -103.828001990377444, 32.605507398660109 ], [ -103.816869787460789, 32.606216246325232 ], [ -103.817789924593015, 32.614787069646582 ], [ -103.828923425971695, 32.614078155430775 ], [ -103.828001990377444, 32.605507398660109 ] ] ] } },
{ "type": "Feature", "properties": { "child_cell_id": "NHPA1K_V1_R-0000838_C-0000699", "parent_cell_id": "NHPA5K_V1_R-000168_C-000140", "claim_status": "GEOMETRY_QA_ONLY_NOT_A_DEER_PRODUCT" }, "geometry": { "type": "Polygon", "coordinates": [ [ [ -103.816869787460789, 32.606216246325232 ], [ -103.805737368464236, 32.606924086118312 ], [ -103.806656207058467, 32.615494975897967 ], [ -103.817789924593015, 32.614787069646582 ], [ -103.816869787460789, 32.606216246325232 ] ] ] } },
{ "type": "Feature", "properties": { "child_cell_id": "NHPA1K_V1_R-0000838_C-0000698", "parent_cell_id": "NHPA5K_V1_R-000168_C-000140", "claim_status": "GEOMETRY_QA_ONLY_NOT_A_DEER_PRODUCT" }, "geometry": { "type": "Polygon", "coordinates": [ [ [ -103.805737368464236, 32.606924086118312 ], [ -103.794604733688544, 32.607630918015843 ], [ -103.795522273668908, 32.616201874161575 ], [ -103.806656207058467, 32.615494975897967 ], [ -103.805737368464236, 32.606924086118312 ] ] ] } },
{ "type": "Feature", "properties": { "child_cell_id": "NHPA1K_V1_R-0000838_C-0000697", "parent_cell_id": "NHPA5K_V1_R-000168_C-000140", "claim_status": "GEOMETRY_QA_ONLY_NOT_A_DEER_PRODUCT" }, "geometry": { "type": "Polygon", "coordinates": [ [ [ -103.794604733688544, 32.607630918015843 ], [ -103.783471883434501, 32.608336741994663 ], [ -103.78438812472524, 32.616907764414123 ], [ -103.795522273668908, 32.616201874161575 ], [ -103.794604733688544, 32.607630918015843 ] ] ] } },
{ "type": "Feature", "properties": { "child_cell_id": "NHPA1K_V1_R-0000838_C-0000696", "parent_cell_id": "NHPA5K_V1_R-000168_C-000140", "claim_status": "GEOMETRY_QA_ONLY_NOT_A_DEER_PRODUCT" }, "geometry": { "type": "Polygon", "coordinates": [ [ [ -103.783471883434501, 32.608336741994663 ], [ -103.772338818002936, 32.609041558031407 ], [ -103.773253760528405, 32.617612646632345 ], [ -103.78438812472524, 32.616907764414123 ], [ -103.783471883434501, 32.608336741994663 ] ] ] } },
{ "type": "Feature", "properties": { "child_cell_id": "NHPA1K_V1_R-0000837_C-0000700", "parent_cell_id": "NHPA5K_V1_R-000168_C-000140", "claim_status": "GEOMETRY_QA_ONLY_NOT_A_DEER_PRODUCT" }, "geometry": { "type": "Polygon", "coordinates": [ [ [ -103.828923425971695, 32.614078155430775 ], [ -103.817789924593015, 32.614787069646582 ], [ -103.81871027788111, 32.623357684273643 ], [ -103.829845078022643, 32.622648703480408 ], [ -103.828923425971695, 32.614078155430775 ] ] ] } },
{ "type": "Feature", "properties": { "child_cell_id": "NHPA1K_V1_R-0000837_C-0000699", "parent_cell_id": "NHPA5K_V1_R-000168_C-000140", "claim_status": "GEOMETRY_QA_ONLY_NOT_A_DEER_PRODUCT" }, "geometry": { "type": "Polygon", "coordinates": [ [ [ -103.817789924593015, 32.614787069646582 ], [ -103.806656207058467, 32.615494975897967 ], [ -103.807575261507694, 32.624065657010121 ], [ -103.81871027788111, 32.623357684273643 ], [ -103.817789924593015, 32.614787069646582 ] ] ] } },
{ "type": "Feature", "properties": { "child_cell_id": "NHPA1K_V1_R-0000837_C-0000698", "parent_cell_id": "NHPA5K_V1_R-000168_C-000140", "claim_status": "GEOMETRY_QA_ONLY_NOT_A_DEER_PRODUCT" }, "geometry": { "type": "Polygon", "coordinates": [ [ [ -103.806656207058467, 32.615494975897967 ], [ -103.795522273668908, 32.616201874161575 ], [ -103.796440029203382, 32.62477262166648 ], [ -103.807575261507694, 32.624065657010121 ], [ -103.806656207058467, 32.615494975897967 ] ] ] } },
{ "type": "Feature", "properties": { "child_cell_id": "NHPA1K_V1_R-0000837_C-0000697", "parent_cell_id": "NHPA5K_V1_R-000168_C-000140", "claim_status": "GEOMETRY_QA_ONLY_NOT_A_DEER_PRODUCT" }, "geometry": { "type": "Polygon", "coordinates": [ [ [ -103.795522273668908, 32.616201874161575 ], [ -103.78438812472524, 32.616907764414123 ], [ -103.785304581269173, 32.6254785782195 ], [ -103.796440029203382, 32.62477262166648 ], [ -103.795522273668908, 32.616201874161575 ] ] ] } },
{ "type": "Feature", "properties": { "child_cell_id": "NHPA1K_V1_R-0000837_C-0000696", "parent_cell_id": "NHPA5K_V1_R-000168_C-000140", "claim_status": "GEOMETRY_QA_ONLY_NOT_A_DEER_PRODUCT" }, "geometry": { "type": "Polygon", "coordinates": [ [ [ -103.78438812472524, 32.616907764414123 ], [ -103.773253760528405, 32.617612646632345 ], [ -103.774168918006083, 32.626183526645804 ], [ -103.785304581269173, 32.6254785782195 ], [ -103.78438812472524, 32.616907764414123 ] ] ] } },
{ "type": "Feature", "properties": { "child_cell_id": "NHPA1K_V1_R-0000836_C-0000700", "parent_cell_id": "NHPA5K_V1_R-000168_C-000140", "claim_status": "GEOMETRY_QA_ONLY_NOT_A_DEER_PRODUCT" }, "geometry": { "type": "Polygon", "coordinates": [ [ [ -103.829845078022643, 32.622648703480408 ], [ -103.81871027788111, 32.623357684273643 ], [ -103.819630847401086, 32.631928090340168 ], [ -103.830766946606403, 32.63121904294271 ], [ -103.829845078022643, 32.622648703480408 ] ] ] } },
{ "type": "Feature", "properties": { "child_cell_id": "NHPA1K_V1_R-0000836_C-0000699", "parent_cell_id": "NHPA5K_V1_R-000168_C-000140", "claim_status": "GEOMETRY_QA_ONLY_NOT_A_DEER_PRODUCT" }, "geometry": { "type": "Polygon", "coordinates": [ [ [ -103.81871027788111, 32.623357684273643 ], [ -103.807575261507694, 32.624065657010121 ], [ -103.80849453188786, 32.632636129588484 ], [ -103.819630847401086, 32.631928090340168 ], [ -103.81871027788111, 32.623357684273643 ] ] ] } },
{ "type": "Feature", "properties": { "child_cell_id": "NHPA1K_V1_R-0000836_C-0000698", "parent_cell_id": "NHPA5K_V1_R-000168_C-000140", "claim_status": "GEOMETRY_QA_ONLY_NOT_A_DEER_PRODUCT" }, "geometry": { "type": "Polygon", "coordinates": [ [ [ -103.807575261507694, 32.624065657010121 ], [ -103.796440029203382, 32.62477262166648 ], [ -103.79735800036778, 32.633343160664424 ], [ -103.80849453188786, 32.632636129588484 ], [ -103.807575261507694, 32.624065657010121 ] ] ] } },
{ "type": "Feature", "properties": { "child_cell_id": "NHPA1K_V1_R-0000836_C-0000697", "parent_cell_id": "NHPA5K_V1_R-000168_C-000140", "claim_status": "GEOMETRY_QA_ONLY_NOT_A_DEER_PRODUCT" }, "geometry": { "type": "Polygon", "coordinates": [ [ [ -103.796440029203382, 32.62477262166648 ], [ -103.785304581269173, 32.6254785782195 ], [ -103.786221253141974, 32.634049183544569 ], [ -103.79735800036778, 32.633343160664424 ], [ -103.796440029203382, 32.62477262166648 ] ] ] } },
{ "type": "Feature", "properties": { "child_cell_id": "NHPA1K_V1_R-0000836_C-0000696", "parent_cell_id": "NHPA5K_V1_R-000168_C-000140", "claim_status": "GEOMETRY_QA_ONLY_NOT_A_DEER_PRODUCT" }, "geometry": { "type": "Polygon", "coordinates": [ [ [ -103.785304581269173, 32.6254785782195 ], [ -103.774168918006083, 32.626183526645804 ], [ -103.775084290511572, 32.63475419820562 ], [ -103.786221253141974, 32.634049183544569 ], [ -103.785304581269173, 32.6254785782195 ] ] ] } },
{ "type": "Feature", "properties": { "child_cell_id": "NHPA1K_V1_R-0001640_C-0000140", "parent_cell_id": "NHPA5K_V1_R-000328_C-000028", "claim_status": "GEOMETRY_QA_ONLY_NOT_A_DEER_PRODUCT" }, "geometry": { "type": "Polygon", "coordinates": [ [ [ -97.433153198882792, 25.876312367509232 ], [ -97.422917933324825, 25.876444899947295 ], [ -97.423071591854352, 25.885242119508469 ], [ -97.433307962365859, 25.885109577411836 ], [ -97.433153198882792, 25.876312367509232 ] ] ] } },
{ "type": "Feature", "properties": { "child_cell_id": "NHPA1K_V1_R-0001640_C-0000139", "parent_cell_id": "NHPA5K_V1_R-000328_C-000028", "claim_status": "GEOMETRY_QA_ONLY_NOT_A_DEER_PRODUCT" }, "geometry": { "type": "Polygon", "coordinates": [ [ [ -97.422917933324825, 25.876444899947295 ], [ -97.412682634589871, 25.876576482475897 ], [ -97.412835188155114, 25.88537371162656 ], [ -97.423071591854352, 25.885242119508469 ], [ -97.422917933324825, 25.876444899947295 ] ] ] } },
{ "type": "Feature", "properties": { "child_cell_id": "NHPA1K_V1_R-0001640_C-0000138", "parent_cell_id": "NHPA5K_V1_R-000328_C-000028", "claim_status": "GEOMETRY_QA_ONLY_NOT_A_DEER_PRODUCT" }, "geometry": { "type": "Polygon", "coordinates": [ [ [ -97.412682634589871, 25.876576482475897 ], [ -97.402447302916372, 25.876707115092021 ], [ -97.402598751506673, 25.885504353762972 ], [ -97.412835188155114, 25.88537371162656 ], [ -97.412682634589871, 25.876576482475897 ] ] ] } },
{ "type": "Feature", "properties": { "child_cell_id": "NHPA1K_V1_R-0001640_C-0000137", "parent_cell_id": "NHPA5K_V1_R-000328_C-000028", "claim_status": "GEOMETRY_QA_ONLY_NOT_A_DEER_PRODUCT" }, "geometry": { "type": "Polygon", "coordinates": [ [ [ -97.402447302916372, 25.876707115092021 ], [ -97.392211938542829, 25.876836797792556 ], [ -97.392362282147587, 25.885634045914649 ], [ -97.402598751506673, 25.885504353762972 ], [ -97.402447302916372, 25.876707115092021 ] ] ] } },
{ "type": "Feature", "properties": { "child_cell_id": "NHPA1K_V1_R-0001640_C-0000136", "parent_cell_id": "NHPA5K_V1_R-000328_C-000028", "claim_status": "GEOMETRY_QA_ONLY_NOT_A_DEER_PRODUCT" }, "geometry": { "type": "Polygon", "coordinates": [ [ [ -97.392211938542829, 25.876836797792556 ], [ -97.381976541707729, 25.876965530574438 ], [ -97.382125780316414, 25.885762788078509 ], [ -97.392362282147587, 25.885634045914649 ], [ -97.392211938542829, 25.876836797792556 ] ] ] } },
{ "type": "Feature", "properties": { "child_cell_id": "NHPA1K_V1_R-0001639_C-0000140", "parent_cell_id": "NHPA5K_V1_R-000328_C-000028", "claim_status": "GEOMETRY_QA_ONLY_NOT_A_DEER_PRODUCT" }, "geometry": { "type": "Polygon", "coordinates": [ [ [ -97.433307962365859, 25.885109577411836 ], [ -97.423071591854352, 25.885242119508469 ], [ -97.423225283571625, 25.894039030148626 ], [ -97.433462759275187, 25.893906478389201 ], [ -97.433307962365859, 25.885109577411836 ] ] ] } },
{ "type": "Feature", "properties": { "child_cell_id": "NHPA1K_V1_R-0001639_C-0000139", "parent_cell_id": "NHPA5K_V1_R-000328_C-000028", "claim_status": "GEOMETRY_QA_ONLY_NOT_A_DEER_PRODUCT" }, "geometry": { "type": "Polygon", "coordinates": [ [ [ -97.423071591854352, 25.885242119508469 ], [ -97.412835188155114, 25.88537371162656 ], [ -97.412987774669546, 25.89417063186038 ], [ -97.423225283571625, 25.894039030148626 ], [ -97.423071591854352, 25.885242119508469 ] ] ] } },
{ "type": "Feature", "properties": { "child_cell_id": "NHPA1K_V1_R-0001639_C-0000138", "parent_cell_id": "NHPA5K_V1_R-000328_C-000028", "claim_status": "GEOMETRY_QA_ONLY_NOT_A_DEER_PRODUCT" }, "geometry": { "type": "Polygon", "coordinates": [ [ [ -97.412835188155114, 25.88537371162656 ], [ -97.402598751506673, 25.885504353762972 ], [ -97.40275023280762, 25.894301283521234 ], [ -97.412987774669546, 25.89417063186038 ], [ -97.412835188155114, 25.88537371162656 ] ] ] } },
{ "type": "Feature", "properties": { "child_cell_id": "NHPA1K_V1_R-0001639_C-0000137", "parent_cell_id": "NHPA5K_V1_R-000328_C-000028", "claim_status": "GEOMETRY_QA_ONLY_NOT_A_DEER_PRODUCT" }, "geometry": { "type": "Polygon", "coordinates": [ [ [ -97.402598751506673, 25.885504353762972 ], [ -97.392362282147587, 25.885634045914649 ], [ -97.392512658224419, 25.894430985128107 ], [ -97.40275023280762, 25.894301283521234 ], [ -97.402598751506673, 25.885504353762972 ] ] ] } },
{ "type": "Feature", "properties": { "child_cell_id": "NHPA1K_V1_R-0001639_C-0000136", "parent_cell_id": "NHPA5K_V1_R-000328_C-000028", "claim_status": "GEOMETRY_QA_ONLY_NOT_A_DEER_PRODUCT" }, "geometry": { "type": "Polygon", "coordinates": [ [ [ -97.392362282147587, 25.885634045914649 ], [ -97.382125780316414, 25.885762788078509 ], [ -97.382275051158629, 25.894559736677998 ], [ -97.392512658224419, 25.894430985128107 ], [ -97.392362282147587, 25.885634045914649 ] ] ] } },
{ "type": "Feature", "properties": { "child_cell_id": "NHPA1K_V1_R-0001638_C-0000140", "parent_cell_id": "NHPA5K_V1_R-000328_C-000028", "claim_status": "GEOMETRY_QA_ONLY_NOT_A_DEER_PRODUCT" }, "geometry": { "type": "Polygon", "coordinates": [ [ [ -97.433462759275187, 25.893906478389201 ], [ -97.423225283571625, 25.894039030148626 ], [ -97.423379008487387, 25.902835632006301 ], [ -97.433617589621662, 25.902703070579864 ], [ -97.433462759275187, 25.893906478389201 ] ] ] } },
{ "type": "Feature", "properties": { "child_cell_id": "NHPA1K_V1_R-0001638_C-0000139", "parent_cell_id": "NHPA5K_V1_R-000328_C-000028", "claim_status": "GEOMETRY_QA_ONLY_NOT_A_DEER_PRODUCT" }, "geometry": { "type": "Polygon", "coordinates": [ [ [ -97.423225283571625, 25.894039030148626 ], [ -97.412987774669546, 25.89417063186038 ], [ -97.413140394143866, 25.902967243315768 ], [ -97.423379008487387, 25.902835632006301 ], [ -97.423225283571625, 25.894039030148626 ] ] ] } },
{ "type": "Feature", "properties": { "child_cell_id": "NHPA1K_V1_R-0001638_C-0000138", "parent_cell_id": "NHPA5K_V1_R-000328_C-000028", "claim_status": "GEOMETRY_QA_ONLY_NOT_A_DEER_PRODUCT" }, "geometry": { "type": "Polygon", "coordinates": [ [ [ -97.412987774669546, 25.89417063186038 ], [ -97.40275023280762, 25.894301283521234 ], [ -97.402901746829784, 25.903097904505195 ], [ -97.413140394143866, 25.902967243315768 ], [ -97.412987774669546, 25.89417063186038 ] ] ] } },
{ "type": "Feature", "properties": { "child_cell_id": "NHPA1K_V1_R-0001638_C-0000137", "parent_cell_id": "NHPA5K_V1_R-000328_C-000028", "claim_status": "GEOMETRY_QA_ONLY_NOT_A_DEER_PRODUCT" }, "geometry": { "type": "Polygon", "coordinates": [ [ [ -97.40275023280762, 25.894301283521234 ], [ -97.392512658224419, 25.894430985128107 ], [ -97.392663066783868, 25.903227615571421 ], [ -97.402901746829784, 25.903097904505195 ], [ -97.40275023280762, 25.894301283521234 ] ] ] } },
{ "type": "Feature", "properties": { "child_cell_id": "NHPA1K_V1_R-0001638_C-0000136", "parent_cell_id": "NHPA5K_V1_R-000328_C-000028", "claim_status": "GEOMETRY_QA_ONLY_NOT_A_DEER_PRODUCT" }, "geometry": { "type": "Polygon", "coordinates": [ [ [ -97.392512658224419, 25.894430985128107 ], [ -97.382275051158629, 25.894559736677998 ], [ -97.382424354244819, 25.903356376511386 ], [ -97.392663066783868, 25.903227615571421 ], [ -97.392512658224419, 25.894430985128107 ] ] ] } },
{ "type": "Feature", "properties": { "child_cell_id": "NHPA1K_V1_R-0001637_C-0000140", "parent_cell_id": "NHPA5K_V1_R-000328_C-000028", "claim_status": "GEOMETRY_QA_ONLY_NOT_A_DEER_PRODUCT" }, "geometry": { "type": "Polygon", "coordinates": [ [ [ -97.433617589621662, 25.902703070579864 ], [ -97.423379008487387, 25.902835632006301 ], [ -97.423532766612425, 25.911631925219897 ], [ -97.433772453416069, 25.911499354122302 ], [ -97.433617589621662, 25.902703070579864 ] ] ] } },
{ "type": "Feature", "properties": { "child_cell_id": "NHPA1K_V1_R-0001637_C-0000139", "parent_cell_id": "NHPA5K_V1_R-000328_C-000028", "claim_status": "GEOMETRY_QA_ONLY_NOT_A_DEER_PRODUCT" }, "geometry": { "type": "Polygon", "coordinates": [ [ [ -97.423379008487387, 25.902835632006301 ], [ -97.413140394143866, 25.902967243315768 ], [ -97.413293046588748, 25.91176354613129 ], [ -97.423532766612425, 25.911631925219897 ], [ -97.423379008487387, 25.902835632006301 ] ] ] } },
{ "type": "Feature", "properties": { "child_cell_id": "NHPA1K_V1_R-0001637_C-0000138", "parent_cell_id": "NHPA5K_V1_R-000328_C-000028", "claim_status": "GEOMETRY_QA_ONLY_NOT_A_DEER_PRODUCT" }, "geometry": { "type": "Polygon", "coordinates": [ [ [ -97.413140394143866, 25.902967243315768 ], [ -97.402901746829784, 25.903097904505195 ], [ -97.403053293583824, 25.911894216853291 ], [ -97.413293046588748, 25.91176354613129 ], [ -97.413140394143866, 25.902967243315768 ] ] ] } },
{ "type": "Feature", "properties": { "child_cell_id": "NHPA1K_V1_R-0001637_C-0000137", "parent_cell_id": "NHPA5K_V1_R-000328_C-000028", "claim_status": "GEOMETRY_QA_ONLY_NOT_A_DEER_PRODUCT" }, "geometry": { "type": "Polygon", "coordinates": [ [ [ -97.402901746829784, 25.903097904505195 ], [ -97.392663066783868, 25.903227615571421 ], [ -97.392813507836451, 25.912023937382934 ], [ -97.403053293583824, 25.911894216853291 ], [ -97.402901746829784, 25.903097904505195 ] ] ] } },
{ "type": "Feature", "properties": { "child_cell_id": "NHPA1K_V1_R-0001637_C-0000136", "parent_cell_id": "NHPA5K_V1_R-000328_C-000028", "claim_status": "GEOMETRY_QA_ONLY_NOT_A_DEER_PRODUCT" }, "geometry": { "type": "Polygon", "coordinates": [ [ [ -97.392663066783868, 25.903227615571421 ], [ -97.382424354244819, 25.903356376511386 ], [ -97.382573689585413, 25.912152707717059 ], [ -97.392813507836451, 25.912023937382934 ], [ -97.392663066783868, 25.903227615571421 ] ] ] } },
{ "type": "Feature", "properties": { "child_cell_id": "NHPA1K_V1_R-0001636_C-0000140", "parent_cell_id": "NHPA5K_V1_R-000328_C-000028", "claim_status": "GEOMETRY_QA_ONLY_NOT_A_DEER_PRODUCT" }, "geometry": { "type": "Polygon", "coordinates": [ [ [ -97.433772453416069, 25.911499354122302 ], [ -97.423532766612425, 25.911631925219897 ], [ -97.423686557957453, 25.920427909927799 ], [ -97.433927350669279, 25.920295329154893 ], [ -97.433772453416069, 25.911499354122302 ] ] ] } },
{ "type": "Feature", "properties": { "child_cell_id": "NHPA1K_V1_R-0001636_C-0000139", "parent_cell_id": "NHPA5K_V1_R-000328_C-000028", "claim_status": "GEOMETRY_QA_ONLY_NOT_A_DEER_PRODUCT" }, "geometry": { "type": "Polygon", "coordinates": [ [ [ -97.423532766612425, 25.911631925219897 ], [ -97.413293046588748, 25.91176354613129 ], [ -97.41344573201485, 25.920559540445268 ], [ -97.423686557957453, 25.920427909927799 ], [ -97.423532766612425, 25.911631925219897 ] ] ] } },
{ "type": "Feature", "properties": { "child_cell_id": "NHPA1K_V1_R-0001636_C-0000138", "parent_cell_id": "NHPA5K_V1_R-000328_C-000028", "claim_status": "GEOMETRY_QA_ONLY_NOT_A_DEER_PRODUCT" }, "geometry": { "type": "Polygon", "coordinates": [ [ [ -97.413293046588748, 25.91176354613129 ], [ -97.403053293583824, 25.911894216853291 ], [ -97.403204873080313, 25.920690220704106 ], [ -97.41344573201485, 25.920559540445268 ], [ -97.413293046588748, 25.91176354613129 ] ] ] } },
{ "type": "Feature", "properties": { "child_cell_id": "NHPA1K_V1_R-0001636_C-0000137", "parent_cell_id": "NHPA5K_V1_R-000328_C-000028", "claim_status": "GEOMETRY_QA_ONLY_NOT_A_DEER_PRODUCT" }, "geometry": { "type": "Polygon", "coordinates": [ [ [ -97.403053293583824, 25.911894216853291 ], [ -97.392813507836451, 25.912023937382934 ], [ -97.392963981392697, 25.920819950701208 ], [ -97.403204873080313, 25.920690220704106 ], [ -97.403053293583824, 25.911894216853291 ] ] ] } },
{ "type": "Feature", "properties": { "child_cell_id": "NHPA1K_V1_R-0001636_C-0000136", "parent_cell_id": "NHPA5K_V1_R-000328_C-000028", "claim_status": "GEOMETRY_QA_ONLY_NOT_A_DEER_PRODUCT" }, "geometry": { "type": "Polygon", "coordinates": [ [ [ -97.392813507836451, 25.912023937382934 ], [ -97.382573689585413, 25.912152707717059 ], [ -97.382723057190901, 25.920948730433519 ], [ -97.392963981392697, 25.920819950701208 ], [ -97.392813507836451, 25.912023937382934 ] ] ] } }
]
}
